vessel_id,vessel_name,vessel_type,vessel_age_years,vessel_capacity_teu,date,year,month,charter_rate_usd_day,charter_type,charterer_name,operating_days,off_hire_days,utilization_rate_pct,gross_revenue_usd,opex_usd,voyage_costs_usd,ebitda_usd,tce_usd_day,opex_per_day_usd,profit_margin_pct
V001,Aegean Pioneer,Feeder,6,1200,2007-01-01,2007,1,13236,Spot,Wan Hai Lines,27.8,2.2,92.61,367961.0,124680.0,5498.0,237783.0,12082.1,4156,64.62
V001,Aegean Pioneer,Feeder,6,1200,2007-02-01,2007,2,13346,Time Charter,MSC,27.8,2.2,92.64,371019.0,130920.0,0.0,240099.0,12367.3,4364,64.71
V001,Aegean Pioneer,Feeder,6,1200,2007-03-01,2007,3,13847,Time Charter,Maersk Line,28.2,1.8,93.87,390485.0,125850.0,0.0,264635.0,13016.17,4195,67.77
V001,Aegean Pioneer,Feeder,6,1200,2007-04-01,2007,4,14410,Time Charter,Zim Integrated Shipping,27.8,2.2,92.77,400598.0,122100.0,0.0,278498.0,13353.27,4070,69.52
V001,Aegean Pioneer,Feeder,6,1200,2007-05-01,2007,5,14151,Time Charter,Evergreen Marine,28.3,1.7,94.2,400473.0,127320.0,0.0,273153.0,13349.1,4244,68.21
V001,Aegean Pioneer,Feeder,6,1200,2007-06-01,2007,6,14308,Spot,COSCO Shipping,27.6,2.4,91.87,394901.0,127530.0,7803.0,259568.0,12903.27,4251,65.73
V001,Aegean Pioneer,Feeder,6,1200,2007-07-01,2007,7,15199,Spot,COSCO Shipping,27.8,2.2,92.77,422532.0,133230.0,6928.0,282374.0,13853.47,4441,66.83
V001,Aegean Pioneer,Feeder,6,1200,2007-08-01,2007,8,15239,Time Charter,CMA CGM,28.2,1.8,94.16,429740.0,133560.0,0.0,296180.0,14324.67,4452,68.92
V001,Aegean Pioneer,Feeder,6,1200,2007-09-01,2007,9,15167,Time Charter,Zim Integrated Shipping,28.1,1.9,93.77,426193.0,130500.0,0.0,295693.0,14206.43,4350,69.38
V001,Aegean Pioneer,Feeder,6,1200,2007-10-01,2007,10,15660,Spot,MSC,28.3,1.7,94.21,443178.0,127110.0,6395.0,309673.0,14559.43,4237,69.88
V001,Aegean Pioneer,Feeder,6,1200,2007-11-01,2007,11,15745,Time Charter,Wan Hai Lines,27.8,2.2,92.71,437711.0,127710.0,0.0,310001.0,14590.37,4257,70.82
V001,Aegean Pioneer,Feeder,6,1200,2007-12-01,2007,12,15977,Time Charter,Zim Integrated Shipping,28.2,1.8,93.87,450551.0,128160.0,0.0,322391.0,15018.37,4272,71.55
V001,Aegean Pioneer,Feeder,7,1200,2008-01-01,2008,1,16000,Time Charter,Pacific International Lines,27.8,2.2,92.79,444800.0,129630.0,0.0,315170.0,14826.67,4321,70.86
V001,Aegean Pioneer,Feeder,7,1200,2008-02-01,2008,2,15598,Time Charter,HMM,27.6,2.4,91.94,430505.0,122940.0,0.0,307565.0,14350.17,4098,71.44
V001,Aegean Pioneer,Feeder,7,1200,2008-03-01,2008,3,16114,Time Charter,MSC,28.5,1.5,94.97,459249.0,124140.0,0.0,335109.0,15308.3,4138,72.97
V001,Aegean Pioneer,Feeder,7,1200,2008-04-01,2008,4,16787,Time Charter,PIL,27.9,2.1,93.07,468357.0,126570.0,0.0,341787.0,15611.9,4219,72.98
V001,Aegean Pioneer,Feeder,7,1200,2008-05-01,2008,5,17106,Time Charter,ONE (Ocean Network Express),28.3,1.7,94.23,484100.0,122940.0,0.0,361160.0,16136.67,4098,74.6
V001,Aegean Pioneer,Feeder,7,1200,2008-06-01,2008,6,18118,Spot,Maersk Line,27.8,2.2,92.7,503680.0,131340.0,4624.0,367716.0,16635.2,4378,73.01
V001,Aegean Pioneer,Feeder,7,1200,2008-07-01,2008,7,17989,Time Charter,Maersk Line,27.3,2.7,90.97,491100.0,128100.0,0.0,363000.0,16370.0,4270,73.92
V001,Aegean Pioneer,Feeder,7,1200,2008-08-01,2008,8,18371,Time Charter,MSC,27.2,2.8,90.71,499691.0,126810.0,0.0,372881.0,16656.37,4227,74.62
V001,Aegean Pioneer,Feeder,7,1200,2008-09-01,2008,9,16492,Time Charter,COSCO Shipping,27.5,2.5,91.82,453530.0,132720.0,0.0,320810.0,15117.67,4424,70.74
V001,Aegean Pioneer,Feeder,7,1200,2008-10-01,2008,10,13227,Time Charter,COSCO Shipping,28.6,1.4,95.22,378292.0,131220.0,0.0,247072.0,12609.73,4374,65.31
V001,Aegean Pioneer,Feeder,7,1200,2008-11-01,2008,11,10616,Spot,HMM,27.9,2.1,92.98,296186.0,130800.0,4624.0,160762.0,9718.73,4360,54.28
V001,Aegean Pioneer,Feeder,7,1200,2008-12-01,2008,12,7460,Time Charter,PIL,26.6,3.4,88.57,198436.0,129390.0,0.0,69046.0,6614.53,4313,34.8
V001,Aegean Pioneer,Feeder,8,1200,2009-01-01,2009,1,2647,Time Charter,Maersk Line,24.3,5.7,81.16,64322.0,132540.0,0.0,-68218.0,2144.07,4418,-106.06
V001,Aegean Pioneer,Feeder,8,1200,2009-02-01,2009,2,3162,Time Charter,HMM,24.5,5.5,81.67,77469.0,131250.0,0.0,-53781.0,2582.3,4375,-69.42
V001,Aegean Pioneer,Feeder,8,1200,2009-03-01,2009,3,2974,Time Charter,COSCO Shipping,24.5,5.5,81.65,72863.0,135750.0,0.0,-62887.0,2428.77,4525,-86.31
V001,Aegean Pioneer,Feeder,8,1200,2009-04-01,2009,4,3771,Time Charter,Zim Integrated Shipping,25.4,4.6,84.67,95783.0,129420.0,0.0,-33637.0,3192.77,4314,-35.12
V001,Aegean Pioneer,Feeder,8,1200,2009-05-01,2009,5,3655,Time Charter,Wan Hai Lines,24.5,5.5,81.78,89548.0,133950.0,0.0,-44402.0,2984.93,4465,-49.58
V001,Aegean Pioneer,Feeder,8,1200,2009-06-01,2009,6,3977,Time Charter,Zim Integrated Shipping,24.0,6.0,80.16,95448.0,138510.0,0.0,-43062.0,3181.6,4617,-45.12
V001,Aegean Pioneer,Feeder,8,1200,2009-07-01,2009,7,4048,Time Charter,HMM,26.1,3.9,87.04,105653.0,142140.0,0.0,-36487.0,3521.77,4738,-34.53
V001,Aegean Pioneer,Feeder,8,1200,2009-08-01,2009,8,5098,Time Charter,ONE (Ocean Network Express),26.5,3.5,88.36,135097.0,136560.0,0.0,-1463.0,4503.23,4552,-1.08
V001,Aegean Pioneer,Feeder,8,1200,2009-09-01,2009,9,4650,Time Charter,COSCO Shipping,26.2,3.8,87.3,121830.0,131610.0,0.0,-9780.0,4061.0,4387,-8.03
V001,Aegean Pioneer,Feeder,8,1200,2009-10-01,2009,10,4497,Spot,Yang Ming,26.1,3.9,87.09,117372.0,131640.0,4232.0,-18500.0,3771.33,4388,-15.76
V001,Aegean Pioneer,Feeder,8,1200,2009-11-01,2009,11,5352,Time Charter,PIL,26.5,3.5,88.4,141828.0,126510.0,0.0,15318.0,4727.6,4217,10.8
V001,Aegean Pioneer,Feeder,8,1200,2009-12-01,2009,12,4821,Time Charter,Evergreen Marine,26.7,3.3,88.83,128721.0,127710.0,0.0,1011.0,4290.7,4257,0.79
V001,Aegean Pioneer,Feeder,9,1200,2010-01-01,2010,1,4997,Time Charter,KMTC,26.6,3.4,88.67,132920.0,135480.0,0.0,-2560.0,4430.67,4516,-1.93
V001,Aegean Pioneer,Feeder,9,1200,2010-02-01,2010,2,4435,Time Charter,Sinokor Merchant Marine,26.1,3.9,86.9,115754.0,138060.0,0.0,-22306.0,3858.47,4602,-19.27
V001,Aegean Pioneer,Feeder,9,1200,2010-03-01,2010,3,4811,Spot,Maersk Line,26.8,3.2,89.31,128935.0,140370.0,7465.0,-18900.0,4049.0,4679,-14.66
V001,Aegean Pioneer,Feeder,9,1200,2010-04-01,2010,4,5479,Spot,KMTC,26.4,3.6,88.09,144646.0,130380.0,6404.0,7862.0,4608.07,4346,5.44
V001,Aegean Pioneer,Feeder,9,1200,2010-05-01,2010,5,5884,Time Charter,KMTC,26.5,3.5,88.23,155926.0,137160.0,0.0,18766.0,5197.53,4572,12.04
V001,Aegean Pioneer,Feeder,9,1200,2010-06-01,2010,6,5811,Time Charter,CMA CGM,26.0,4.0,86.72,151086.0,137880.0,0.0,13206.0,5036.2,4596,8.74
V001,Aegean Pioneer,Feeder,9,1200,2010-07-01,2010,7,5816,Time Charter,Zim Integrated Shipping,26.0,4.0,86.68,151216.0,137610.0,0.0,13606.0,5040.53,4587,9.0
V001,Aegean Pioneer,Feeder,9,1200,2010-08-01,2010,8,5979,Spot,ONE (Ocean Network Express),26.5,3.5,88.3,158444.0,135810.0,6832.0,15802.0,5053.73,4527,9.97
V001,Aegean Pioneer,Feeder,9,1200,2010-09-01,2010,9,5733,Spot,Hapag-Lloyd,26.7,3.3,89.1,153071.0,135300.0,4082.0,13689.0,4966.3,4510,8.94
V001,Aegean Pioneer,Feeder,9,1200,2010-10-01,2010,10,6159,Time Charter,Evergreen Marine,26.2,3.8,87.39,161366.0,137940.0,0.0,23426.0,5378.87,4598,14.52
V001,Aegean Pioneer,Feeder,9,1200,2010-11-01,2010,11,6398,Time Charter,CMA CGM,26.4,3.6,88.03,168907.0,132300.0,0.0,36607.0,5630.23,4410,21.67
V001,Aegean Pioneer,Feeder,9,1200,2010-12-01,2010,12,7041,Spot,COSCO Shipping,27.3,2.7,90.96,192219.0,136440.0,7880.0,47899.0,6144.63,4548,24.92
V001,Aegean Pioneer,Feeder,10,1200,2011-01-01,2011,1,6600,Time Charter,KMTC,26.0,4.0,86.72,171600.0,134130.0,0.0,37470.0,5720.0,4471,21.84
V001,Aegean Pioneer,Feeder,10,1200,2011-02-01,2011,2,5985,Time Charter,Hapag-Lloyd,25.8,4.2,85.84,154413.0,139290.0,0.0,15123.0,5147.1,4643,9.79
V001,Aegean Pioneer,Feeder,10,1200,2011-03-01,2011,3,6690,Time Charter,MSC,26.0,4.0,86.55,173940.0,138540.0,0.0,35400.0,5798.0,4618,20.35
V001,Aegean Pioneer,Feeder,10,1200,2011-04-01,2011,4,6519,Spot,MSC,26.2,3.8,87.17,170798.0,140670.0,7330.0,22798.0,5448.93,4689,13.35
V001,Aegean Pioneer,Feeder,10,1200,2011-05-01,2011,5,6526,Time Charter,ONE (Ocean Network Express),26.2,3.8,87.26,170981.0,137820.0,0.0,33161.0,5699.37,4594,19.39
V001,Aegean Pioneer,Feeder,10,1200,2011-06-01,2011,6,7006,Spot,MSC,25.8,4.2,86.16,180755.0,136320.0,4849.0,39586.0,5863.53,4544,21.9
V001,Aegean Pioneer,Feeder,10,1200,2011-07-01,2011,7,7133,Time Charter,Hapag-Lloyd,25.9,4.1,86.36,184745.0,142620.0,0.0,42125.0,6158.17,4754,22.8
V001,Aegean Pioneer,Feeder,10,1200,2011-08-01,2011,8,7280,Time Charter,Sinokor Merchant Marine,26.7,3.3,89.05,194376.0,137880.0,0.0,56496.0,6479.2,4596,29.07
V001,Aegean Pioneer,Feeder,10,1200,2011-09-01,2011,9,6714,Time Charter,Hapag-Lloyd,26.2,3.8,87.34,175907.0,129300.0,0.0,46607.0,5863.57,4310,26.5
V001,Aegean Pioneer,Feeder,10,1200,2011-10-01,2011,10,6936,Spot,PIL,25.7,4.3,85.65,178255.0,138960.0,4727.0,34568.0,5784.27,4632,19.39
V001,Aegean Pioneer,Feeder,10,1200,2011-11-01,2011,11,7241,Spot,Evergreen Marine,26.2,3.8,87.47,189714.0,135540.0,4734.0,49440.0,6166.0,4518,26.06
V001,Aegean Pioneer,Feeder,10,1200,2011-12-01,2011,12,7440,Spot,KMTC,26.1,3.9,86.95,194184.0,137400.0,5217.0,51567.0,6298.9,4580,26.56
V001,Aegean Pioneer,Feeder,11,1200,2012-01-01,2012,1,6556,Time Charter,Maersk Line,26.2,3.8,87.27,171767.0,150060.0,0.0,21707.0,5725.57,5002,12.64
V001,Aegean Pioneer,Feeder,11,1200,2012-02-01,2012,2,6560,Spot,Zim Integrated Shipping,26.9,3.1,89.69,176464.0,149610.0,6099.0,20755.0,5678.83,4987,11.76
V001,Aegean Pioneer,Feeder,11,1200,2012-03-01,2012,3,6198,Time Charter,Yang Ming,26.4,3.6,88.04,163627.0,152010.0,0.0,11617.0,5454.23,5067,7.1
V001,Aegean Pioneer,Feeder,11,1200,2012-04-01,2012,4,6036,Time Charter,HMM,26.3,3.7,87.73,158747.0,152640.0,0.0,6107.0,5291.57,5088,3.85
V001,Aegean Pioneer,Feeder,11,1200,2012-05-01,2012,5,6564,Time Charter,MSC,25.9,4.1,86.38,170008.0,146820.0,0.0,23188.0,5666.93,4894,13.64
V001,Aegean Pioneer,Feeder,11,1200,2012-06-01,2012,6,6673,Time Charter,Pacific International Lines,26.2,3.8,87.46,174833.0,150510.0,0.0,24323.0,5827.77,5017,13.91
V001,Aegean Pioneer,Feeder,11,1200,2012-07-01,2012,7,6117,Time Charter,ONE (Ocean Network Express),26.8,3.2,89.2,163936.0,148830.0,0.0,15106.0,5464.53,4961,9.21
V001,Aegean Pioneer,Feeder,11,1200,2012-08-01,2012,8,6295,Time Charter,MSC,26.5,3.5,88.34,166818.0,144210.0,0.0,22608.0,5560.6,4807,13.55
V001,Aegean Pioneer,Feeder,11,1200,2012-09-01,2012,9,6033,Spot,HMM,26.2,3.8,87.23,158065.0,154320.0,5728.0,-1983.0,5077.9,5144,-1.25
V001,Aegean Pioneer,Feeder,11,1200,2012-10-01,2012,10,5632,Time Charter,Evergreen Marine,26.7,3.3,88.89,150374.0,152910.0,0.0,-2536.0,5012.47,5097,-1.69
V001,Aegean Pioneer,Feeder,11,1200,2012-11-01,2012,11,5805,Time Charter,Sinokor Merchant Marine,26.0,4.0,86.75,150930.0,142950.0,0.0,7980.0,5031.0,4765,5.29
V001,Aegean Pioneer,Feeder,11,1200,2012-12-01,2012,12,6101,Time Charter,Wan Hai Lines,26.2,3.8,87.42,159846.0,146670.0,0.0,13176.0,5328.2,4889,8.24
V001,Aegean Pioneer,Feeder,12,1200,2013-01-01,2013,1,5490,Spot,PIL,26.7,3.3,89.03,146583.0,156510.0,5165.0,-15092.0,4713.93,5217,-10.3
V001,Aegean Pioneer,Feeder,12,1200,2013-02-01,2013,2,6050,Time Charter,Pacific International Lines,26.8,3.2,89.46,162140.0,150360.0,0.0,11780.0,5404.67,5012,7.27
V001,Aegean Pioneer,Feeder,12,1200,2013-03-01,2013,3,4760,Spot,Sinokor Merchant Marine,26.5,3.5,88.22,126140.0,157860.0,6447.0,-38167.0,3989.77,5262,-30.26
V001,Aegean Pioneer,Feeder,12,1200,2013-04-01,2013,4,5873,Time Charter,Hapag-Lloyd,26.7,3.3,88.98,156809.0,153090.0,0.0,3719.0,5226.97,5103,2.37
V001,Aegean Pioneer,Feeder,12,1200,2013-05-01,2013,5,5704,Time Charter,PIL,26.5,3.5,88.37,151156.0,153510.0,0.0,-2354.0,5038.53,5117,-1.56
V001,Aegean Pioneer,Feeder,12,1200,2013-06-01,2013,6,5549,Spot,COSCO Shipping,27.1,2.9,90.17,150378.0,153720.0,4558.0,-7900.0,4860.67,5124,-5.25
V001,Aegean Pioneer,Feeder,12,1200,2013-07-01,2013,7,5782,Time Charter,Zim Integrated Shipping,26.4,3.6,87.83,152645.0,155970.0,0.0,-3325.0,5088.17,5199,-2.18
V001,Aegean Pioneer,Feeder,12,1200,2013-08-01,2013,8,5146,Time Charter,MSC,26.9,3.1,89.55,138427.0,149910.0,0.0,-11483.0,4614.23,4997,-8.3
V001,Aegean Pioneer,Feeder,12,1200,2013-09-01,2013,9,5778,Time Charter,Maersk Line,26.0,4.0,86.56,150228.0,154920.0,0.0,-4692.0,5007.6,5164,-3.12
V001,Aegean Pioneer,Feeder,12,1200,2013-10-01,2013,10,5959,Time Charter,Wan Hai Lines,25.9,4.1,86.26,154338.0,158940.0,0.0,-4602.0,5144.6,5298,-2.98
V001,Aegean Pioneer,Feeder,12,1200,2013-11-01,2013,11,6365,Spot,COSCO Shipping,27.0,3.0,90.07,171855.0,152010.0,5169.0,14676.0,5556.2,5067,8.54
V001,Aegean Pioneer,Feeder,12,1200,2013-12-01,2013,12,5705,Time Charter,KMTC,27.0,3.0,90.02,154035.0,158940.0,0.0,-4905.0,5134.5,5298,-3.18
V001,Aegean Pioneer,Feeder,13,1200,2014-01-01,2014,1,5395,Time Charter,Evergreen Marine,26.1,3.9,86.94,140810.0,165780.0,0.0,-24970.0,4693.67,5526,-17.73
V001,Aegean Pioneer,Feeder,13,1200,2014-02-01,2014,2,5460,Time Charter,MSC,27.0,3.0,89.83,147420.0,158400.0,0.0,-10980.0,4914.0,5280,-7.45
V001,Aegean Pioneer,Feeder,13,1200,2014-03-01,2014,3,5871,Time Charter,Sinokor Merchant Marine,26.6,3.4,88.53,156169.0,163260.0,0.0,-7091.0,5205.63,5442,-4.54
V001,Aegean Pioneer,Feeder,13,1200,2014-04-01,2014,4,5622,Time Charter,COSCO Shipping,26.6,3.4,88.74,149545.0,158550.0,0.0,-9005.0,4984.83,5285,-6.02
V001,Aegean Pioneer,Feeder,13,1200,2014-05-01,2014,5,5243,Time Charter,Sinokor Merchant Marine,26.0,4.0,86.74,136318.0,160290.0,0.0,-23972.0,4543.93,5343,-17.59
V001,Aegean Pioneer,Feeder,13,1200,2014-06-01,2014,6,5544,Time Charter,MSC,26.3,3.7,87.83,145807.0,155850.0,0.0,-10043.0,4860.23,5195,-6.89
V001,Aegean Pioneer,Feeder,13,1200,2014-07-01,2014,7,5361,Spot,ONE (Ocean Network Express),26.2,3.8,87.33,140458.0,163200.0,5465.0,-28207.0,4499.77,5440,-20.08
V001,Aegean Pioneer,Feeder,13,1200,2014-08-01,2014,8,5574,Time Charter,Evergreen Marine,25.8,4.2,86.1,143809.0,153690.0,0.0,-9881.0,4793.63,5123,-6.87
V001,Aegean Pioneer,Feeder,13,1200,2014-09-01,2014,9,4961,Time Charter,Yang Ming,26.4,3.6,87.99,130970.0,154320.0,0.0,-23350.0,4365.67,5144,-17.83
V001,Aegean Pioneer,Feeder,13,1200,2014-10-01,2014,10,5043,Spot,Wan Hai Lines,26.1,3.9,87.16,131622.0,160260.0,5824.0,-34462.0,4193.27,5342,-26.18
V001,Aegean Pioneer,Feeder,13,1200,2014-11-01,2014,11,4907,Time Charter,Sinokor Merchant Marine,26.3,3.7,87.57,129054.0,150150.0,0.0,-21096.0,4301.8,5005,-16.35
V001,Aegean Pioneer,Feeder,13,1200,2014-12-01,2014,12,4551,Time Charter,Hapag-Lloyd,26.4,3.6,88.03,120146.0,163950.0,0.0,-43804.0,4004.87,5465,-36.46
V001,Aegean Pioneer,Feeder,14,1200,2015-01-01,2015,1,4918,Time Charter,CMA CGM,26.1,3.9,87.08,128360.0,173520.0,0.0,-45160.0,4278.67,5784,-35.18
V001,Aegean Pioneer,Feeder,14,1200,2015-02-01,2015,2,4811,Time Charter,Hapag-Lloyd,25.9,4.1,86.19,124605.0,168030.0,0.0,-43425.0,4153.5,5601,-34.85
V001,Aegean Pioneer,Feeder,14,1200,2015-03-01,2015,3,4650,Time Charter,Hapag-Lloyd,26.2,3.8,87.17,121830.0,167850.0,0.0,-46020.0,4061.0,5595,-37.77
V001,Aegean Pioneer,Feeder,14,1200,2015-04-01,2015,4,4449,Spot,COSCO Shipping,25.5,4.5,85.08,113450.0,164610.0,7141.0,-58301.0,3543.63,5487,-51.39
V001,Aegean Pioneer,Feeder,14,1200,2015-05-01,2015,5,3994,Time Charter,Wan Hai Lines,25.6,4.4,85.32,102246.0,170820.0,0.0,-68574.0,3408.2,5694,-67.07
V001,Aegean Pioneer,Feeder,14,1200,2015-06-01,2015,6,4169,Spot,Evergreen Marine,25.7,4.3,85.6,107143.0,171000.0,4799.0,-68656.0,3411.47,5700,-64.08
V001,Aegean Pioneer,Feeder,14,1200,2015-07-01,2015,7,4086,Spot,Zim Integrated Shipping,25.9,4.1,86.32,105827.0,173280.0,6057.0,-73510.0,3325.67,5776,-69.46
V001,Aegean Pioneer,Feeder,14,1200,2015-08-01,2015,8,3900,Time Charter,Pacific International Lines,26.1,3.9,86.85,101790.0,178950.0,0.0,-77160.0,3393.0,5965,-75.8
V001,Aegean Pioneer,Feeder,14,1200,2015-09-01,2015,9,3966,Time Charter,Wan Hai Lines,25.8,4.2,85.91,102323.0,169200.0,0.0,-66877.0,3410.77,5640,-65.36
V001,Aegean Pioneer,Feeder,14,1200,2015-10-01,2015,10,4046,Time Charter,Wan Hai Lines,26.8,3.2,89.32,108433.0,176460.0,0.0,-68027.0,3614.43,5882,-62.74
V001,Aegean Pioneer,Feeder,14,1200,2015-11-01,2015,11,4411,Time Charter,MSC,26.1,3.9,86.98,115127.0,166110.0,0.0,-50983.0,3837.57,5537,-44.28
V001,Aegean Pioneer,Feeder,14,1200,2015-12-01,2015,12,3773,Time Charter,PIL,25.9,4.1,86.35,97721.0,171150.0,0.0,-73429.0,3257.37,5705,-75.14
V001,Aegean Pioneer,Feeder,15,1200,2016-01-01,2016,1,3530,Spot,Wan Hai Lines,24.4,5.6,81.19,86132.0,183180.0,6370.0,-103418.0,2658.73,6106,-120.07
V001,Aegean Pioneer,Feeder,15,1200,2016-02-01,2016,2,3498,Time Charter,CMA CGM,24.4,5.6,81.18,85351.0,178950.0,0.0,-93599.0,2845.03,5965,-109.66
V001,Aegean Pioneer,Feeder,15,1200,2016-03-01,2016,3,3032,Time Charter,HMM,24.2,5.8,80.58,73374.0,176730.0,0.0,-103356.0,2445.8,5891,-140.86
V001,Aegean Pioneer,Feeder,15,1200,2016-04-01,2016,4,3678,Spot,Zim Integrated Shipping,26.5,3.5,88.37,97467.0,178950.0,4186.0,-85669.0,3109.37,5965,-87.9
V001,Aegean Pioneer,Feeder,15,1200,2016-05-01,2016,5,3772,Time Charter,COSCO Shipping,26.4,3.6,87.9,99581.0,171600.0,0.0,-72019.0,3319.37,5720,-72.32
V001,Aegean Pioneer,Feeder,15,1200,2016-06-01,2016,6,4591,Time Charter,CMA CGM,26.3,3.7,87.72,120743.0,179070.0,0.0,-58327.0,4024.77,5969,-48.31
V001,Aegean Pioneer,Feeder,15,1200,2016-07-01,2016,7,3838,Spot,Yang Ming,25.8,4.2,86.03,99020.0,173820.0,6430.0,-81230.0,3086.33,5794,-82.03
V001,Aegean Pioneer,Feeder,15,1200,2016-08-01,2016,8,4055,Spot,ONE (Ocean Network Express),25.8,4.2,86.14,104619.0,178860.0,4682.0,-78923.0,3331.23,5962,-75.44
V001,Aegean Pioneer,Feeder,15,1200,2016-09-01,2016,9,4006,Time Charter,Evergreen Marine,26.8,3.2,89.28,107361.0,178620.0,0.0,-71259.0,3578.7,5954,-66.37
V001,Aegean Pioneer,Feeder,15,1200,2016-10-01,2016,10,3761,Time Charter,Pacific International Lines,26.2,3.8,87.43,98538.0,177930.0,0.0,-79392.0,3284.6,5931,-80.57
V001,Aegean Pioneer,Feeder,15,1200,2016-11-01,2016,11,4510,Time Charter,Wan Hai Lines,26.0,4.0,86.58,117260.0,178650.0,0.0,-61390.0,3908.67,5955,-52.35
V001,Aegean Pioneer,Feeder,15,1200,2016-12-01,2016,12,4483,Spot,Zim Integrated Shipping,26.7,3.3,88.95,119696.0,176010.0,4260.0,-60574.0,3847.87,5867,-50.61
V001,Aegean Pioneer,Feeder,16,1200,2017-01-01,2017,1,4459,Spot,HMM,26.0,4.0,86.81,115934.0,184140.0,7796.0,-76002.0,3604.6,6138,-65.56
V001,Aegean Pioneer,Feeder,16,1200,2017-02-01,2017,2,4155,Spot,COSCO Shipping,25.8,4.2,86.04,107199.0,186810.0,7863.0,-87474.0,3311.2,6227,-81.6
V001,Aegean Pioneer,Feeder,16,1200,2017-03-01,2017,3,4943,Time Charter,Wan Hai Lines,26.4,3.6,87.96,130495.0,183180.0,0.0,-52685.0,4349.83,6106,-40.37
V001,Aegean Pioneer,Feeder,16,1200,2017-04-01,2017,4,4347,Time Charter,Hapag-Lloyd,25.7,4.3,85.72,111718.0,182310.0,0.0,-70592.0,3723.93,6077,-63.19
V001,Aegean Pioneer,Feeder,16,1200,2017-05-01,2017,5,5145,Time Charter,Sinokor Merchant Marine,26.4,3.6,87.86,135828.0,184260.0,0.0,-48432.0,4527.6,6142,-35.66
V001,Aegean Pioneer,Feeder,16,1200,2017-06-01,2017,6,5759,Time Charter,KMTC,25.9,4.1,86.45,149158.0,190110.0,0.0,-40952.0,4971.93,6337,-27.46
V001,Aegean Pioneer,Feeder,16,1200,2017-07-01,2017,7,4963,Time Charter,KMTC,25.8,4.2,85.84,128045.0,189960.0,0.0,-61915.0,4268.17,6332,-48.35
V001,Aegean Pioneer,Feeder,16,1200,2017-08-01,2017,8,5289,Time Charter,Maersk Line,25.7,4.3,85.79,135927.0,187470.0,0.0,-51543.0,4530.9,6249,-37.92
V001,Aegean Pioneer,Feeder,16,1200,2017-09-01,2017,9,5670,Time Charter,COSCO Shipping,25.6,4.4,85.2,145152.0,192810.0,0.0,-47658.0,4838.4,6427,-32.83
V001,Aegean Pioneer,Feeder,16,1200,2017-10-01,2017,10,5693,Time Charter,Sinokor Merchant Marine,26.2,3.8,87.27,149157.0,180510.0,0.0,-31353.0,4971.9,6017,-21.02
V001,Aegean Pioneer,Feeder,16,1200,2017-11-01,2017,11,5546,Time Charter,Maersk Line,26.2,3.8,87.21,145305.0,184560.0,0.0,-39255.0,4843.5,6152,-27.02
V001,Aegean Pioneer,Feeder,16,1200,2017-12-01,2017,12,6154,Time Charter,KMTC,26.0,4.0,86.57,160004.0,176880.0,0.0,-16876.0,5333.47,5896,-10.55
V001,Aegean Pioneer,Feeder,17,1200,2018-01-01,2018,1,5720,Time Charter,Hapag-Lloyd,25.9,4.1,86.4,148148.0,193920.0,0.0,-45772.0,4938.27,6464,-30.9
V001,Aegean Pioneer,Feeder,17,1200,2018-02-01,2018,2,6270,Spot,ONE (Ocean Network Express),25.9,4.1,86.24,162393.0,197100.0,7234.0,-41941.0,5171.97,6570,-25.83
V001,Aegean Pioneer,Feeder,17,1200,2018-03-01,2018,3,5942,Spot,Evergreen Marine,25.6,4.4,85.36,152115.0,198360.0,5218.0,-51463.0,4896.57,6612,-33.83
V001,Aegean Pioneer,Feeder,17,1200,2018-04-01,2018,4,6795,Time Charter,MSC,25.5,4.5,84.91,173272.0,191820.0,0.0,-18548.0,5775.73,6394,-10.7
V001,Aegean Pioneer,Feeder,17,1200,2018-05-01,2018,5,6189,Time Charter,COSCO Shipping,26.1,3.9,86.96,161533.0,193110.0,0.0,-31577.0,5384.43,6437,-19.55
V001,Aegean Pioneer,Feeder,17,1200,2018-06-01,2018,6,6453,Time Charter,Pacific International Lines,26.0,4.0,86.51,167778.0,190980.0,0.0,-23202.0,5592.6,6366,-13.83
V001,Aegean Pioneer,Feeder,17,1200,2018-07-01,2018,7,6840,Time Charter,PIL,25.8,4.2,86.08,176472.0,193620.0,0.0,-17148.0,5882.4,6454,-9.72
V001,Aegean Pioneer,Feeder,17,1200,2018-08-01,2018,8,6351,Spot,Pacific International Lines,25.9,4.1,86.32,164491.0,198660.0,4391.0,-38560.0,5336.67,6622,-23.44
V001,Aegean Pioneer,Feeder,17,1200,2018-09-01,2018,9,6872,Time Charter,Zim Integrated Shipping,24.8,5.2,82.76,170426.0,198030.0,0.0,-27604.0,5680.87,6601,-16.2
V001,Aegean Pioneer,Feeder,17,1200,2018-10-01,2018,10,7323,Time Charter,Hapag-Lloyd,27.6,2.4,92.06,202115.0,192930.0,0.0,9185.0,6737.17,6431,4.54
V001,Aegean Pioneer,Feeder,17,1200,2018-11-01,2018,11,6563,Time Charter,COSCO Shipping,26.4,3.6,87.97,173263.0,199230.0,0.0,-25967.0,5775.43,6641,-14.99
V001,Aegean Pioneer,Feeder,17,1200,2018-12-01,2018,12,7104,Spot,Wan Hai Lines,27.2,2.8,90.69,193229.0,194370.0,6737.0,-7878.0,6216.4,6479,-4.08
V001,Aegean Pioneer,Feeder,18,1200,2019-01-01,2019,1,6785,Spot,Yang Ming,25.7,4.3,85.65,174374.0,205440.0,5761.0,-36827.0,5620.43,6848,-21.12
V001,Aegean Pioneer,Feeder,18,1200,2019-02-01,2019,2,6882,Time Charter,ONE (Ocean Network Express),27.0,3.0,90.07,185814.0,202650.0,0.0,-16836.0,6193.8,6755,-9.06
V001,Aegean Pioneer,Feeder,18,1200,2019-03-01,2019,3,6230,Time Charter,Pacific International Lines,25.2,4.8,83.91,156996.0,200730.0,0.0,-43734.0,5233.2,6691,-27.86
V001,Aegean Pioneer,Feeder,18,1200,2019-04-01,2019,4,6138,Time Charter,Pacific International Lines,25.6,4.4,85.35,157133.0,200820.0,0.0,-43687.0,5237.77,6694,-27.8
V001,Aegean Pioneer,Feeder,18,1200,2019-05-01,2019,5,6623,Time Charter,Wan Hai Lines,25.8,4.2,85.98,170873.0,200490.0,0.0,-29617.0,5695.77,6683,-17.33
V001,Aegean Pioneer,Feeder,18,1200,2019-06-01,2019,6,6517,Time Charter,Yang Ming,25.4,4.6,84.67,165532.0,202650.0,0.0,-37118.0,5517.73,6755,-22.42
V001,Aegean Pioneer,Feeder,18,1200,2019-07-01,2019,7,6428,Time Charter,CMA CGM,26.1,3.9,86.89,167771.0,200340.0,0.0,-32569.0,5592.37,6678,-19.41
V001,Aegean Pioneer,Feeder,18,1200,2019-08-01,2019,8,6403,Time Charter,Evergreen Marine,25.2,4.8,83.95,161356.0,200880.0,0.0,-39524.0,5378.53,6696,-24.49
V001,Aegean Pioneer,Feeder,18,1200,2019-09-01,2019,9,6066,Spot,CMA CGM,25.1,4.9,83.7,152257.0,205260.0,4488.0,-57491.0,4925.63,6842,-37.76
V001,Aegean Pioneer,Feeder,18,1200,2019-10-01,2019,10,6269,Time Charter,COSCO Shipping,25.4,4.6,84.75,159233.0,201030.0,0.0,-41797.0,5307.77,6701,-26.25
V001,Aegean Pioneer,Feeder,18,1200,2019-11-01,2019,11,6160,Spot,Zim Integrated Shipping,25.6,4.4,85.35,157696.0,200640.0,5981.0,-48925.0,5057.17,6688,-31.02
V001,Aegean Pioneer,Feeder,18,1200,2019-12-01,2019,12,5889,Time Charter,HMM,26.1,3.9,87.07,153703.0,202710.0,0.0,-49007.0,5123.43,6757,-31.88
V001,Aegean Pioneer,Feeder,19,1200,2020-01-01,2020,1,6220,Time Charter,HMM,25.8,4.2,86.05,160476.0,212850.0,0.0,-52374.0,5349.2,7095,-32.64
V001,Aegean Pioneer,Feeder,19,1200,2020-02-01,2020,2,5555,Time Charter,Evergreen Marine,25.6,4.4,85.27,142208.0,215190.0,0.0,-72982.0,4740.27,7173,-51.32
V001,Aegean Pioneer,Feeder,19,1200,2020-03-01,2020,3,4790,Time Charter,Zim Integrated Shipping,25.5,4.5,85.05,122145.0,211980.0,0.0,-89835.0,4071.5,7066,-73.55
V001,Aegean Pioneer,Feeder,19,1200,2020-04-01,2020,4,5431,Spot,PIL,25.9,4.1,86.23,140663.0,215550.0,4138.0,-79025.0,4550.83,7185,-56.18
V001,Aegean Pioneer,Feeder,19,1200,2020-05-01,2020,5,5238,Time Charter,ONE (Ocean Network Express),25.1,4.9,83.77,131474.0,219480.0,0.0,-88006.0,4382.47,7316,-66.94
V001,Aegean Pioneer,Feeder,19,1200,2020-06-01,2020,6,5967,Spot,Pacific International Lines,25.8,4.2,85.83,153949.0,218190.0,7637.0,-71878.0,4877.07,7273,-46.69
V001,Aegean Pioneer,Feeder,19,1200,2020-07-01,2020,7,6748,Time Charter,PIL,25.8,4.2,86.15,174098.0,215850.0,0.0,-41752.0,5803.27,7195,-23.98
V001,Aegean Pioneer,Feeder,19,1200,2020-08-01,2020,8,6913,Time Charter,ONE (Ocean Network Express),26.7,3.3,89.02,184577.0,215730.0,0.0,-31153.0,6152.57,7191,-16.88
V001,Aegean Pioneer,Feeder,19,1200,2020-09-01,2020,9,8009,Time Charter,Hapag-Lloyd,26.9,3.1,89.83,215442.0,211950.0,0.0,3492.0,7181.4,7065,1.62
V001,Aegean Pioneer,Feeder,19,1200,2020-10-01,2020,10,8569,Time Charter,COSCO Shipping,26.6,3.4,88.5,227935.0,212160.0,0.0,15775.0,7597.83,7072,6.92
V001,Aegean Pioneer,Feeder,19,1200,2020-11-01,2020,11,9297,Time Charter,CMA CGM,27.4,2.6,91.36,254738.0,209730.0,0.0,45008.0,8491.27,6991,17.67
V001,Aegean Pioneer,Feeder,19,1200,2020-12-01,2020,12,10424,Time Charter,HMM,27.0,3.0,90.14,281448.0,211020.0,0.0,70428.0,9381.6,7034,25.02
V001,Aegean Pioneer,Feeder,20,1200,2021-01-01,2021,1,11363,Time Charter,Yang Ming,26.8,3.2,89.28,304528.0,222570.0,0.0,81958.0,10150.93,7419,26.91
V001,Aegean Pioneer,Feeder,20,1200,2021-02-01,2021,2,12900,Spot,MSC,26.3,3.7,87.64,339270.0,221190.0,5035.0,113045.0,11141.17,7373,33.32
V001,Aegean Pioneer,Feeder,20,1200,2021-03-01,2021,3,14746,Spot,KMTC,27.4,2.6,91.21,404040.0,221280.0,6650.0,176110.0,13246.33,7376,43.59
V001,Aegean Pioneer,Feeder,20,1200,2021-04-01,2021,4,16381,Time Charter,Maersk Line,27.1,2.9,90.43,443925.0,216930.0,0.0,226995.0,14797.5,7231,51.13
V001,Aegean Pioneer,Feeder,20,1200,2021-05-01,2021,5,18607,Time Charter,Sinokor Merchant Marine,28.4,1.6,94.57,528439.0,230970.0,0.0,297469.0,17614.63,7699,56.29
V001,Aegean Pioneer,Feeder,20,1200,2021-06-01,2021,6,20262,Spot,MSC,27.7,2.3,92.29,561257.0,219240.0,5247.0,336770.0,18533.67,7308,60.0
V001,Aegean Pioneer,Feeder,20,1200,2021-07-01,2021,7,22351,Spot,CMA CGM,27.8,2.2,92.51,621358.0,225360.0,6080.0,389918.0,20509.27,7512,62.75
V001,Aegean Pioneer,Feeder,20,1200,2021-08-01,2021,8,24896,Spot,Wan Hai Lines,28.2,1.8,94.15,702067.0,231360.0,6187.0,464520.0,23196.0,7712,66.16
V001,Aegean Pioneer,Feeder,20,1200,2021-09-01,2021,9,26753,Spot,CMA CGM,28.0,2.0,93.24,749084.0,224430.0,4739.0,519915.0,24811.5,7481,69.41
V001,Aegean Pioneer,Feeder,20,1200,2021-10-01,2021,10,29313,Spot,KMTC,28.2,1.8,94.12,826627.0,223440.0,7878.0,595309.0,27291.63,7448,72.02
V001,Aegean Pioneer,Feeder,20,1200,2021-11-01,2021,11,31293,Time Charter,Wan Hai Lines,28.2,1.8,94.12,882463.0,221070.0,0.0,661393.0,29415.43,7369,74.95
V001,Aegean Pioneer,Feeder,20,1200,2021-12-01,2021,12,34276,Spot,ONE (Ocean Network Express),28.4,1.6,94.78,973438.0,218100.0,7101.0,748237.0,32211.23,7270,76.87
V001,Aegean Pioneer,Feeder,21,1200,2022-01-01,2022,1,32842,Spot,PIL,28.0,2.0,93.31,919576.0,237450.0,7758.0,674368.0,30393.93,7915,73.33
V001,Aegean Pioneer,Feeder,21,1200,2022-02-01,2022,2,36217,Spot,MSC,29.3,0.7,97.66,1061158.0,223530.0,7579.0,830049.0,35119.3,7451,78.22
V001,Aegean Pioneer,Feeder,21,1200,2022-03-01,2022,3,39581,Spot,ONE (Ocean Network Express),28.5,1.5,95.03,1128058.0,233760.0,6392.0,887906.0,37388.87,7792,78.71
V001,Aegean Pioneer,Feeder,21,1200,2022-04-01,2022,4,40221,Spot,ONE (Ocean Network Express),28.3,1.7,94.24,1138254.0,231900.0,7687.0,898667.0,37685.57,7730,78.95
V001,Aegean Pioneer,Feeder,21,1200,2022-05-01,2022,5,36447,Spot,PIL,28.3,1.7,94.38,1031450.0,233400.0,4354.0,793696.0,34236.53,7780,76.95
V001,Aegean Pioneer,Feeder,21,1200,2022-06-01,2022,6,33264,Time Charter,Yang Ming,28.2,1.8,93.91,938045.0,236820.0,0.0,701225.0,31268.17,7894,74.75
V001,Aegean Pioneer,Feeder,21,1200,2022-07-01,2022,7,29499,Time Charter,HMM,28.4,1.6,94.54,837772.0,235920.0,0.0,601852.0,27925.73,7864,71.84
V001,Aegean Pioneer,Feeder,21,1200,2022-08-01,2022,8,26011,Spot,Evergreen Marine,28.2,1.8,93.91,733510.0,235380.0,4784.0,493346.0,24290.87,7846,67.26
V001,Aegean Pioneer,Feeder,21,1200,2022-09-01,2022,9,22385,Time Charter,HMM,28.1,1.9,93.82,629018.0,235350.0,0.0,393668.0,20967.27,7845,62.58
V001,Aegean Pioneer,Feeder,21,1200,2022-10-01,2022,10,20053,Time Charter,Sinokor Merchant Marine,27.4,2.6,91.43,549452.0,232590.0,0.0,316862.0,18315.07,7753,57.67
V001,Aegean Pioneer,Feeder,21,1200,2022-11-01,2022,11,18399,Time Charter,Maersk Line,27.3,2.7,91.13,502293.0,231510.0,0.0,270783.0,16743.1,7717,53.91
V001,Aegean Pioneer,Feeder,21,1200,2022-12-01,2022,12,16964,Time Charter,Wan Hai Lines,28.0,2.0,93.18,474992.0,232680.0,0.0,242312.0,15833.07,7756,51.01
V001,Aegean Pioneer,Feeder,22,1200,2023-01-01,2023,1,11912,Spot,Zim Integrated Shipping,26.4,3.6,88.08,314477.0,240270.0,4181.0,70026.0,10343.2,8009,22.27
V001,Aegean Pioneer,Feeder,22,1200,2023-02-01,2023,2,11073,Time Charter,MSC,26.6,3.4,88.67,294542.0,245820.0,0.0,48722.0,9818.07,8194,16.54
V001,Aegean Pioneer,Feeder,22,1200,2023-03-01,2023,3,10952,Time Charter,Wan Hai Lines,26.7,3.3,89.07,292418.0,238470.0,0.0,53948.0,9747.27,7949,18.45
V001,Aegean Pioneer,Feeder,22,1200,2023-04-01,2023,4,10412,Time Charter,Pacific International Lines,26.7,3.3,89.01,278000.0,244440.0,0.0,33560.0,9266.67,8148,12.07
V001,Aegean Pioneer,Feeder,22,1200,2023-05-01,2023,5,9654,Time Charter,HMM,26.8,3.2,89.25,258727.0,247860.0,0.0,10867.0,8624.23,8262,4.2
V001,Aegean Pioneer,Feeder,22,1200,2023-06-01,2023,6,9356,Time Charter,KMTC,26.8,3.2,89.28,250741.0,245280.0,0.0,5461.0,8358.03,8176,2.18
V001,Aegean Pioneer,Feeder,22,1200,2023-07-01,2023,7,9519,Time Charter,Evergreen Marine,26.7,3.3,88.97,254157.0,241230.0,0.0,12927.0,8471.9,8041,5.09
V001,Aegean Pioneer,Feeder,22,1200,2023-08-01,2023,8,9410,Time Charter,KMTC,26.5,3.5,88.25,249365.0,239580.0,0.0,9785.0,8312.17,7986,3.92
V001,Aegean Pioneer,Feeder,22,1200,2023-09-01,2023,9,10000,Time Charter,Wan Hai Lines,27.0,3.0,89.99,270000.0,243750.0,0.0,26250.0,9000.0,8125,9.72
V001,Aegean Pioneer,Feeder,22,1200,2023-10-01,2023,10,10269,Time Charter,Hapag-Lloyd,27.0,3.0,89.87,277263.0,240210.0,0.0,37053.0,9242.1,8007,13.36
V001,Aegean Pioneer,Feeder,22,1200,2023-11-01,2023,11,10645,Time Charter,MSC,27.0,3.0,90.02,287415.0,243900.0,0.0,43515.0,9580.5,8130,15.14
V001,Aegean Pioneer,Feeder,22,1200,2023-12-01,2023,12,10832,Spot,Evergreen Marine,27.3,2.7,90.88,295714.0,250650.0,5301.0,39763.0,9680.43,8355,13.45
V001,Aegean Pioneer,Feeder,23,1200,2024-01-01,2024,1,10308,Time Charter,ONE (Ocean Network Express),26.6,3.4,88.71,274193.0,258720.0,0.0,15473.0,9139.77,8624,5.64
V001,Aegean Pioneer,Feeder,23,1200,2024-02-01,2024,2,10650,Time Charter,CMA CGM,26.4,3.6,88.07,281160.0,252960.0,0.0,28200.0,9372.0,8432,10.03
V001,Aegean Pioneer,Feeder,23,1200,2024-03-01,2024,3,11279,Time Charter,Yang Ming,26.1,3.9,86.87,294382.0,256320.0,0.0,38062.0,9812.73,8544,12.93
V001,Aegean Pioneer,Feeder,23,1200,2024-04-01,2024,4,11468,Spot,Maersk Line,27.0,3.0,90.08,309636.0,248670.0,5555.0,55411.0,10136.03,8289,17.9
V001,Aegean Pioneer,Feeder,23,1200,2024-05-01,2024,5,11834,Time Charter,Zim Integrated Shipping,27.0,3.0,89.85,319518.0,249720.0,0.0,69798.0,10650.6,8324,21.84
V001,Aegean Pioneer,Feeder,23,1200,2024-06-01,2024,6,12987,Spot,Pacific International Lines,26.3,3.7,87.71,341558.0,260100.0,5085.0,76373.0,11215.77,8670,22.36
V001,Aegean Pioneer,Feeder,23,1200,2024-07-01,2024,7,11871,Spot,Zim Integrated Shipping,26.2,3.8,87.17,311020.0,258300.0,7315.0,45405.0,10123.5,8610,14.6
V001,Aegean Pioneer,Feeder,23,1200,2024-08-01,2024,8,11917,Time Charter,Evergreen Marine,26.3,3.7,87.55,313417.0,253470.0,0.0,59947.0,10447.23,8449,19.13
V001,Aegean Pioneer,Feeder,23,1200,2024-09-01,2024,9,11710,Time Charter,HMM,26.8,3.2,89.49,313828.0,250260.0,0.0,63568.0,10460.93,8342,20.26
V001,Aegean Pioneer,Feeder,23,1200,2024-10-01,2024,10,11389,Time Charter,KMTC,26.5,3.5,88.34,301808.0,249750.0,0.0,52058.0,10060.27,8325,17.25
V001,Aegean Pioneer,Feeder,23,1200,2024-11-01,2024,11,11177,Spot,CMA CGM,26.6,3.4,88.58,297308.0,257010.0,5427.0,34871.0,9729.37,8567,11.73
V001,Aegean Pioneer,Feeder,23,1200,2024-12-01,2024,12,11285,Spot,HMM,27.0,3.0,89.86,304695.0,254850.0,5124.0,44721.0,9985.7,8495,14.68
V002,Aegean Fortune,Feeder,4,1400,2007-01-01,2007,1,13283,Time Charter,Pacific International Lines,28.1,1.9,93.81,373252.0,126060.0,0.0,247192.0,12441.73,4202,66.23
V002,Aegean Fortune,Feeder,4,1400,2007-02-01,2007,2,13383,Time Charter,MSC,27.1,2.9,90.41,362679.0,123180.0,0.0,239499.0,12089.3,4106,66.04
V002,Aegean Fortune,Feeder,4,1400,2007-03-01,2007,3,13861,Spot,Sinokor Merchant Marine,28.0,2.0,93.21,388108.0,126180.0,6171.0,255757.0,12731.23,4206,65.9
V002,Aegean Fortune,Feeder,4,1400,2007-04-01,2007,4,14272,Time Charter,Wan Hai Lines,27.8,2.2,92.53,396762.0,122460.0,0.0,274302.0,13225.4,4082,69.14
V002,Aegean Fortune,Feeder,4,1400,2007-05-01,2007,5,14088,Time Charter,Evergreen Marine,27.8,2.2,92.79,391646.0,119790.0,0.0,271856.0,13054.87,3993,69.41
V002,Aegean Fortune,Feeder,4,1400,2007-06-01,2007,6,14398,Time Charter,Sinokor Merchant Marine,27.8,2.2,92.75,400264.0,126210.0,0.0,274054.0,13342.13,4207,68.47
V002,Aegean Fortune,Feeder,4,1400,2007-07-01,2007,7,15216,Time Charter,Wan Hai Lines,28.4,1.6,94.54,432134.0,124800.0,0.0,307334.0,14404.47,4160,71.12
V002,Aegean Fortune,Feeder,4,1400,2007-08-01,2007,8,15264,Spot,HMM,27.4,2.6,91.44,418234.0,124590.0,4564.0,289080.0,13789.0,4153,69.12
V002,Aegean Fortune,Feeder,4,1400,2007-09-01,2007,9,15039,Time Charter,PIL,27.8,2.2,92.72,418084.0,121260.0,0.0,296824.0,13936.13,4042,71.0
V002,Aegean Fortune,Feeder,4,1400,2007-10-01,2007,10,15737,Spot,COSCO Shipping,27.5,2.5,91.69,432768.0,128340.0,7209.0,297219.0,14185.3,4278,68.68
V002,Aegean Fortune,Feeder,4,1400,2007-11-01,2007,11,15521,Time Charter,CMA CGM,28.6,1.4,95.43,443901.0,126690.0,0.0,317211.0,14796.7,4223,71.46
V002,Aegean Fortune,Feeder,4,1400,2007-12-01,2007,12,15962,Time Charter,Hapag-Lloyd,28.7,1.3,95.63,458109.0,123660.0,0.0,334449.0,15270.3,4122,73.01
V002,Aegean Fortune,Feeder,5,1400,2008-01-01,2008,1,15910,Spot,KMTC,27.7,2.3,92.48,440707.0,128130.0,4298.0,308279.0,14546.97,4271,69.95
V002,Aegean Fortune,Feeder,5,1400,2008-02-01,2008,2,15690,Time Charter,CMA CGM,27.7,2.3,92.49,434613.0,130410.0,0.0,304203.0,14487.1,4347,69.99
V002,Aegean Fortune,Feeder,5,1400,2008-03-01,2008,3,16173,Spot,HMM,28.1,1.9,93.51,454461.0,126660.0,7948.0,319853.0,14883.77,4222,70.38
V002,Aegean Fortune,Feeder,5,1400,2008-04-01,2008,4,16950,Spot,KMTC,27.6,2.4,91.85,467820.0,124440.0,7089.0,336291.0,15357.7,4148,71.88
V002,Aegean Fortune,Feeder,5,1400,2008-05-01,2008,5,17139,Time Charter,Pacific International Lines,28.4,1.6,94.78,486748.0,130950.0,0.0,355798.0,16224.93,4365,73.1
V002,Aegean Fortune,Feeder,5,1400,2008-06-01,2008,6,18113,Time Charter,HMM,28.1,1.9,93.75,508975.0,128370.0,0.0,380605.0,16965.83,4279,74.78
V002,Aegean Fortune,Feeder,5,1400,2008-07-01,2008,7,18120,Time Charter,Pacific International Lines,27.7,2.3,92.44,501924.0,127440.0,0.0,374484.0,16730.8,4248,74.61
V002,Aegean Fortune,Feeder,5,1400,2008-08-01,2008,8,18291,Time Charter,Maersk Line,27.6,2.4,92.04,504832.0,127320.0,0.0,377512.0,16827.73,4244,74.78
V002,Aegean Fortune,Feeder,5,1400,2008-09-01,2008,9,16619,Time Charter,PIL,27.7,2.3,92.22,460346.0,128460.0,0.0,331886.0,15344.87,4282,72.09
V002,Aegean Fortune,Feeder,5,1400,2008-10-01,2008,10,13299,Time Charter,Hapag-Lloyd,27.9,2.1,93.12,371042.0,129720.0,0.0,241322.0,12368.07,4324,65.04
V002,Aegean Fortune,Feeder,5,1400,2008-11-01,2008,11,10659,Spot,Yang Ming,27.2,2.8,90.64,289925.0,132150.0,4795.0,152980.0,9504.33,4405,52.77
V002,Aegean Fortune,Feeder,5,1400,2008-12-01,2008,12,7455,Time Charter,Maersk Line,25.9,4.1,86.17,193084.0,126900.0,0.0,66184.0,6436.13,4230,34.28
V002,Aegean Fortune,Feeder,6,1400,2009-01-01,2009,1,2641,Time Charter,MSC,24.6,5.4,82.13,64969.0,134970.0,0.0,-70001.0,2165.63,4499,-107.75
V002,Aegean Fortune,Feeder,6,1400,2009-02-01,2009,2,3153,Time Charter,Pacific International Lines,24.3,5.7,81.03,76618.0,142350.0,0.0,-65732.0,2553.93,4745,-85.79
V002,Aegean Fortune,Feeder,6,1400,2009-03-01,2009,3,2981,Time Charter,Hapag-Lloyd,24.6,5.4,81.85,73333.0,135870.0,0.0,-62537.0,2444.43,4529,-85.28
V002,Aegean Fortune,Feeder,6,1400,2009-04-01,2009,4,3773,Spot,Pacific International Lines,24.4,5.6,81.34,92061.0,127380.0,4022.0,-39341.0,2934.63,4246,-42.73
V002,Aegean Fortune,Feeder,6,1400,2009-05-01,2009,5,3603,Time Charter,Sinokor Merchant Marine,24.8,5.2,82.52,89354.0,133140.0,0.0,-43786.0,2978.47,4438,-49.0
V002,Aegean Fortune,Feeder,6,1400,2009-06-01,2009,6,3974,Spot,KMTC,24.3,5.7,80.86,96568.0,135180.0,7262.0,-45874.0,2976.87,4506,-47.5
V002,Aegean Fortune,Feeder,6,1400,2009-07-01,2009,7,4018,Time Charter,Evergreen Marine,26.2,3.8,87.39,105272.0,133590.0,0.0,-28318.0,3509.07,4453,-26.9
V002,Aegean Fortune,Feeder,6,1400,2009-08-01,2009,8,5092,Time Charter,COSCO Shipping,26.1,3.9,87.12,132901.0,122700.0,0.0,10201.0,4430.03,4090,7.68
V002,Aegean Fortune,Feeder,6,1400,2009-09-01,2009,9,4672,Time Charter,Maersk Line,26.6,3.4,88.8,124275.0,128040.0,0.0,-3765.0,4142.5,4268,-3.03
V002,Aegean Fortune,Feeder,6,1400,2009-10-01,2009,10,4488,Time Charter,COSCO Shipping,26.7,3.3,89.04,119830.0,127860.0,0.0,-8030.0,3994.33,4262,-6.7
V002,Aegean Fortune,Feeder,6,1400,2009-11-01,2009,11,5365,Time Charter,Pacific International Lines,26.2,3.8,87.28,140563.0,131430.0,0.0,9133.0,4685.43,4381,6.5
V002,Aegean Fortune,Feeder,6,1400,2009-12-01,2009,12,4834,Time Charter,PIL,27.0,3.0,90.16,130518.0,133230.0,0.0,-2712.0,4350.6,4441,-2.08
V002,Aegean Fortune,Feeder,7,1400,2010-01-01,2010,1,5099,Time Charter,MSC,26.6,3.4,88.78,135633.0,141000.0,0.0,-5367.0,4521.1,4700,-3.96
V002,Aegean Fortune,Feeder,7,1400,2010-02-01,2010,2,4542,Time Charter,MSC,26.4,3.6,88.04,119909.0,138720.0,0.0,-18811.0,3996.97,4624,-15.69
V002,Aegean Fortune,Feeder,7,1400,2010-03-01,2010,3,4914,Time Charter,Zim Integrated Shipping,26.6,3.4,88.64,130712.0,135000.0,0.0,-4288.0,4357.07,4500,-3.28
V002,Aegean Fortune,Feeder,7,1400,2010-04-01,2010,4,5596,Spot,Yang Ming,26.8,3.2,89.3,149973.0,135420.0,6827.0,7726.0,4771.53,4514,5.15
V002,Aegean Fortune,Feeder,7,1400,2010-05-01,2010,5,5935,Time Charter,Sinokor Merchant Marine,26.2,3.8,87.33,155497.0,133350.0,0.0,22147.0,5183.23,4445,14.24
V002,Aegean Fortune,Feeder,7,1400,2010-06-01,2010,6,5914,Time Charter,MSC,26.6,3.4,88.76,157312.0,139230.0,0.0,18082.0,5243.73,4641,11.49
V002,Aegean Fortune,Feeder,7,1400,2010-07-01,2010,7,5925,Time Charter,KMTC,26.7,3.3,88.83,158198.0,134220.0,0.0,23978.0,5273.27,4474,15.16
V002,Aegean Fortune,Feeder,7,1400,2010-08-01,2010,8,6046,Spot,HMM,26.7,3.3,88.93,161428.0,137400.0,6916.0,17112.0,5150.4,4580,10.6
V002,Aegean Fortune,Feeder,7,1400,2010-09-01,2010,9,5831,Time Charter,KMTC,26.4,3.6,88.01,153938.0,135870.0,0.0,18068.0,5131.27,4529,11.74
V002,Aegean Fortune,Feeder,7,1400,2010-10-01,2010,10,6230,Time Charter,CMA CGM,26.5,3.5,88.29,165095.0,136710.0,0.0,28385.0,5503.17,4557,17.19
V002,Aegean Fortune,Feeder,7,1400,2010-11-01,2010,11,6466,Time Charter,CMA CGM,26.6,3.4,88.83,171996.0,132420.0,0.0,39576.0,5733.2,4414,23.01
V002,Aegean Fortune,Feeder,7,1400,2010-12-01,2010,12,7134,Spot,Wan Hai Lines,26.8,3.2,89.33,191191.0,138600.0,7085.0,45506.0,6136.87,4620,23.8
V002,Aegean Fortune,Feeder,8,1400,2011-01-01,2011,1,6793,Time Charter,Yang Ming,25.8,4.2,85.87,175259.0,139620.0,0.0,35639.0,5841.97,4654,20.34
V002,Aegean Fortune,Feeder,8,1400,2011-02-01,2011,2,6190,Time Charter,HMM,26.8,3.2,89.46,165892.0,133350.0,0.0,32542.0,5529.73,4445,19.62
V002,Aegean Fortune,Feeder,8,1400,2011-03-01,2011,3,6909,Time Charter,CMA CGM,26.0,4.0,86.66,179634.0,132630.0,0.0,47004.0,5987.8,4421,26.17
V002,Aegean Fortune,Feeder,8,1400,2011-04-01,2011,4,6766,Spot,Evergreen Marine,26.9,3.1,89.66,182005.0,138510.0,4296.0,39199.0,5923.63,4617,21.54
V002,Aegean Fortune,Feeder,8,1400,2011-05-01,2011,5,6712,Time Charter,HMM,26.3,3.7,87.5,176526.0,134070.0,0.0,42456.0,5884.2,4469,24.05
V002,Aegean Fortune,Feeder,8,1400,2011-06-01,2011,6,7206,Spot,Sinokor Merchant Marine,25.9,4.1,86.41,186635.0,132780.0,5434.0,48421.0,6040.03,4426,25.94
V002,Aegean Fortune,Feeder,8,1400,2011-07-01,2011,7,7431,Time Charter,PIL,26.7,3.3,89.07,198408.0,135600.0,0.0,62808.0,6613.6,4520,31.66
V002,Aegean Fortune,Feeder,8,1400,2011-08-01,2011,8,7429,Time Charter,ONE (Ocean Network Express),26.1,3.9,87.01,193897.0,132810.0,0.0,61087.0,6463.23,4427,31.5
V002,Aegean Fortune,Feeder,8,1400,2011-09-01,2011,9,6911,Time Charter,COSCO Shipping,26.5,3.5,88.25,183142.0,135300.0,0.0,47842.0,6104.73,4510,26.12
V002,Aegean Fortune,Feeder,8,1400,2011-10-01,2011,10,7179,Spot,Pacific International Lines,26.5,3.5,88.24,190244.0,139770.0,4463.0,46011.0,6192.7,4659,24.19
V002,Aegean Fortune,Feeder,8,1400,2011-11-01,2011,11,7422,Spot,HMM,26.7,3.3,88.97,198167.0,142230.0,7452.0,48485.0,6357.17,4741,24.47
V002,Aegean Fortune,Feeder,8,1400,2011-12-01,2011,12,7695,Spot,KMTC,26.6,3.4,88.79,204687.0,142590.0,6493.0,55604.0,6606.47,4753,27.17
V002,Aegean Fortune,Feeder,9,1400,2012-01-01,2012,1,6798,Spot,Zim Integrated Shipping,26.5,3.5,88.47,180147.0,143850.0,5324.0,30973.0,5827.43,4795,17.19
V002,Aegean Fortune,Feeder,9,1400,2012-02-01,2012,2,6742,Time Charter,Zim Integrated Shipping,26.4,3.6,88.05,177989.0,148980.0,0.0,29009.0,5932.97,4966,16.3
V002,Aegean Fortune,Feeder,9,1400,2012-03-01,2012,3,6372,Time Charter,COSCO Shipping,26.8,3.2,89.35,170770.0,142320.0,0.0,28450.0,5692.33,4744,16.66
V002,Aegean Fortune,Feeder,9,1400,2012-04-01,2012,4,6199,Time Charter,Zim Integrated Shipping,26.5,3.5,88.38,164274.0,142020.0,0.0,22254.0,5475.8,4734,13.55
V002,Aegean Fortune,Feeder,9,1400,2012-05-01,2012,5,6769,Spot,Evergreen Marine,27.0,3.0,90.1,182763.0,136470.0,4254.0,42039.0,5950.3,4549,23.0
V002,Aegean Fortune,Feeder,9,1400,2012-06-01,2012,6,6886,Time Charter,ONE (Ocean Network Express),26.5,3.5,88.43,182479.0,138870.0,0.0,43609.0,6082.63,4629,23.9
V002,Aegean Fortune,Feeder,9,1400,2012-07-01,2012,7,6255,Time Charter,Wan Hai Lines,26.1,3.9,86.9,163256.0,139950.0,0.0,23306.0,5441.87,4665,14.28
V002,Aegean Fortune,Feeder,9,1400,2012-08-01,2012,8,6579,Time Charter,Wan Hai Lines,27.0,3.0,89.94,177633.0,141420.0,0.0,36213.0,5921.1,4714,20.39
V002,Aegean Fortune,Feeder,9,1400,2012-09-01,2012,9,6224,Time Charter,Hapag-Lloyd,26.4,3.6,88.09,164314.0,144330.0,0.0,19984.0,5477.13,4811,12.16
V002,Aegean Fortune,Feeder,9,1400,2012-10-01,2012,10,5807,Time Charter,Yang Ming,26.5,3.5,88.19,153886.0,145140.0,0.0,8746.0,5129.53,4838,5.68
V002,Aegean Fortune,Feeder,9,1400,2012-11-01,2012,11,6015,Time Charter,Pacific International Lines,26.8,3.2,89.29,161202.0,141780.0,0.0,19422.0,5373.4,4726,12.05
V002,Aegean Fortune,Feeder,9,1400,2012-12-01,2012,12,6299,Time Charter,HMM,26.8,3.2,89.33,168813.0,141540.0,0.0,27273.0,5627.1,4718,16.16
V002,Aegean Fortune,Feeder,10,1400,2013-01-01,2013,1,5623,Time Charter,Yang Ming,26.2,3.8,87.27,147323.0,148740.0,0.0,-1417.0,4910.77,4958,-0.96
V002,Aegean Fortune,Feeder,10,1400,2013-02-01,2013,2,6235,Time Charter,MSC,26.2,3.8,87.43,163357.0,146820.0,0.0,16537.0,5445.23,4894,10.12
V002,Aegean Fortune,Feeder,10,1400,2013-03-01,2013,3,4898,Spot,COSCO Shipping,26.4,3.6,87.98,129307.0,138870.0,5244.0,-14807.0,4135.43,4629,-11.45
V002,Aegean Fortune,Feeder,10,1400,2013-04-01,2013,4,6070,Time Charter,COSCO Shipping,27.0,3.0,90.1,163890.0,144690.0,0.0,19200.0,5463.0,4823,11.72
V002,Aegean Fortune,Feeder,10,1400,2013-05-01,2013,5,5846,Spot,MSC,26.7,3.3,88.95,156088.0,145050.0,5301.0,5737.0,5026.23,4835,3.68
V002,Aegean Fortune,Feeder,10,1400,2013-06-01,2013,6,5757,Time Charter,Hapag-Lloyd,26.0,4.0,86.79,149682.0,147360.0,0.0,2322.0,4989.4,4912,1.55
V002,Aegean Fortune,Feeder,10,1400,2013-07-01,2013,7,6010,Spot,Maersk Line,25.9,4.1,86.38,155659.0,150840.0,6918.0,-2099.0,4958.03,5028,-1.35
V002,Aegean Fortune,Feeder,10,1400,2013-08-01,2013,8,5275,Time Charter,PIL,26.0,4.0,86.63,137150.0,149910.0,0.0,-12760.0,4571.67,4997,-9.3
V002,Aegean Fortune,Feeder,10,1400,2013-09-01,2013,9,5913,Time Charter,HMM,26.5,3.5,88.21,156694.0,142890.0,0.0,13804.0,5223.13,4763,8.81
V002,Aegean Fortune,Feeder,10,1400,2013-10-01,2013,10,6153,Time Charter,COSCO Shipping,26.5,3.5,88.21,163054.0,149310.0,0.0,13744.0,5435.13,4977,8.43
V002,Aegean Fortune,Feeder,10,1400,2013-11-01,2013,11,6607,Time Charter,PIL,26.6,3.4,88.57,175746.0,141840.0,0.0,33906.0,5858.2,4728,19.29
V002,Aegean Fortune,Feeder,10,1400,2013-12-01,2013,12,5905,Time Charter,COSCO Shipping,26.4,3.6,88.13,155892.0,148920.0,0.0,6972.0,5196.4,4964,4.47
V002,Aegean Fortune,Feeder,11,1400,2014-01-01,2014,1,5591,Time Charter,Maersk Line,26.3,3.7,87.74,147043.0,148770.0,0.0,-1727.0,4901.43,4959,-1.17
V002,Aegean Fortune,Feeder,11,1400,2014-02-01,2014,2,5599,Time Charter,MSC,26.3,3.7,87.82,147254.0,155790.0,0.0,-8536.0,4908.47,5193,-5.8
V002,Aegean Fortune,Feeder,11,1400,2014-03-01,2014,3,6061,Time Charter,Zim Integrated Shipping,25.8,4.2,86.1,156374.0,161400.0,0.0,-5026.0,5212.47,5380,-3.21
V002,Aegean Fortune,Feeder,11,1400,2014-04-01,2014,4,5804,Time Charter,Wan Hai Lines,26.4,3.6,88.0,153226.0,157500.0,0.0,-4274.0,5107.53,5250,-2.79
V002,Aegean Fortune,Feeder,11,1400,2014-05-01,2014,5,5449,Time Charter,Maersk Line,26.0,4.0,86.78,141674.0,157020.0,0.0,-15346.0,4722.47,5234,-10.83
V002,Aegean Fortune,Feeder,11,1400,2014-06-01,2014,6,5703,Time Charter,COSCO Shipping,26.6,3.4,88.52,151700.0,150540.0,0.0,1160.0,5056.67,5018,0.76
V002,Aegean Fortune,Feeder,11,1400,2014-07-01,2014,7,5526,Time Charter,MSC,26.4,3.6,88.05,145886.0,152640.0,0.0,-6754.0,4862.87,5088,-4.63
V002,Aegean Fortune,Feeder,11,1400,2014-08-01,2014,8,5723,Time Charter,Pacific International Lines,27.1,2.9,90.43,155093.0,150630.0,0.0,4463.0,5169.77,5021,2.88
V002,Aegean Fortune,Feeder,11,1400,2014-09-01,2014,9,5125,Spot,Maersk Line,26.5,3.5,88.45,135812.0,160170.0,6550.0,-30908.0,4308.73,5339,-22.76
V002,Aegean Fortune,Feeder,11,1400,2014-10-01,2014,10,5135,Time Charter,Sinokor Merchant Marine,26.3,3.7,87.71,135050.0,152820.0,0.0,-17770.0,4501.67,5094,-13.16
V002,Aegean Fortune,Feeder,11,1400,2014-11-01,2014,11,5074,Spot,Hapag-Lloyd,26.8,3.2,89.48,135983.0,153270.0,7549.0,-24836.0,4281.13,5109,-18.26
V002,Aegean Fortune,Feeder,11,1400,2014-12-01,2014,12,4674,Time Charter,MSC,26.6,3.4,88.6,124328.0,157080.0,0.0,-32752.0,4144.27,5236,-26.34
V002,Aegean Fortune,Feeder,12,1400,2015-01-01,2015,1,5050,Time Charter,HMM,26.8,3.2,89.44,135340.0,162000.0,0.0,-26660.0,4511.33,5400,-19.7
V002,Aegean Fortune,Feeder,12,1400,2015-02-01,2015,2,4938,Time Charter,COSCO Shipping,25.9,4.1,86.49,127894.0,158580.0,0.0,-30686.0,4263.13,5286,-23.99
V002,Aegean Fortune,Feeder,12,1400,2015-03-01,2015,3,4759,Time Charter,Evergreen Marine,26.7,3.3,89.08,127065.0,152850.0,0.0,-25785.0,4235.5,5095,-20.29
V002,Aegean Fortune,Feeder,12,1400,2015-04-01,2015,4,4590,Time Charter,Wan Hai Lines,26.5,3.5,88.32,121635.0,169170.0,0.0,-47535.0,4054.5,5639,-39.08
V002,Aegean Fortune,Feeder,12,1400,2015-05-01,2015,5,4133,Spot,Yang Ming,26.7,3.3,88.85,110351.0,166710.0,5889.0,-62248.0,3482.07,5557,-56.41
V002,Aegean Fortune,Feeder,12,1400,2015-06-01,2015,6,4305,Time Charter,COSCO Shipping,26.8,3.2,89.29,115374.0,161400.0,0.0,-46026.0,3845.8,5380,-39.89
V002,Aegean Fortune,Feeder,12,1400,2015-07-01,2015,7,4243,Spot,HMM,26.5,3.5,88.36,112440.0,159390.0,4478.0,-51428.0,3598.73,5313,-45.74
V002,Aegean Fortune,Feeder,12,1400,2015-08-01,2015,8,4020,Time Charter,CMA CGM,26.7,3.3,88.94,107334.0,166650.0,0.0,-59316.0,3577.8,5555,-55.26
V002,Aegean Fortune,Feeder,12,1400,2015-09-01,2015,9,4093,Time Charter,Zim Integrated Shipping,27.1,2.9,90.17,110920.0,162690.0,0.0,-51770.0,3697.33,5423,-46.67
V002,Aegean Fortune,Feeder,12,1400,2015-10-01,2015,10,4176,Time Charter,Pacific International Lines,26.1,3.9,87.09,108994.0,157380.0,0.0,-48386.0,3633.13,5246,-44.39
V002,Aegean Fortune,Feeder,12,1400,2015-11-01,2015,11,4556,Spot,Pacific International Lines,26.1,3.9,86.91,118912.0,164610.0,6853.0,-52551.0,3735.3,5487,-44.19
V002,Aegean Fortune,Feeder,12,1400,2015-12-01,2015,12,3928,Time Charter,PIL,26.7,3.3,89.11,104878.0,163440.0,0.0,-58562.0,3495.93,5448,-55.84
V002,Aegean Fortune,Feeder,13,1400,2016-01-01,2016,1,3649,Time Charter,PIL,24.1,5.9,80.19,87941.0,171240.0,0.0,-83299.0,2931.37,5708,-94.72
V002,Aegean Fortune,Feeder,13,1400,2016-02-01,2016,2,3605,Time Charter,Yang Ming,23.9,6.1,79.77,86160.0,171810.0,0.0,-85650.0,2872.0,5727,-99.41
V002,Aegean Fortune,Feeder,13,1400,2016-03-01,2016,3,3130,Time Charter,COSCO Shipping,24.2,5.8,80.76,75746.0,171510.0,0.0,-95764.0,2524.87,5717,-126.43
V002,Aegean Fortune,Feeder,13,1400,2016-04-01,2016,4,3768,Time Charter,KMTC,26.1,3.9,87.05,98345.0,174570.0,0.0,-76225.0,3278.17,5819,-77.51
V002,Aegean Fortune,Feeder,13,1400,2016-05-01,2016,5,3902,Time Charter,Yang Ming,26.3,3.7,87.71,102623.0,163230.0,0.0,-60607.0,3420.77,5441,-59.06
V002,Aegean Fortune,Feeder,13,1400,2016-06-01,2016,6,4734,Time Charter,KMTC,26.1,3.9,87.04,123557.0,168060.0,0.0,-44503.0,4118.57,5602,-36.02
V002,Aegean Fortune,Feeder,13,1400,2016-07-01,2016,7,3972,Time Charter,ONE (Ocean Network Express),25.9,4.1,86.38,102875.0,171480.0,0.0,-68605.0,3429.17,5716,-66.69
V002,Aegean Fortune,Feeder,13,1400,2016-08-01,2016,8,4218,Time Charter,COSCO Shipping,25.6,4.4,85.43,107981.0,166890.0,0.0,-58909.0,3599.37,5563,-54.55
V002,Aegean Fortune,Feeder,13,1400,2016-09-01,2016,9,4170,Time Charter,MSC,26.4,3.6,88.06,110088.0,174180.0,0.0,-64092.0,3669.6,5806,-58.22
V002,Aegean Fortune,Feeder,13,1400,2016-10-01,2016,10,3900,Spot,MSC,26.9,3.1,89.56,104910.0,170400.0,7043.0,-72533.0,3262.23,5680,-69.14
V002,Aegean Fortune,Feeder,13,1400,2016-11-01,2016,11,4675,Time Charter,Wan Hai Lines,26.0,4.0,86.62,121550.0,175080.0,0.0,-53530.0,4051.67,5836,-44.04
V002,Aegean Fortune,Feeder,13,1400,2016-12-01,2016,12,4647,Time Charter,ONE (Ocean Network Express),26.2,3.8,87.35,121751.0,169770.0,0.0,-48019.0,4058.37,5659,-39.44
V002,Aegean Fortune,Feeder,14,1400,2017-01-01,2017,1,4620,Time Charter,Hapag-Lloyd,25.9,4.1,86.49,119658.0,180780.0,0.0,-61122.0,3988.6,6026,-51.08
V002,Aegean Fortune,Feeder,14,1400,2017-02-01,2017,2,4285,Time Charter,ONE (Ocean Network Express),26.4,3.6,87.87,113124.0,181860.0,0.0,-68736.0,3770.8,6062,-60.76
V002,Aegean Fortune,Feeder,14,1400,2017-03-01,2017,3,5205,Time Charter,ONE (Ocean Network Express),26.5,3.5,88.41,137932.0,177420.0,0.0,-39488.0,4597.73,5914,-28.63
V002,Aegean Fortune,Feeder,14,1400,2017-04-01,2017,4,4492,Time Charter,Yang Ming,25.7,4.3,85.75,115444.0,173550.0,0.0,-58106.0,3848.13,5785,-50.33
V002,Aegean Fortune,Feeder,14,1400,2017-05-01,2017,5,5329,Time Charter,Sinokor Merchant Marine,26.0,4.0,86.8,138554.0,175410.0,0.0,-36856.0,4618.47,5847,-26.6
V002,Aegean Fortune,Feeder,14,1400,2017-06-01,2017,6,5972,Spot,Zim Integrated Shipping,26.5,3.5,88.22,158258.0,182460.0,6245.0,-30447.0,5067.1,6082,-19.24
V002,Aegean Fortune,Feeder,14,1400,2017-07-01,2017,7,5161,Time Charter,Maersk Line,25.2,4.8,84.16,130057.0,179520.0,0.0,-49463.0,4335.23,5984,-38.03
V002,Aegean Fortune,Feeder,14,1400,2017-08-01,2017,8,5439,Time Charter,Wan Hai Lines,26.2,3.8,87.38,142502.0,179460.0,0.0,-36958.0,4750.07,5982,-25.94
V002,Aegean Fortune,Feeder,14,1400,2017-09-01,2017,9,5848,Time Charter,Wan Hai Lines,26.1,3.9,87.11,152633.0,176850.0,0.0,-24217.0,5087.77,5895,-15.87
V002,Aegean Fortune,Feeder,14,1400,2017-10-01,2017,10,5884,Time Charter,Wan Hai Lines,26.3,3.7,87.6,154749.0,178410.0,0.0,-23661.0,5158.3,5947,-15.29
V002,Aegean Fortune,Feeder,14,1400,2017-11-01,2017,11,5741,Spot,MSC,26.5,3.5,88.27,152136.0,174390.0,7084.0,-29338.0,4835.07,5813,-19.28
V002,Aegean Fortune,Feeder,14,1400,2017-12-01,2017,12,6421,Time Charter,Maersk Line,26.6,3.4,88.63,170799.0,177690.0,0.0,-6891.0,5693.3,5923,-4.03
V002,Aegean Fortune,Feeder,15,1400,2018-01-01,2018,1,5919,Time Charter,ONE (Ocean Network Express),26.0,4.0,86.55,153894.0,185250.0,0.0,-31356.0,5129.8,6175,-20.38
V002,Aegean Fortune,Feeder,15,1400,2018-02-01,2018,2,6481,Time Charter,Zim Integrated Shipping,25.4,4.6,84.72,164617.0,183330.0,0.0,-18713.0,5487.23,6111,-11.37
V002,Aegean Fortune,Feeder,15,1400,2018-03-01,2018,3,6167,Time Charter,Hapag-Lloyd,26.0,4.0,86.73,160342.0,185070.0,0.0,-24728.0,5344.73,6169,-15.42
V002,Aegean Fortune,Feeder,15,1400,2018-04-01,2018,4,7001,Time Charter,KMTC,25.7,4.3,85.58,179926.0,189960.0,0.0,-10034.0,5997.53,6332,-5.58
V002,Aegean Fortune,Feeder,15,1400,2018-05-01,2018,5,6382,Time Charter,Sinokor Merchant Marine,25.9,4.1,86.25,165294.0,181080.0,0.0,-15786.0,5509.8,6036,-9.55
V002,Aegean Fortune,Feeder,15,1400,2018-06-01,2018,6,6634,Time Charter,MSC,26.4,3.6,87.86,175138.0,187230.0,0.0,-12092.0,5837.93,6241,-6.9
V002,Aegean Fortune,Feeder,15,1400,2018-07-01,2018,7,7079,Spot,COSCO Shipping,26.2,3.8,87.49,185470.0,182790.0,5975.0,-3295.0,5983.17,6093,-1.78
V002,Aegean Fortune,Feeder,15,1400,2018-08-01,2018,8,6568,Spot,COSCO Shipping,25.6,4.4,85.4,168141.0,181980.0,6091.0,-19930.0,5401.67,6066,-11.85
V002,Aegean Fortune,Feeder,15,1400,2018-09-01,2018,9,7101,Time Charter,COSCO Shipping,26.0,4.0,86.7,184626.0,179280.0,0.0,5346.0,6154.2,5976,2.9
V002,Aegean Fortune,Feeder,15,1400,2018-10-01,2018,10,7488,Spot,HMM,27.7,2.3,92.45,207418.0,177210.0,5710.0,24498.0,6723.6,5907,11.81
V002,Aegean Fortune,Feeder,15,1400,2018-11-01,2018,11,6756,Spot,Yang Ming,26.2,3.8,87.27,177007.0,187380.0,4102.0,-14475.0,5763.5,6246,-8.18
V002,Aegean Fortune,Feeder,15,1400,2018-12-01,2018,12,7344,Time Charter,CMA CGM,28.2,1.8,93.84,207101.0,184110.0,0.0,22991.0,6903.37,6137,11.1
V002,Aegean Fortune,Feeder,16,1400,2019-01-01,2019,1,7060,Time Charter,ONE (Ocean Network Express),26.3,3.7,87.54,185678.0,194640.0,0.0,-8962.0,6189.27,6488,-4.83
V002,Aegean Fortune,Feeder,16,1400,2019-02-01,2019,2,7111,Time Charter,CMA CGM,27.2,2.8,90.81,193419.0,187440.0,0.0,5979.0,6447.3,6248,3.09
V002,Aegean Fortune,Feeder,16,1400,2019-03-01,2019,3,6517,Time Charter,Evergreen Marine,26.7,3.3,89.06,174004.0,201030.0,0.0,-27026.0,5800.13,6701,-15.53
V002,Aegean Fortune,Feeder,16,1400,2019-04-01,2019,4,6320,Time Charter,Yang Ming,25.6,4.4,85.33,161792.0,198150.0,0.0,-36358.0,5393.07,6605,-22.47
V002,Aegean Fortune,Feeder,16,1400,2019-05-01,2019,5,6849,Spot,COSCO Shipping,25.7,4.3,85.67,176019.0,191700.0,4432.0,-20113.0,5719.57,6390,-11.43
V002,Aegean Fortune,Feeder,16,1400,2019-06-01,2019,6,6747,Time Charter,Sinokor Merchant Marine,25.9,4.1,86.48,174747.0,194160.0,0.0,-19413.0,5824.9,6472,-11.11
V002,Aegean Fortune,Feeder,16,1400,2019-07-01,2019,7,6701,Time Charter,Pacific International Lines,25.7,4.3,85.54,172216.0,192930.0,0.0,-20714.0,5740.53,6431,-12.03
V002,Aegean Fortune,Feeder,16,1400,2019-08-01,2019,8,6653,Time Charter,MSC,26.1,3.9,87.02,173643.0,196650.0,0.0,-23007.0,5788.1,6555,-13.25
V002,Aegean Fortune,Feeder,16,1400,2019-09-01,2019,9,6284,Time Charter,Yang Ming,25.6,4.4,85.39,160870.0,193710.0,0.0,-32840.0,5362.33,6457,-20.41
V002,Aegean Fortune,Feeder,16,1400,2019-10-01,2019,10,6495,Time Charter,KMTC,26.4,3.6,88.02,171468.0,196290.0,0.0,-24822.0,5715.6,6543,-14.48
V002,Aegean Fortune,Feeder,16,1400,2019-11-01,2019,11,6379,Spot,Sinokor Merchant Marine,25.9,4.1,86.36,165216.0,192660.0,4126.0,-31570.0,5369.67,6422,-19.11
V002,Aegean Fortune,Feeder,16,1400,2019-12-01,2019,12,6065,Time Charter,Sinokor Merchant Marine,25.9,4.1,86.32,157084.0,192090.0,0.0,-35006.0,5236.13,6403,-22.28
V002,Aegean Fortune,Feeder,17,1400,2020-01-01,2020,1,6429,Time Charter,HMM,24.8,5.2,82.7,159439.0,205830.0,0.0,-46391.0,5314.63,6861,-29.1
V002,Aegean Fortune,Feeder,17,1400,2020-02-01,2020,2,5775,Time Charter,MSC,25.6,4.4,85.28,147840.0,202710.0,0.0,-54870.0,4928.0,6757,-37.11
V002,Aegean Fortune,Feeder,17,1400,2020-03-01,2020,3,4980,Time Charter,Maersk Line,26.0,4.0,86.61,129480.0,204900.0,0.0,-75420.0,4316.0,6830,-58.25
V002,Aegean Fortune,Feeder,17,1400,2020-04-01,2020,4,5677,Time Charter,Wan Hai Lines,26.2,3.8,87.44,148737.0,202140.0,0.0,-53403.0,4957.9,6738,-35.9
V002,Aegean Fortune,Feeder,17,1400,2020-05-01,2020,5,5441,Time Charter,HMM,25.6,4.4,85.32,139290.0,202470.0,0.0,-63180.0,4643.0,6749,-45.36
V002,Aegean Fortune,Feeder,17,1400,2020-06-01,2020,6,6167,Time Charter,Sinokor Merchant Marine,26.2,3.8,87.47,161575.0,202020.0,0.0,-40445.0,5385.83,6734,-25.03
V002,Aegean Fortune,Feeder,17,1400,2020-07-01,2020,7,6978,Spot,Maersk Line,25.5,4.5,85.12,177939.0,205440.0,6546.0,-34047.0,5713.1,6848,-19.13
V002,Aegean Fortune,Feeder,17,1400,2020-08-01,2020,8,7135,Time Charter,MSC,27.1,2.9,90.23,193358.0,204510.0,0.0,-11152.0,6445.27,6817,-5.77
V002,Aegean Fortune,Feeder,17,1400,2020-09-01,2020,9,8341,Time Charter,Pacific International Lines,27.0,3.0,90.14,225207.0,208980.0,0.0,16227.0,7506.9,6966,7.21
V002,Aegean Fortune,Feeder,17,1400,2020-10-01,2020,10,8895,Spot,KMTC,27.6,2.4,91.83,245502.0,204840.0,5257.0,35405.0,8008.17,6828,14.42
V002,Aegean Fortune,Feeder,17,1400,2020-11-01,2020,11,9741,Time Charter,Sinokor Merchant Marine,27.0,3.0,89.93,263007.0,202380.0,0.0,60627.0,8766.9,6746,23.05
V002,Aegean Fortune,Feeder,17,1400,2020-12-01,2020,12,10755,Time Charter,COSCO Shipping,26.9,3.1,89.69,289310.0,208020.0,0.0,81290.0,9643.67,6934,28.1
V002,Aegean Fortune,Feeder,18,1400,2021-01-01,2021,1,11665,Spot,CMA CGM,27.5,2.5,91.8,320788.0,212160.0,6034.0,102594.0,10491.8,7072,31.98
V002,Aegean Fortune,Feeder,18,1400,2021-02-01,2021,2,13409,Spot,ONE (Ocean Network Express),26.8,3.2,89.29,359361.0,209280.0,7630.0,142451.0,11724.37,6976,39.64
V002,Aegean Fortune,Feeder,18,1400,2021-03-01,2021,3,15245,Spot,Yang Ming,27.1,2.9,90.38,413140.0,202350.0,4997.0,205793.0,13604.77,6745,49.81
V002,Aegean Fortune,Feeder,18,1400,2021-04-01,2021,4,17160,Spot,Yang Ming,27.5,2.5,91.64,471900.0,216720.0,5642.0,249538.0,15541.93,7224,52.88
V002,Aegean Fortune,Feeder,18,1400,2021-05-01,2021,5,19060,Spot,COSCO Shipping,28.7,1.3,95.72,547022.0,220260.0,7022.0,319740.0,18000.0,7342,58.45
V002,Aegean Fortune,Feeder,18,1400,2021-06-01,2021,6,21077,Time Charter,Sinokor Merchant Marine,28.0,2.0,93.27,590156.0,215880.0,0.0,374276.0,19671.87,7196,63.42
V002,Aegean Fortune,Feeder,18,1400,2021-07-01,2021,7,23320,Time Charter,ONE (Ocean Network Express),28.8,1.2,96.07,671616.0,209640.0,0.0,461976.0,22387.2,6988,68.79
V002,Aegean Fortune,Feeder,18,1400,2021-08-01,2021,8,25857,Time Charter,Pacific International Lines,28.4,1.6,94.52,734339.0,220110.0,0.0,514229.0,24477.97,7337,70.03
V002,Aegean Fortune,Feeder,18,1400,2021-09-01,2021,9,27715,Time Charter,Maersk Line,28.7,1.3,95.69,795420.0,221160.0,0.0,574260.0,26514.0,7372,72.2
V002,Aegean Fortune,Feeder,18,1400,2021-10-01,2021,10,30708,Spot,CMA CGM,29.1,0.9,96.89,893603.0,218370.0,4915.0,670318.0,29622.93,7279,75.01
V002,Aegean Fortune,Feeder,18,1400,2021-11-01,2021,11,32156,Spot,ONE (Ocean Network Express),28.3,1.7,94.45,910015.0,210000.0,4308.0,695707.0,30190.23,7000,76.45
V002,Aegean Fortune,Feeder,18,1400,2021-12-01,2021,12,35387,Spot,Maersk Line,28.7,1.3,95.78,1015607.0,213270.0,5159.0,797178.0,33681.6,7109,78.49
V002,Aegean Fortune,Feeder,19,1400,2022-01-01,2022,1,34347,Time Charter,ONE (Ocean Network Express),28.2,1.8,94.06,968585.0,222750.0,0.0,745835.0,32286.17,7425,77.0
V002,Aegean Fortune,Feeder,19,1400,2022-02-01,2022,2,37235,Time Charter,Evergreen Marine,28.5,1.5,95.12,1061198.0,225750.0,0.0,835448.0,35373.27,7525,78.73
V002,Aegean Fortune,Feeder,19,1400,2022-03-01,2022,3,40990,Time Charter,Pacific International Lines,28.8,1.2,95.87,1180512.0,230670.0,0.0,949842.0,39350.4,7689,80.46
V002,Aegean Fortune,Feeder,19,1400,2022-04-01,2022,4,41161,Spot,KMTC,28.7,1.3,95.72,1181321.0,227430.0,4645.0,949246.0,39222.53,7581,80.35
V002,Aegean Fortune,Feeder,19,1400,2022-05-01,2022,5,37480,Time Charter,KMTC,28.3,1.7,94.5,1060684.0,218250.0,0.0,842434.0,35356.13,7275,79.42
V002,Aegean Fortune,Feeder,19,1400,2022-06-01,2022,6,34348,Time Charter,Yang Ming,29.0,1.0,96.68,996092.0,220320.0,0.0,775772.0,33203.07,7344,77.88
V002,Aegean Fortune,Feeder,19,1400,2022-07-01,2022,7,30847,Spot,Evergreen Marine,28.1,1.9,93.71,866801.0,221790.0,7719.0,637292.0,28636.07,7393,73.52
V002,Aegean Fortune,Feeder,19,1400,2022-08-01,2022,8,26968,Time Charter,ONE (Ocean Network Express),28.4,1.6,94.6,765891.0,222840.0,0.0,543051.0,25529.7,7428,70.9
V002,Aegean Fortune,Feeder,19,1400,2022-09-01,2022,9,22842,Spot,Zim Integrated Shipping,28.4,1.6,94.74,648713.0,221070.0,7232.0,420411.0,21382.7,7369,64.81
V002,Aegean Fortune,Feeder,19,1400,2022-10-01,2022,10,21037,Time Charter,Zim Integrated Shipping,28.2,1.8,94.04,593243.0,225420.0,0.0,367823.0,19774.77,7514,62.0
V002,Aegean Fortune,Feeder,19,1400,2022-11-01,2022,11,19204,Time Charter,KMTC,28.0,2.0,93.5,537712.0,224130.0,0.0,313582.0,17923.73,7471,58.32
V002,Aegean Fortune,Feeder,19,1400,2022-12-01,2022,12,17314,Time Charter,HMM,28.4,1.6,94.68,491718.0,227880.0,0.0,263838.0,16390.6,7596,53.66
V002,Aegean Fortune,Feeder,20,1400,2023-01-01,2023,1,12378,Time Charter,Wan Hai Lines,26.8,3.2,89.45,331730.0,231120.0,0.0,100610.0,11057.67,7704,30.33
V002,Aegean Fortune,Feeder,20,1400,2023-02-01,2023,2,11561,Time Charter,Zim Integrated Shipping,26.9,3.1,89.6,310991.0,238680.0,0.0,72311.0,10366.37,7956,23.25
V002,Aegean Fortune,Feeder,20,1400,2023-03-01,2023,3,11352,Time Charter,Yang Ming,26.9,3.1,89.69,305369.0,232560.0,0.0,72809.0,10178.97,7752,23.84
V002,Aegean Fortune,Feeder,20,1400,2023-04-01,2023,4,10856,Spot,CMA CGM,26.9,3.1,89.82,292026.0,237660.0,6534.0,47832.0,9516.4,7922,16.38
V002,Aegean Fortune,Feeder,20,1400,2023-05-01,2023,5,9951,Spot,COSCO Shipping,26.5,3.5,88.28,263702.0,236430.0,7486.0,19786.0,8540.53,7881,7.5
V002,Aegean Fortune,Feeder,20,1400,2023-06-01,2023,6,9761,Spot,Evergreen Marine,27.5,2.5,91.75,268428.0,235140.0,7215.0,26073.0,8707.1,7838,9.71
V002,Aegean Fortune,Feeder,20,1400,2023-07-01,2023,7,9874,Time Charter,COSCO Shipping,27.4,2.6,91.24,270548.0,232860.0,0.0,37688.0,9018.27,7762,13.93
V002,Aegean Fortune,Feeder,20,1400,2023-08-01,2023,8,9784,Time Charter,Maersk Line,27.2,2.8,90.59,266125.0,233010.0,0.0,33115.0,8870.83,7767,12.44
V002,Aegean Fortune,Feeder,20,1400,2023-09-01,2023,9,10305,Time Charter,PIL,26.3,3.7,87.62,271022.0,234360.0,0.0,36662.0,9034.07,7812,13.53
V002,Aegean Fortune,Feeder,20,1400,2023-10-01,2023,10,10743,Spot,Zim Integrated Shipping,27.4,2.6,91.37,294358.0,231180.0,4746.0,58432.0,9653.73,7706,19.85
V002,Aegean Fortune,Feeder,20,1400,2023-11-01,2023,11,11030,Spot,HMM,26.7,3.3,88.95,294501.0,236010.0,7570.0,50921.0,9564.37,7867,17.29
V002,Aegean Fortune,Feeder,20,1400,2023-12-01,2023,12,11251,Time Charter,Maersk Line,27.4,2.6,91.34,308277.0,232530.0,0.0,75747.0,10275.9,7751,24.57
V002,Aegean Fortune,Feeder,21,1400,2024-01-01,2024,1,10600,Time Charter,Zim Integrated Shipping,27.0,3.0,89.94,286200.0,246600.0,0.0,39600.0,9540.0,8220,13.84
V002,Aegean Fortune,Feeder,21,1400,2024-02-01,2024,2,11036,Spot,Hapag-Lloyd,27.4,2.6,91.2,302386.0,243180.0,6157.0,53049.0,9874.3,8106,17.54
V002,Aegean Fortune,Feeder,21,1400,2024-03-01,2024,3,11705,Time Charter,Maersk Line,27.2,2.8,90.66,318376.0,241590.0,0.0,76786.0,10612.53,8053,24.12
V002,Aegean Fortune,Feeder,21,1400,2024-04-01,2024,4,11967,Time Charter,Maersk Line,26.6,3.4,88.69,318322.0,242520.0,0.0,75802.0,10610.73,8084,23.81
V002,Aegean Fortune,Feeder,21,1400,2024-05-01,2024,5,12155,Time Charter,PIL,26.8,3.2,89.49,325754.0,249420.0,0.0,76334.0,10858.47,8314,23.43
V002,Aegean Fortune,Feeder,21,1400,2024-06-01,2024,6,13392,Time Charter,Yang Ming,26.9,3.1,89.52,360245.0,248250.0,0.0,111995.0,12008.17,8275,31.09
V002,Aegean Fortune,Feeder,21,1400,2024-07-01,2024,7,12380,Time Charter,HMM,27.2,2.8,90.54,336736.0,246120.0,0.0,90616.0,11224.53,8204,26.91
V002,Aegean Fortune,Feeder,21,1400,2024-08-01,2024,8,12354,Time Charter,Pacific International Lines,26.6,3.4,88.64,328616.0,247410.0,0.0,81206.0,10953.87,8247,24.71
V002,Aegean Fortune,Feeder,21,1400,2024-09-01,2024,9,12184,Spot,Sinokor Merchant Marine,26.6,3.4,88.55,324094.0,246210.0,7230.0,70654.0,10562.13,8207,21.8
V002,Aegean Fortune,Feeder,21,1400,2024-10-01,2024,10,11806,Time Charter,HMM,27.1,2.9,90.21,319943.0,242130.0,0.0,77813.0,10664.77,8071,24.32
V002,Aegean Fortune,Feeder,21,1400,2024-11-01,2024,11,11339,Time Charter,CMA CGM,26.4,3.6,88.15,299350.0,243030.0,0.0,56320.0,9978.33,8101,18.81
V002,Aegean Fortune,Feeder,21,1400,2024-12-01,2024,12,11630,Time Charter,Maersk Line,27.0,3.0,90.13,314010.0,239970.0,0.0,74040.0,10467.0,7999,23.58
V003,Olympian Star,Feeder,3,1500,2008-01-01,2008,1,15978,Spot,HMM,27.5,2.5,91.61,439395.0,126510.0,7584.0,305301.0,14393.7,4217,69.48
V003,Olympian Star,Feeder,3,1500,2008-02-01,2008,2,15796,Time Charter,MSC,28.1,1.9,93.63,443868.0,125910.0,0.0,317958.0,14795.6,4197,71.63
V003,Olympian Star,Feeder,3,1500,2008-03-01,2008,3,16088,Spot,Sinokor Merchant Marine,27.4,2.6,91.24,440811.0,126300.0,5272.0,309239.0,14517.97,4210,70.15
V003,Olympian Star,Feeder,3,1500,2008-04-01,2008,4,16995,Time Charter,CMA CGM,27.8,2.2,92.55,472461.0,132840.0,0.0,339621.0,15748.7,4428,71.88
V003,Olympian Star,Feeder,3,1500,2008-05-01,2008,5,17153,Time Charter,MSC,27.5,2.5,91.56,471708.0,134190.0,0.0,337518.0,15723.6,4473,71.55
V003,Olympian Star,Feeder,3,1500,2008-06-01,2008,6,18112,Time Charter,PIL,28.3,1.7,94.26,512570.0,133380.0,0.0,379190.0,17085.67,4446,73.98
V003,Olympian Star,Feeder,3,1500,2008-07-01,2008,7,18233,Time Charter,MSC,27.3,2.7,91.16,497761.0,126810.0,0.0,370951.0,16592.03,4227,74.52
V003,Olympian Star,Feeder,3,1500,2008-08-01,2008,8,18386,Time Charter,Wan Hai Lines,28.2,1.8,94.11,518485.0,129930.0,0.0,388555.0,17282.83,4331,74.94
V003,Olympian Star,Feeder,3,1500,2008-09-01,2008,9,16494,Spot,Sinokor Merchant Marine,27.6,2.4,92.07,455234.0,126600.0,4440.0,324194.0,15026.47,4220,71.21
V003,Olympian Star,Feeder,3,1500,2008-10-01,2008,10,13257,Time Charter,COSCO Shipping,28.2,1.8,94.08,373847.0,132540.0,0.0,241307.0,12461.57,4418,64.55
V003,Olympian Star,Feeder,3,1500,2008-11-01,2008,11,10727,Spot,ONE (Ocean Network Express),27.3,2.7,91.01,292847.0,135900.0,4912.0,152035.0,9597.83,4530,51.92
V003,Olympian Star,Feeder,3,1500,2008-12-01,2008,12,7503,Spot,MSC,26.6,3.4,88.74,199580.0,125220.0,5708.0,68652.0,6462.4,4174,34.4
V003,Olympian Star,Feeder,4,1500,2009-01-01,2009,1,2649,Time Charter,Pacific International Lines,24.3,5.7,80.98,64371.0,128640.0,0.0,-64269.0,2145.7,4288,-99.84
V003,Olympian Star,Feeder,4,1500,2009-02-01,2009,2,3143,Time Charter,PIL,24.5,5.5,81.62,77004.0,134400.0,0.0,-57396.0,2566.8,4480,-74.54
V003,Olympian Star,Feeder,4,1500,2009-03-01,2009,3,2969,Time Charter,COSCO Shipping,24.1,5.9,80.46,71553.0,139590.0,0.0,-68037.0,2385.1,4653,-95.09
V003,Olympian Star,Feeder,4,1500,2009-04-01,2009,4,3770,Time Charter,PIL,25.2,4.8,83.95,95004.0,132660.0,0.0,-37656.0,3166.8,4422,-39.64
V003,Olympian Star,Feeder,4,1500,2009-05-01,2009,5,3618,Time Charter,PIL,24.5,5.5,81.79,88641.0,136380.0,0.0,-47739.0,2954.7,4546,-53.86
V003,Olympian Star,Feeder,4,1500,2009-06-01,2009,6,3938,Spot,Maersk Line,25.3,4.7,84.28,99631.0,136290.0,7272.0,-43931.0,3078.63,4543,-44.09
V003,Olympian Star,Feeder,4,1500,2009-07-01,2009,7,4061,Time Charter,PIL,26.5,3.5,88.44,107616.0,136380.0,0.0,-28764.0,3587.2,4546,-26.73
V003,Olympian Star,Feeder,4,1500,2009-08-01,2009,8,5091,Time Charter,MSC,26.8,3.2,89.46,136439.0,128070.0,0.0,8369.0,4547.97,4269,6.13
V003,Olympian Star,Feeder,4,1500,2009-09-01,2009,9,4639,Time Charter,ONE (Ocean Network Express),26.6,3.4,88.8,123397.0,136800.0,0.0,-13403.0,4113.23,4560,-10.86
V003,Olympian Star,Feeder,4,1500,2009-10-01,2009,10,4494,Time Charter,Wan Hai Lines,27.0,3.0,89.84,121338.0,133470.0,0.0,-12132.0,4044.6,4449,-10.0
V003,Olympian Star,Feeder,4,1500,2009-11-01,2009,11,5324,Spot,PIL,26.8,3.2,89.4,142683.0,137490.0,7443.0,-2250.0,4508.0,4583,-1.58
V003,Olympian Star,Feeder,4,1500,2009-12-01,2009,12,4860,Time Charter,PIL,26.4,3.6,88.12,128304.0,142830.0,0.0,-14526.0,4276.8,4761,-11.32
V003,Olympian Star,Feeder,5,1500,2010-01-01,2010,1,5054,Time Charter,HMM,26.3,3.7,87.6,132920.0,141360.0,0.0,-8440.0,4430.67,4712,-6.35
V003,Olympian Star,Feeder,5,1500,2010-02-01,2010,2,4522,Spot,Hapag-Lloyd,26.8,3.2,89.28,121190.0,136740.0,4028.0,-19578.0,3905.4,4558,-16.15
V003,Olympian Star,Feeder,5,1500,2010-03-01,2010,3,4928,Time Charter,Pacific International Lines,26.0,4.0,86.55,128128.0,136980.0,0.0,-8852.0,4270.93,4566,-6.91
V003,Olympian Star,Feeder,5,1500,2010-04-01,2010,4,5605,Time Charter,Evergreen Marine,26.1,3.9,87.05,146290.0,140010.0,0.0,6280.0,4876.33,4667,4.29
V003,Olympian Star,Feeder,5,1500,2010-05-01,2010,5,5919,Time Charter,COSCO Shipping,26.8,3.2,89.32,158629.0,131820.0,0.0,26809.0,5287.63,4394,16.9
V003,Olympian Star,Feeder,5,1500,2010-06-01,2010,6,5886,Time Charter,Wan Hai Lines,26.7,3.3,88.89,157156.0,139770.0,0.0,17386.0,5238.53,4659,11.06
V003,Olympian Star,Feeder,5,1500,2010-07-01,2010,7,6009,Time Charter,Zim Integrated Shipping,26.3,3.7,87.57,158037.0,131850.0,0.0,26187.0,5267.9,4395,16.57
V003,Olympian Star,Feeder,5,1500,2010-08-01,2010,8,6117,Time Charter,Hapag-Lloyd,26.1,3.9,86.98,159654.0,133260.0,0.0,26394.0,5321.8,4442,16.53
V003,Olympian Star,Feeder,5,1500,2010-09-01,2010,9,5824,Time Charter,COSCO Shipping,25.8,4.2,86.14,150259.0,132270.0,0.0,17989.0,5008.63,4409,11.97
V003,Olympian Star,Feeder,5,1500,2010-10-01,2010,10,6292,Time Charter,Evergreen Marine,26.1,3.9,86.99,164221.0,135600.0,0.0,28621.0,5474.03,4520,17.43
V003,Olympian Star,Feeder,5,1500,2010-11-01,2010,11,6526,Time Charter,ONE (Ocean Network Express),26.9,3.1,89.68,175549.0,137850.0,0.0,37699.0,5851.63,4595,21.47
V003,Olympian Star,Feeder,5,1500,2010-12-01,2010,12,7174,Spot,CMA CGM,25.7,4.3,85.57,184372.0,132210.0,6043.0,46119.0,5944.3,4407,25.01
V003,Olympian Star,Feeder,6,1500,2011-01-01,2011,1,6773,Spot,Wan Hai Lines,26.1,3.9,86.84,176775.0,143730.0,5670.0,27375.0,5703.5,4791,15.49
V003,Olympian Star,Feeder,6,1500,2011-02-01,2011,2,6094,Spot,Wan Hai Lines,26.5,3.5,88.26,161491.0,134640.0,4888.0,21963.0,5220.1,4488,13.6
V003,Olympian Star,Feeder,6,1500,2011-03-01,2011,3,6907,Time Charter,Evergreen Marine,26.4,3.6,88.09,182345.0,138450.0,0.0,43895.0,6078.17,4615,24.07
V003,Olympian Star,Feeder,6,1500,2011-04-01,2011,4,6688,Spot,Yang Ming,26.1,3.9,86.89,174557.0,136500.0,4479.0,33578.0,5669.27,4550,19.24
V003,Olympian Star,Feeder,6,1500,2011-05-01,2011,5,6669,Time Charter,Hapag-Lloyd,26.1,3.9,87.15,174061.0,133950.0,0.0,40111.0,5802.03,4465,23.04
V003,Olympian Star,Feeder,6,1500,2011-06-01,2011,6,7228,Time Charter,Pacific International Lines,27.3,2.7,90.93,197324.0,141000.0,0.0,56324.0,6577.47,4700,28.54
V003,Olympian Star,Feeder,6,1500,2011-07-01,2011,7,7383,Time Charter,KMTC,26.3,3.7,87.66,194173.0,135210.0,0.0,58963.0,6472.43,4507,30.37
V003,Olympian Star,Feeder,6,1500,2011-08-01,2011,8,7438,Time Charter,Pacific International Lines,26.4,3.6,88.1,196363.0,141630.0,0.0,54733.0,6545.43,4721,27.87
V003,Olympian Star,Feeder,6,1500,2011-09-01,2011,9,6946,Time Charter,MSC,26.8,3.2,89.33,186153.0,142950.0,0.0,43203.0,6205.1,4765,23.21
V003,Olympian Star,Feeder,6,1500,2011-10-01,2011,10,7186,Time Charter,Maersk Line,26.3,3.7,87.75,188992.0,136080.0,0.0,52912.0,6299.73,4536,28.0
V003,Olympian Star,Feeder,6,1500,2011-11-01,2011,11,7463,Time Charter,Yang Ming,27.1,2.9,90.37,202247.0,138780.0,0.0,63467.0,6741.57,4626,31.38
V003,Olympian Star,Feeder,6,1500,2011-12-01,2011,12,7790,Spot,PIL,26.4,3.6,87.94,205656.0,140280.0,5350.0,60026.0,6676.87,4676,29.19
V003,Olympian Star,Feeder,7,1500,2012-01-01,2012,1,6900,Time Charter,PIL,26.5,3.5,88.23,182850.0,144720.0,0.0,38130.0,6095.0,4824,20.85
V003,Olympian Star,Feeder,7,1500,2012-02-01,2012,2,6889,Time Charter,MSC,26.4,3.6,87.88,181870.0,139470.0,0.0,42400.0,6062.33,4649,23.31
V003,Olympian Star,Feeder,7,1500,2012-03-01,2012,3,6473,Spot,MSC,26.3,3.7,87.73,170240.0,143040.0,7772.0,19428.0,5415.6,4768,11.41
V003,Olympian Star,Feeder,7,1500,2012-04-01,2012,4,6301,Time Charter,HMM,26.3,3.7,87.79,165716.0,145740.0,0.0,19976.0,5523.87,4858,12.05
V003,Olympian Star,Feeder,7,1500,2012-05-01,2012,5,6868,Time Charter,COSCO Shipping,26.7,3.3,89.01,183376.0,141990.0,0.0,41386.0,6112.53,4733,22.57
V003,Olympian Star,Feeder,7,1500,2012-06-01,2012,6,6957,Time Charter,HMM,26.5,3.5,88.39,184360.0,137070.0,0.0,47290.0,6145.33,4569,25.65
V003,Olympian Star,Feeder,7,1500,2012-07-01,2012,7,6379,Time Charter,Evergreen Marine,26.6,3.4,88.53,169681.0,147780.0,0.0,21901.0,5656.03,4926,12.91
V003,Olympian Star,Feeder,7,1500,2012-08-01,2012,8,6584,Time Charter,CMA CGM,26.4,3.6,88.06,173818.0,149160.0,0.0,24658.0,5793.93,4972,14.19
V003,Olympian Star,Feeder,7,1500,2012-09-01,2012,9,6321,Time Charter,Pacific International Lines,25.9,4.1,86.45,163714.0,137730.0,0.0,25984.0,5457.13,4591,15.87
V003,Olympian Star,Feeder,7,1500,2012-10-01,2012,10,5895,Time Charter,Hapag-Lloyd,25.8,4.2,86.15,152091.0,144660.0,0.0,7431.0,5069.7,4822,4.89
V003,Olympian Star,Feeder,7,1500,2012-11-01,2012,11,6085,Time Charter,Pacific International Lines,26.3,3.7,87.53,160036.0,139500.0,0.0,20536.0,5334.53,4650,12.83
V003,Olympian Star,Feeder,7,1500,2012-12-01,2012,12,6357,Time Charter,MSC,26.5,3.5,88.34,168460.0,142050.0,0.0,26410.0,5615.33,4735,15.68
V003,Olympian Star,Feeder,8,1500,2013-01-01,2013,1,5860,Time Charter,Pacific International Lines,26.4,3.6,88.02,154704.0,144690.0,0.0,10014.0,5156.8,4823,6.47
V003,Olympian Star,Feeder,8,1500,2013-02-01,2013,2,6416,Time Charter,COSCO Shipping,26.8,3.2,89.22,171949.0,143340.0,0.0,28609.0,5731.63,4778,16.64
V003,Olympian Star,Feeder,8,1500,2013-03-01,2013,3,5053,Spot,Hapag-Lloyd,26.3,3.7,87.51,132894.0,141060.0,5293.0,-13459.0,4253.37,4702,-10.13
V003,Olympian Star,Feeder,8,1500,2013-04-01,2013,4,6237,Time Charter,Evergreen Marine,25.8,4.2,86.03,160915.0,149220.0,0.0,11695.0,5363.83,4974,7.27
V003,Olympian Star,Feeder,8,1500,2013-05-01,2013,5,6061,Time Charter,CMA CGM,26.8,3.2,89.38,162435.0,138150.0,0.0,24285.0,5414.5,4605,14.95
V003,Olympian Star,Feeder,8,1500,2013-06-01,2013,6,5884,Time Charter,Yang Ming,26.4,3.6,88.13,155338.0,144900.0,0.0,10438.0,5177.93,4830,6.72
V003,Olympian Star,Feeder,8,1500,2013-07-01,2013,7,6090,Time Charter,Sinokor Merchant Marine,26.3,3.7,87.61,160167.0,140070.0,0.0,20097.0,5338.9,4669,12.55
V003,Olympian Star,Feeder,8,1500,2013-08-01,2013,8,5469,Spot,HMM,25.9,4.1,86.32,141647.0,150060.0,6075.0,-14488.0,4519.07,5002,-10.23
V003,Olympian Star,Feeder,8,1500,2013-09-01,2013,9,6097,Spot,Zim Integrated Shipping,26.8,3.2,89.42,163400.0,144780.0,6812.0,11808.0,5219.6,4826,7.23
V003,Olympian Star,Feeder,8,1500,2013-10-01,2013,10,6346,Time Charter,Evergreen Marine,26.2,3.8,87.4,166265.0,144810.0,0.0,21455.0,5542.17,4827,12.9
V003,Olympian Star,Feeder,8,1500,2013-11-01,2013,11,6760,Time Charter,PIL,26.6,3.4,88.6,179816.0,145890.0,0.0,33926.0,5993.87,4863,18.87
V003,Olympian Star,Feeder,8,1500,2013-12-01,2013,12,6100,Spot,KMTC,26.8,3.2,89.44,163480.0,152160.0,5455.0,5865.0,5267.5,5072,3.59
V003,Olympian Star,Feeder,9,1500,2014-01-01,2014,1,5764,Time Charter,Wan Hai Lines,26.9,3.1,89.54,155052.0,151380.0,0.0,3672.0,5168.4,5046,2.37
V003,Olympian Star,Feeder,9,1500,2014-02-01,2014,2,5815,Time Charter,HMM,26.5,3.5,88.48,154098.0,149790.0,0.0,4308.0,5136.6,4993,2.8
V003,Olympian Star,Feeder,9,1500,2014-03-01,2014,3,6207,Time Charter,Maersk Line,26.3,3.7,87.76,163244.0,145350.0,0.0,17894.0,5441.47,4845,10.96
V003,Olympian Star,Feeder,9,1500,2014-04-01,2014,4,5988,Time Charter,Wan Hai Lines,26.0,4.0,86.58,155688.0,143220.0,0.0,12468.0,5189.6,4774,8.01
V003,Olympian Star,Feeder,9,1500,2014-05-01,2014,5,5664,Time Charter,Sinokor Merchant Marine,26.6,3.4,88.81,150662.0,155790.0,0.0,-5128.0,5022.07,5193,-3.4
V003,Olympian Star,Feeder,9,1500,2014-06-01,2014,6,5922,Time Charter,HMM,25.8,4.2,86.05,152788.0,147420.0,0.0,5368.0,5092.93,4914,3.51
V003,Olympian Star,Feeder,9,1500,2014-07-01,2014,7,5713,Time Charter,Evergreen Marine,26.6,3.4,88.82,151966.0,150960.0,0.0,1006.0,5065.53,5032,0.66
V003,Olympian Star,Feeder,9,1500,2014-08-01,2014,8,5894,Time Charter,Pacific International Lines,27.1,2.9,90.17,159727.0,147450.0,0.0,12277.0,5324.23,4915,7.69
V003,Olympian Star,Feeder,9,1500,2014-09-01,2014,9,5236,Time Charter,Wan Hai Lines,26.6,3.4,88.77,139278.0,149640.0,0.0,-10362.0,4642.6,4988,-7.44
V003,Olympian Star,Feeder,9,1500,2014-10-01,2014,10,5324,Time Charter,MSC,26.7,3.3,89.02,142151.0,149550.0,0.0,-7399.0,4738.37,4985,-5.21
V003,Olympian Star,Feeder,9,1500,2014-11-01,2014,11,5275,Spot,Pacific International Lines,26.5,3.5,88.27,139788.0,149970.0,7887.0,-18069.0,4396.7,4999,-12.93
V003,Olympian Star,Feeder,9,1500,2014-12-01,2014,12,4854,Spot,CMA CGM,27.0,3.0,89.87,131058.0,151260.0,7850.0,-28052.0,4106.93,5042,-21.4
V003,Olympian Star,Feeder,10,1500,2015-01-01,2015,1,5195,Time Charter,Evergreen Marine,26.1,3.9,87.0,135590.0,154590.0,0.0,-19000.0,4519.67,5153,-14.01
V003,Olympian Star,Feeder,10,1500,2015-02-01,2015,2,5132,Time Charter,MSC,25.8,4.2,86.13,132406.0,146580.0,0.0,-14174.0,4413.53,4886,-10.7
V003,Olympian Star,Feeder,10,1500,2015-03-01,2015,3,4925,Time Charter,Pacific International Lines,26.1,3.9,87.17,128542.0,148620.0,0.0,-20078.0,4284.73,4954,-15.62
V003,Olympian Star,Feeder,10,1500,2015-04-01,2015,4,4769,Time Charter,MSC,26.4,3.6,87.87,125902.0,157980.0,0.0,-32078.0,4196.73,5266,-25.48
V003,Olympian Star,Feeder,10,1500,2015-05-01,2015,5,4280,Spot,Zim Integrated Shipping,26.0,4.0,86.83,111280.0,157860.0,5007.0,-51587.0,3542.43,5262,-46.36
V003,Olympian Star,Feeder,10,1500,2015-06-01,2015,6,4460,Spot,HMM,26.2,3.8,87.43,116852.0,155220.0,5989.0,-44357.0,3695.43,5174,-37.96
V003,Olympian Star,Feeder,10,1500,2015-07-01,2015,7,4427,Time Charter,CMA CGM,26.7,3.3,88.94,118201.0,153510.0,0.0,-35309.0,3940.03,5117,-29.87
V003,Olympian Star,Feeder,10,1500,2015-08-01,2015,8,4123,Time Charter,Evergreen Marine,26.6,3.4,88.67,109672.0,147120.0,0.0,-37448.0,3655.73,4904,-34.15
V003,Olympian Star,Feeder,10,1500,2015-09-01,2015,9,4256,Time Charter,Evergreen Marine,26.0,4.0,86.82,110656.0,156300.0,0.0,-45644.0,3688.53,5210,-41.25
V003,Olympian Star,Feeder,10,1500,2015-10-01,2015,10,4332,Time Charter,PIL,26.4,3.6,88.03,114365.0,159660.0,0.0,-45295.0,3812.17,5322,-39.61
V003,Olympian Star,Feeder,10,1500,2015-11-01,2015,11,4741,Time Charter,COSCO Shipping,26.1,3.9,87.0,123740.0,149940.0,0.0,-26200.0,4124.67,4998,-21.17
V003,Olympian Star,Feeder,10,1500,2015-12-01,2015,12,4018,Time Charter,Zim Integrated Shipping,26.4,3.6,88.13,106075.0,151110.0,0.0,-45035.0,3535.83,5037,-42.46
V003,Olympian Star,Feeder,11,1500,2016-01-01,2016,1,3772,Spot,Hapag-Lloyd,24.5,5.5,81.59,92414.0,162300.0,5204.0,-75090.0,2907.0,5410,-81.25
V003,Olympian Star,Feeder,11,1500,2016-02-01,2016,2,3714,Time Charter,COSCO Shipping,24.6,5.4,81.97,91364.0,156930.0,0.0,-65566.0,3045.47,5231,-71.76
V003,Olympian Star,Feeder,11,1500,2016-03-01,2016,3,3212,Time Charter,Wan Hai Lines,24.7,5.3,82.31,79336.0,157080.0,0.0,-77744.0,2644.53,5236,-97.99
V003,Olympian Star,Feeder,11,1500,2016-04-01,2016,4,3897,Time Charter,Wan Hai Lines,26.5,3.5,88.4,103270.0,162900.0,0.0,-59630.0,3442.33,5430,-57.74
V003,Olympian Star,Feeder,11,1500,2016-05-01,2016,5,4023,Time Charter,Sinokor Merchant Marine,26.5,3.5,88.19,106610.0,153390.0,0.0,-46780.0,3553.67,5113,-43.88
V003,Olympian Star,Feeder,11,1500,2016-06-01,2016,6,4895,Time Charter,Evergreen Marine,26.4,3.6,87.85,129228.0,158970.0,0.0,-29742.0,4307.6,5299,-23.02
V003,Olympian Star,Feeder,11,1500,2016-07-01,2016,7,4100,Spot,HMM,26.3,3.7,87.83,107830.0,163530.0,5139.0,-60839.0,3423.03,5451,-56.42
V003,Olympian Star,Feeder,11,1500,2016-08-01,2016,8,4340,Time Charter,Yang Ming,26.7,3.3,89.01,115878.0,158550.0,0.0,-42672.0,3862.6,5285,-36.82
V003,Olympian Star,Feeder,11,1500,2016-09-01,2016,9,4292,Time Charter,Evergreen Marine,26.4,3.6,88.09,113309.0,161580.0,0.0,-48271.0,3776.97,5386,-42.6
V003,Olympian Star,Feeder,11,1500,2016-10-01,2016,10,4003,Time Charter,Pacific International Lines,26.5,3.5,88.41,106080.0,165270.0,0.0,-59190.0,3536.0,5509,-55.8
V003,Olympian Star,Feeder,11,1500,2016-11-01,2016,11,4848,Time Charter,Pacific International Lines,27.3,2.7,90.98,132350.0,158070.0,0.0,-25720.0,4411.67,5269,-19.43
V003,Olympian Star,Feeder,11,1500,2016-12-01,2016,12,4791,Spot,Sinokor Merchant Marine,26.2,3.8,87.29,125524.0,162720.0,4148.0,-41344.0,4045.87,5424,-32.94
V003,Olympian Star,Feeder,12,1500,2017-01-01,2017,1,4785,Time Charter,Maersk Line,26.7,3.3,89.05,127760.0,173340.0,0.0,-45580.0,4258.67,5778,-35.68
V003,Olympian Star,Feeder,12,1500,2017-02-01,2017,2,4399,Time Charter,MSC,26.4,3.6,88.09,116134.0,165840.0,0.0,-49706.0,3871.13,5528,-42.8
V003,Olympian Star,Feeder,12,1500,2017-03-01,2017,3,5308,Time Charter,Wan Hai Lines,26.3,3.7,87.83,139600.0,166200.0,0.0,-26600.0,4653.33,5540,-19.05
V003,Olympian Star,Feeder,12,1500,2017-04-01,2017,4,4611,Spot,ONE (Ocean Network Express),26.4,3.6,88.03,121730.0,168210.0,6438.0,-52918.0,3843.07,5607,-43.47
V003,Olympian Star,Feeder,12,1500,2017-05-01,2017,5,5422,Time Charter,Sinokor Merchant Marine,26.5,3.5,88.34,143683.0,164370.0,0.0,-20687.0,4789.43,5479,-14.4
V003,Olympian Star,Feeder,12,1500,2017-06-01,2017,6,6155,Spot,Evergreen Marine,26.0,4.0,86.63,160030.0,173310.0,6011.0,-19291.0,5133.97,5777,-12.05
V003,Olympian Star,Feeder,12,1500,2017-07-01,2017,7,5326,Time Charter,Maersk Line,26.8,3.2,89.19,142737.0,168960.0,0.0,-26223.0,4757.9,5632,-18.37
V003,Olympian Star,Feeder,12,1500,2017-08-01,2017,8,5695,Time Charter,Maersk Line,26.6,3.4,88.61,151487.0,167910.0,0.0,-16423.0,5049.57,5597,-10.84
V003,Olympian Star,Feeder,12,1500,2017-09-01,2017,9,6021,Time Charter,Hapag-Lloyd,26.7,3.3,89.03,160761.0,160590.0,0.0,171.0,5358.7,5353,0.11
V003,Olympian Star,Feeder,12,1500,2017-10-01,2017,10,6077,Spot,KMTC,26.4,3.6,88.0,160433.0,163020.0,4206.0,-6793.0,5207.57,5434,-4.23
V003,Olympian Star,Feeder,12,1500,2017-11-01,2017,11,5902,Time Charter,CMA CGM,26.3,3.7,87.56,155223.0,168750.0,0.0,-13527.0,5174.1,5625,-8.71
V003,Olympian Star,Feeder,12,1500,2017-12-01,2017,12,6638,Spot,Wan Hai Lines,26.5,3.5,88.18,175907.0,171930.0,5115.0,-1138.0,5693.07,5731,-0.65
V003,Olympian Star,Feeder,13,1500,2018-01-01,2018,1,6104,Time Charter,Evergreen Marine,25.5,4.5,84.99,155652.0,177030.0,0.0,-21378.0,5188.4,5901,-13.73
V003,Olympian Star,Feeder,13,1500,2018-02-01,2018,2,6762,Spot,CMA CGM,26.2,3.8,87.47,177164.0,180780.0,7633.0,-11249.0,5651.03,6026,-6.35
V003,Olympian Star,Feeder,13,1500,2018-03-01,2018,3,6361,Spot,Zim Integrated Shipping,26.3,3.7,87.72,167294.0,170280.0,4958.0,-7944.0,5411.2,5676,-4.75
V003,Olympian Star,Feeder,13,1500,2018-04-01,2018,4,7248,Spot,Yang Ming,26.3,3.7,87.59,190622.0,183420.0,4580.0,2622.0,6201.4,6114,1.38
V003,Olympian Star,Feeder,13,1500,2018-05-01,2018,5,6594,Spot,HMM,26.4,3.6,87.87,174082.0,180840.0,5958.0,-12716.0,5604.13,6028,-7.3
V003,Olympian Star,Feeder,13,1500,2018-06-01,2018,6,6877,Spot,Zim Integrated Shipping,25.8,4.2,85.89,177427.0,175590.0,7943.0,-6106.0,5649.47,5853,-3.44
V003,Olympian Star,Feeder,13,1500,2018-07-01,2018,7,7350,Time Charter,ONE (Ocean Network Express),26.0,4.0,86.66,191100.0,175830.0,0.0,15270.0,6370.0,5861,7.99
V003,Olympian Star,Feeder,13,1500,2018-08-01,2018,8,6788,Time Charter,HMM,26.0,4.0,86.81,176488.0,172710.0,0.0,3778.0,5882.93,5757,2.14
V003,Olympian Star,Feeder,13,1500,2018-09-01,2018,9,7275,Time Charter,Maersk Line,26.2,3.8,87.42,190605.0,177390.0,0.0,13215.0,6353.5,5913,6.93
V003,Olympian Star,Feeder,13,1500,2018-10-01,2018,10,7748,Spot,MSC,27.6,2.4,92.14,213845.0,175860.0,4968.0,33017.0,6962.57,5862,15.44
V003,Olympian Star,Feeder,13,1500,2018-11-01,2018,11,6974,Time Charter,MSC,26.5,3.5,88.3,184811.0,182640.0,0.0,2171.0,6160.37,6088,1.17
V003,Olympian Star,Feeder,13,1500,2018-12-01,2018,12,7683,Time Charter,Pacific International Lines,27.5,2.5,91.83,211282.0,177990.0,0.0,33292.0,7042.73,5933,15.76
V003,Olympian Star,Feeder,14,1500,2019-01-01,2019,1,7216,Spot,Zim Integrated Shipping,25.7,4.3,85.74,185451.0,180360.0,6689.0,-1598.0,5958.73,6012,-0.86
V003,Olympian Star,Feeder,14,1500,2019-02-01,2019,2,7354,Spot,Pacific International Lines,28.2,1.8,93.94,207383.0,183000.0,7046.0,17337.0,6677.9,6100,8.36
V003,Olympian Star,Feeder,14,1500,2019-03-01,2019,3,6654,Time Charter,CMA CGM,25.9,4.1,86.17,172339.0,187980.0,0.0,-15641.0,5744.63,6266,-9.08
V003,Olympian Star,Feeder,14,1500,2019-04-01,2019,4,6582,Time Charter,HMM,26.1,3.9,87.04,171790.0,186030.0,0.0,-14240.0,5726.33,6201,-8.29
V003,Olympian Star,Feeder,14,1500,2019-05-01,2019,5,7088,Spot,Maersk Line,26.0,4.0,86.72,184288.0,181920.0,4951.0,-2583.0,5977.9,6064,-1.4
V003,Olympian Star,Feeder,14,1500,2019-06-01,2019,6,7006,Time Charter,Sinokor Merchant Marine,26.6,3.4,88.64,186360.0,184260.0,0.0,2100.0,6212.0,6142,1.13
V003,Olympian Star,Feeder,14,1500,2019-07-01,2019,7,6928,Time Charter,Hapag-Lloyd,26.1,3.9,86.96,180821.0,188220.0,0.0,-7399.0,6027.37,6274,-4.09
V003,Olympian Star,Feeder,14,1500,2019-08-01,2019,8,6825,Spot,PIL,26.3,3.7,87.56,179498.0,191400.0,6913.0,-18815.0,5752.83,6380,-10.48
V003,Olympian Star,Feeder,14,1500,2019-09-01,2019,9,6459,Time Charter,HMM,25.9,4.1,86.46,167288.0,185220.0,0.0,-17932.0,5576.27,6174,-10.72
V003,Olympian Star,Feeder,14,1500,2019-10-01,2019,10,6743,Spot,CMA CGM,25.8,4.2,86.02,173969.0,192720.0,5471.0,-24222.0,5616.6,6424,-13.92
V003,Olympian Star,Feeder,14,1500,2019-11-01,2019,11,6654,Time Charter,ONE (Ocean Network Express),26.0,4.0,86.57,173004.0,180990.0,0.0,-7986.0,5766.8,6033,-4.62
V003,Olympian Star,Feeder,14,1500,2019-12-01,2019,12,6281,Time Charter,CMA CGM,25.8,4.2,85.87,162050.0,189420.0,0.0,-27370.0,5401.67,6314,-16.89
V003,Olympian Star,Feeder,15,1500,2020-01-01,2020,1,6628,Time Charter,Maersk Line,25.8,4.2,85.93,171002.0,197640.0,0.0,-26638.0,5700.07,6588,-15.58
V003,Olympian Star,Feeder,15,1500,2020-02-01,2020,2,5930,Time Charter,Evergreen Marine,25.7,4.3,85.53,152401.0,194400.0,0.0,-41999.0,5080.03,6480,-27.56
V003,Olympian Star,Feeder,15,1500,2020-03-01,2020,3,5142,Time Charter,Hapag-Lloyd,26.1,3.9,86.97,134206.0,201660.0,0.0,-67454.0,4473.53,6722,-50.26
V003,Olympian Star,Feeder,15,1500,2020-04-01,2020,4,5860,Time Charter,Pacific International Lines,26.0,4.0,86.5,152360.0,193770.0,0.0,-41410.0,5078.67,6459,-27.18
V003,Olympian Star,Feeder,15,1500,2020-05-01,2020,5,5612,Time Charter,Pacific International Lines,26.4,3.6,87.94,148157.0,199920.0,0.0,-51763.0,4938.57,6664,-34.94
V003,Olympian Star,Feeder,15,1500,2020-06-01,2020,6,6397,Spot,KMTC,26.3,3.7,87.69,168241.0,189090.0,6529.0,-27378.0,5390.4,6303,-16.27
V003,Olympian Star,Feeder,15,1500,2020-07-01,2020,7,7178,Time Charter,Sinokor Merchant Marine,26.0,4.0,86.72,186628.0,192030.0,0.0,-5402.0,6220.93,6401,-2.89
V003,Olympian Star,Feeder,15,1500,2020-08-01,2020,8,7381,Spot,Maersk Line,28.1,1.9,93.62,207406.0,194460.0,6534.0,6412.0,6695.73,6482,3.09
V003,Olympian Star,Feeder,15,1500,2020-09-01,2020,9,8596,Spot,Pacific International Lines,27.4,2.6,91.33,235530.0,188190.0,6143.0,41197.0,7646.23,6273,17.49
V003,Olympian Star,Feeder,15,1500,2020-10-01,2020,10,9189,Spot,Hapag-Lloyd,27.8,2.2,92.74,255454.0,197550.0,4361.0,53543.0,8369.77,6585,20.96
V003,Olympian Star,Feeder,15,1500,2020-11-01,2020,11,10016,Time Charter,COSCO Shipping,28.1,1.9,93.8,281450.0,194910.0,0.0,86540.0,9381.67,6497,30.75
V003,Olympian Star,Feeder,15,1500,2020-12-01,2020,12,11043,Spot,Wan Hai Lines,27.1,2.9,90.44,299265.0,200280.0,7341.0,91644.0,9730.8,6676,30.62
V003,Olympian Star,Feeder,16,1500,2021-01-01,2021,1,12089,Time Charter,COSCO Shipping,27.8,2.2,92.61,336074.0,205560.0,0.0,130514.0,11202.47,6852,38.83
V003,Olympian Star,Feeder,16,1500,2021-02-01,2021,2,13857,Spot,Wan Hai Lines,27.4,2.6,91.47,379682.0,194970.0,5283.0,179429.0,12479.97,6499,47.26
V003,Olympian Star,Feeder,16,1500,2021-03-01,2021,3,15752,Time Charter,MSC,27.3,2.7,91.08,430030.0,198660.0,0.0,231370.0,14334.33,6622,53.8
V003,Olympian Star,Feeder,16,1500,2021-04-01,2021,4,17760,Time Charter,Hapag-Lloyd,27.5,2.5,91.62,488400.0,200250.0,0.0,288150.0,16280.0,6675,59.0
V003,Olympian Star,Feeder,16,1500,2021-05-01,2021,5,19875,Spot,KMTC,28.9,1.1,96.47,574388.0,210510.0,4746.0,359132.0,18988.07,7017,62.52
V003,Olympian Star,Feeder,16,1500,2021-06-01,2021,6,21667,Spot,HMM,28.4,1.6,94.71,615343.0,208020.0,4163.0,403160.0,20372.67,6934,65.52
V003,Olympian Star,Feeder,16,1500,2021-07-01,2021,7,24162,Time Charter,Pacific International Lines,28.8,1.2,95.85,695866.0,201810.0,0.0,494056.0,23195.53,6727,71.0
V003,Olympian Star,Feeder,16,1500,2021-08-01,2021,8,26880,Time Charter,Sinokor Merchant Marine,28.9,1.1,96.42,776832.0,204420.0,0.0,572412.0,25894.4,6814,73.69
V003,Olympian Star,Feeder,16,1500,2021-09-01,2021,9,28937,Time Charter,ONE (Ocean Network Express),28.5,1.5,95.06,824704.0,206370.0,0.0,618334.0,27490.13,6879,74.98
V003,Olympian Star,Feeder,16,1500,2021-10-01,2021,10,31716,Time Charter,PIL,28.2,1.8,94.0,894391.0,211680.0,0.0,682711.0,29813.03,7056,76.33
V003,Olympian Star,Feeder,16,1500,2021-11-01,2021,11,33523,Spot,Zim Integrated Shipping,29.0,1.0,96.74,972167.0,203820.0,6364.0,761983.0,32193.43,6794,78.38
V003,Olympian Star,Feeder,16,1500,2021-12-01,2021,12,36901,Spot,CMA CGM,29.0,1.0,96.8,1070129.0,204420.0,6710.0,858999.0,35447.3,6814,80.27
V003,Olympian Star,Feeder,17,1500,2022-01-01,2022,1,35474,Spot,Pacific International Lines,28.9,1.1,96.37,1025199.0,215790.0,4066.0,805343.0,34037.77,7193,78.55
V003,Olympian Star,Feeder,17,1500,2022-02-01,2022,2,38676,Spot,Pacific International Lines,29.3,0.7,97.75,1133207.0,215730.0,6048.0,911429.0,37571.97,7191,80.43
V003,Olympian Star,Feeder,17,1500,2022-03-01,2022,3,42608,Time Charter,COSCO Shipping,29.0,1.0,96.61,1235632.0,215130.0,0.0,1020502.0,41187.73,7171,82.59
V003,Olympian Star,Feeder,17,1500,2022-04-01,2022,4,43210,Spot,Sinokor Merchant Marine,28.7,1.3,95.7,1240127.0,220110.0,4906.0,1015111.0,41174.03,7337,81.86
V003,Olympian Star,Feeder,17,1500,2022-05-01,2022,5,39092,Time Charter,CMA CGM,29.0,1.0,96.66,1133668.0,206550.0,0.0,927118.0,37788.93,6885,81.78
V003,Olympian Star,Feeder,17,1500,2022-06-01,2022,6,35573,Time Charter,KMTC,28.5,1.5,95.09,1013830.0,211290.0,0.0,802540.0,33794.33,7043,79.16
V003,Olympian Star,Feeder,17,1500,2022-07-01,2022,7,31507,Spot,KMTC,27.8,2.2,92.52,875895.0,217260.0,6581.0,652054.0,28977.13,7242,74.44
V003,Olympian Star,Feeder,17,1500,2022-08-01,2022,8,27882,Time Charter,CMA CGM,28.7,1.3,95.72,800213.0,212370.0,0.0,587843.0,26673.77,7079,73.46
V003,Olympian Star,Feeder,17,1500,2022-09-01,2022,9,24102,Spot,Pacific International Lines,28.2,1.8,93.96,679676.0,215790.0,4697.0,459189.0,22499.3,7193,67.56
V003,Olympian Star,Feeder,17,1500,2022-10-01,2022,10,21857,Time Charter,ONE (Ocean Network Express),28.5,1.5,94.88,622924.0,215850.0,0.0,407074.0,20764.13,7195,65.35
V003,Olympian Star,Feeder,17,1500,2022-11-01,2022,11,19797,Spot,Maersk Line,28.5,1.5,95.03,564214.0,216810.0,6764.0,340640.0,18581.67,7227,60.37
V003,Olympian Star,Feeder,17,1500,2022-12-01,2022,12,18121,Time Charter,CMA CGM,28.9,1.1,96.41,523697.0,211860.0,0.0,311837.0,17456.57,7062,59.55
V003,Olympian Star,Feeder,18,1500,2023-01-01,2023,1,12880,Time Charter,Zim Integrated Shipping,28.0,2.0,93.2,360640.0,224130.0,0.0,136510.0,12021.33,7471,37.85
V003,Olympian Star,Feeder,18,1500,2023-02-01,2023,2,11857,Time Charter,Pacific International Lines,27.1,2.9,90.27,321325.0,220230.0,0.0,101095.0,10710.83,7341,31.46
V003,Olympian Star,Feeder,18,1500,2023-03-01,2023,3,11834,Time Charter,Hapag-Lloyd,27.5,2.5,91.63,325435.0,227490.0,0.0,97945.0,10847.83,7583,30.1
V003,Olympian Star,Feeder,18,1500,2023-04-01,2023,4,11327,Spot,KMTC,26.8,3.2,89.44,303564.0,224040.0,5547.0,73977.0,9933.9,7468,24.37
V003,Olympian Star,Feeder,18,1500,2023-05-01,2023,5,10304,Time Charter,Pacific International Lines,27.3,2.7,90.85,281299.0,221850.0,0.0,59449.0,9376.63,7395,21.13
V003,Olympian Star,Feeder,18,1500,2023-06-01,2023,6,9995,Time Charter,ONE (Ocean Network Express),27.2,2.8,90.83,271864.0,219810.0,0.0,52054.0,9062.13,7327,19.15
V003,Olympian Star,Feeder,18,1500,2023-07-01,2023,7,10219,Spot,KMTC,26.9,3.1,89.71,274891.0,225930.0,7747.0,41214.0,8904.8,7531,14.99
V003,Olympian Star,Feeder,18,1500,2023-08-01,2023,8,10115,Spot,Wan Hai Lines,27.3,2.7,90.86,276140.0,227130.0,4550.0,44460.0,9053.0,7571,16.1
V003,Olympian Star,Feeder,18,1500,2023-09-01,2023,9,10821,Spot,Sinokor Merchant Marine,27.4,2.6,91.5,296495.0,223560.0,5364.0,67571.0,9704.37,7452,22.79
V003,Olympian Star,Feeder,18,1500,2023-10-01,2023,10,11042,Time Charter,Zim Integrated Shipping,27.5,2.5,91.52,303655.0,221550.0,0.0,82105.0,10121.83,7385,27.04
V003,Olympian Star,Feeder,18,1500,2023-11-01,2023,11,11470,Time Charter,KMTC,26.6,3.4,88.75,305102.0,221790.0,0.0,83312.0,10170.07,7393,27.31
V003,Olympian Star,Feeder,18,1500,2023-12-01,2023,12,11654,Spot,COSCO Shipping,26.8,3.2,89.19,312327.0,223530.0,4454.0,84343.0,10262.43,7451,27.0
V003,Olympian Star,Feeder,19,1500,2024-01-01,2024,1,11039,Time Charter,Evergreen Marine,27.3,2.7,90.96,301365.0,233700.0,0.0,67665.0,10045.5,7790,22.45
V003,Olympian Star,Feeder,19,1500,2024-02-01,2024,2,11446,Spot,CMA CGM,27.0,3.0,90.13,309042.0,235050.0,7699.0,66293.0,10044.77,7835,21.45
V003,Olympian Star,Feeder,19,1500,2024-03-01,2024,3,12198,Time Charter,KMTC,27.5,2.5,91.57,335445.0,235170.0,0.0,100275.0,11181.5,7839,29.89
V003,Olympian Star,Feeder,19,1500,2024-04-01,2024,4,12443,Time Charter,Zim Integrated Shipping,27.3,2.7,90.87,339694.0,236430.0,0.0,103264.0,11323.13,7881,30.4
V003,Olympian Star,Feeder,19,1500,2024-05-01,2024,5,12785,Spot,MSC,27.3,2.7,90.91,349030.0,230970.0,7509.0,110551.0,11384.03,7699,31.67
V003,Olympian Star,Feeder,19,1500,2024-06-01,2024,6,13923,Spot,ONE (Ocean Network Express),26.7,3.3,89.02,371744.0,232500.0,5032.0,134212.0,12223.73,7750,36.1
V003,Olympian Star,Feeder,19,1500,2024-07-01,2024,7,12916,Spot,Sinokor Merchant Marine,27.0,3.0,90.12,348732.0,238200.0,6640.0,103892.0,11403.07,7940,29.79
V003,Olympian Star,Feeder,19,1500,2024-08-01,2024,8,12888,Spot,Maersk Line,26.8,3.2,89.39,345398.0,234150.0,7269.0,103979.0,11270.97,7805,30.1
V003,Olympian Star,Feeder,19,1500,2024-09-01,2024,9,12701,Time Charter,Sinokor Merchant Marine,27.6,2.4,92.16,350548.0,229080.0,0.0,121468.0,11684.93,7636,34.65
V003,Olympian Star,Feeder,19,1500,2024-10-01,2024,10,12347,Time Charter,Yang Ming,26.6,3.4,88.67,328430.0,233640.0,0.0,94790.0,10947.67,7788,28.86
V003,Olympian Star,Feeder,19,1500,2024-11-01,2024,11,11883,Time Charter,COSCO Shipping,27.4,2.6,91.35,325594.0,234330.0,0.0,91264.0,10853.13,7811,28.03
V003,Olympian Star,Feeder,19,1500,2024-12-01,2024,12,12141,Time Charter,COSCO Shipping,27.7,2.3,92.24,336306.0,238650.0,0.0,97656.0,11210.2,7955,29.04
V004,Ionian Spirit,Feeder,2,1800,2008-01-01,2008,1,15994,Time Charter,Sinokor Merchant Marine,28.3,1.7,94.28,452630.0,129150.0,0.0,323480.0,15087.67,4305,71.47
V004,Ionian Spirit,Feeder,2,1800,2008-02-01,2008,2,15698,Spot,Pacific International Lines,27.9,2.1,93.08,437974.0,129000.0,6221.0,302753.0,14391.77,4300,69.13
V004,Ionian Spirit,Feeder,2,1800,2008-03-01,2008,3,16204,Time Charter,Yang Ming,28.0,2.0,93.46,453712.0,135330.0,0.0,318382.0,15123.73,4511,70.17
V004,Ionian Spirit,Feeder,2,1800,2008-04-01,2008,4,16778,Time Charter,Hapag-Lloyd,27.6,2.4,92.08,463073.0,127200.0,0.0,335873.0,15435.77,4240,72.53
V004,Ionian Spirit,Feeder,2,1800,2008-05-01,2008,5,17288,Time Charter,Evergreen Marine,28.1,1.9,93.63,485793.0,128340.0,0.0,357453.0,16193.1,4278,73.58
V004,Ionian Spirit,Feeder,2,1800,2008-06-01,2008,6,17914,Time Charter,Sinokor Merchant Marine,28.3,1.7,94.38,506966.0,129570.0,0.0,377396.0,16898.87,4319,74.44
V004,Ionian Spirit,Feeder,2,1800,2008-07-01,2008,7,18026,Time Charter,KMTC,28.3,1.7,94.18,510136.0,128220.0,0.0,381916.0,17004.53,4274,74.87
V004,Ionian Spirit,Feeder,2,1800,2008-08-01,2008,8,18244,Time Charter,Sinokor Merchant Marine,28.1,1.9,93.55,512656.0,127320.0,0.0,385336.0,17088.53,4244,75.16
V004,Ionian Spirit,Feeder,2,1800,2008-09-01,2008,9,16564,Spot,COSCO Shipping,28.6,1.4,95.18,473730.0,130320.0,6119.0,337291.0,15587.03,4344,71.2
V004,Ionian Spirit,Feeder,2,1800,2008-10-01,2008,10,13227,Time Charter,COSCO Shipping,27.9,2.1,92.88,369033.0,132870.0,0.0,236163.0,12301.1,4429,64.0
V004,Ionian Spirit,Feeder,2,1800,2008-11-01,2008,11,10672,Time Charter,Maersk Line,28.0,2.0,93.47,298816.0,128910.0,0.0,169906.0,9960.53,4297,56.86
V004,Ionian Spirit,Feeder,2,1800,2008-12-01,2008,12,7422,Spot,Wan Hai Lines,26.7,3.3,89.07,198167.0,139110.0,4967.0,54090.0,6440.0,4637,27.3
V004,Ionian Spirit,Feeder,3,1800,2009-01-01,2009,1,2659,Time Charter,COSCO Shipping,23.5,6.5,78.39,62486.0,126450.0,0.0,-63964.0,2082.87,4215,-102.37
V004,Ionian Spirit,Feeder,3,1800,2009-02-01,2009,2,3122,Spot,ONE (Ocean Network Express),24.4,5.6,81.19,76177.0,134670.0,4372.0,-62865.0,2393.5,4489,-82.52
V004,Ionian Spirit,Feeder,3,1800,2009-03-01,2009,3,2985,Time Charter,Hapag-Lloyd,24.8,5.2,82.59,74028.0,130020.0,0.0,-55992.0,2467.6,4334,-75.64
V004,Ionian Spirit,Feeder,3,1800,2009-04-01,2009,4,3757,Time Charter,Evergreen Marine,24.5,5.5,81.81,92046.0,131400.0,0.0,-39354.0,3068.2,4380,-42.75
V004,Ionian Spirit,Feeder,3,1800,2009-05-01,2009,5,3646,Time Charter,Sinokor Merchant Marine,25.3,4.7,84.23,92244.0,134490.0,0.0,-42246.0,3074.8,4483,-45.8
V004,Ionian Spirit,Feeder,3,1800,2009-06-01,2009,6,3990,Spot,MSC,24.2,5.8,80.59,96558.0,141000.0,7589.0,-52031.0,2965.63,4700,-53.89
V004,Ionian Spirit,Feeder,3,1800,2009-07-01,2009,7,4050,Time Charter,KMTC,25.9,4.1,86.35,104895.0,136830.0,0.0,-31935.0,3496.5,4561,-30.44
V004,Ionian Spirit,Feeder,3,1800,2009-08-01,2009,8,5079,Time Charter,Evergreen Marine,26.9,3.1,89.54,136625.0,139680.0,0.0,-3055.0,4554.17,4656,-2.24
V004,Ionian Spirit,Feeder,3,1800,2009-09-01,2009,9,4625,Time Charter,Hapag-Lloyd,26.9,3.1,89.72,124412.0,127920.0,0.0,-3508.0,4147.07,4264,-2.82
V004,Ionian Spirit,Feeder,3,1800,2009-10-01,2009,10,4516,Time Charter,Wan Hai Lines,26.8,3.2,89.29,121029.0,137550.0,0.0,-16521.0,4034.3,4585,-13.65
V004,Ionian Spirit,Feeder,3,1800,2009-11-01,2009,11,5347,Time Charter,HMM,26.5,3.5,88.2,141696.0,126540.0,0.0,15156.0,4723.2,4218,10.7
V004,Ionian Spirit,Feeder,3,1800,2009-12-01,2009,12,4848,Time Charter,ONE (Ocean Network Express),26.8,3.2,89.27,129926.0,134160.0,0.0,-4234.0,4330.87,4472,-3.26
V004,Ionian Spirit,Feeder,4,1800,2010-01-01,2010,1,5071,Time Charter,Wan Hai Lines,26.4,3.6,87.89,133874.0,141060.0,0.0,-7186.0,4462.47,4702,-5.37
V004,Ionian Spirit,Feeder,4,1800,2010-02-01,2010,2,4515,Spot,Sinokor Merchant Marine,26.1,3.9,87.1,117842.0,137760.0,7602.0,-27520.0,3674.67,4592,-23.35
V004,Ionian Spirit,Feeder,4,1800,2010-03-01,2010,3,4899,Time Charter,HMM,26.5,3.5,88.35,129824.0,137550.0,0.0,-7726.0,4327.47,4585,-5.95
V004,Ionian Spirit,Feeder,4,1800,2010-04-01,2010,4,5599,Time Charter,Hapag-Lloyd,25.8,4.2,86.11,144454.0,132300.0,0.0,12154.0,4815.13,4410,8.41
V004,Ionian Spirit,Feeder,4,1800,2010-05-01,2010,5,5860,Spot,Maersk Line,26.2,3.8,87.28,153532.0,135300.0,6532.0,11700.0,4900.0,4510,7.62
V004,Ionian Spirit,Feeder,4,1800,2010-06-01,2010,6,5851,Time Charter,MSC,26.5,3.5,88.35,155052.0,127650.0,0.0,27402.0,5168.4,4255,17.67
V004,Ionian Spirit,Feeder,4,1800,2010-07-01,2010,7,5984,Time Charter,Pacific International Lines,26.1,3.9,87.07,156182.0,139380.0,0.0,16802.0,5206.07,4646,10.76
V004,Ionian Spirit,Feeder,4,1800,2010-08-01,2010,8,6052,Spot,Evergreen Marine,26.1,3.9,87.01,157957.0,133200.0,5356.0,19401.0,5086.7,4440,12.28
V004,Ionian Spirit,Feeder,4,1800,2010-09-01,2010,9,5780,Time Charter,CMA CGM,26.8,3.2,89.45,154904.0,134910.0,0.0,19994.0,5163.47,4497,12.91
V004,Ionian Spirit,Feeder,4,1800,2010-10-01,2010,10,6226,Time Charter,PIL,26.1,3.9,87.11,162499.0,133110.0,0.0,29389.0,5416.63,4437,18.09
V004,Ionian Spirit,Feeder,4,1800,2010-11-01,2010,11,6452,Spot,Evergreen Marine,25.9,4.1,86.43,167107.0,138360.0,5397.0,23350.0,5390.33,4612,13.97
V004,Ionian Spirit,Feeder,4,1800,2010-12-01,2010,12,7119,Spot,Maersk Line,27.0,3.0,89.84,192213.0,132300.0,6904.0,53009.0,6176.97,4410,27.58
V004,Ionian Spirit,Feeder,5,1800,2011-01-01,2011,1,6792,Time Charter,MSC,26.0,4.0,86.65,176592.0,142890.0,0.0,33702.0,5886.4,4763,19.08
V004,Ionian Spirit,Feeder,5,1800,2011-02-01,2011,2,6109,Time Charter,PIL,26.8,3.2,89.26,163721.0,135630.0,0.0,28091.0,5457.37,4521,17.16
V004,Ionian Spirit,Feeder,5,1800,2011-03-01,2011,3,6907,Spot,ONE (Ocean Network Express),27.0,3.0,90.04,186489.0,142470.0,7588.0,36431.0,5963.37,4749,19.54
V004,Ionian Spirit,Feeder,5,1800,2011-04-01,2011,4,6783,Time Charter,Hapag-Lloyd,26.6,3.4,88.51,180428.0,145140.0,0.0,35288.0,6014.27,4838,19.56
V004,Ionian Spirit,Feeder,5,1800,2011-05-01,2011,5,6661,Time Charter,Zim Integrated Shipping,26.7,3.3,89.13,177849.0,137880.0,0.0,39969.0,5928.3,4596,22.47
V004,Ionian Spirit,Feeder,5,1800,2011-06-01,2011,6,7233,Time Charter,KMTC,25.7,4.3,85.64,185888.0,147690.0,0.0,38198.0,6196.27,4923,20.55
V004,Ionian Spirit,Feeder,5,1800,2011-07-01,2011,7,7371,Time Charter,Hapag-Lloyd,26.3,3.7,87.7,193857.0,139260.0,0.0,54597.0,6461.9,4642,28.16
V004,Ionian Spirit,Feeder,5,1800,2011-08-01,2011,8,7445,Spot,ONE (Ocean Network Express),26.6,3.4,88.78,198037.0,140280.0,7548.0,50209.0,6349.63,4676,25.35
V004,Ionian Spirit,Feeder,5,1800,2011-09-01,2011,9,6948,Spot,PIL,26.5,3.5,88.33,184122.0,135960.0,7120.0,41042.0,5900.07,4532,22.29
V004,Ionian Spirit,Feeder,5,1800,2011-10-01,2011,10,7237,Time Charter,HMM,26.4,3.6,88.12,191057.0,129660.0,0.0,61397.0,6368.57,4322,32.14
V004,Ionian Spirit,Feeder,5,1800,2011-11-01,2011,11,7408,Spot,MSC,26.0,4.0,86.69,192608.0,137010.0,6568.0,49030.0,6201.33,4567,25.46
V004,Ionian Spirit,Feeder,5,1800,2011-12-01,2011,12,7732,Time Charter,ONE (Ocean Network Express),26.4,3.6,88.09,204125.0,140730.0,0.0,63395.0,6804.17,4691,31.06
V004,Ionian Spirit,Feeder,6,1800,2012-01-01,2012,1,6894,Spot,Pacific International Lines,26.5,3.5,88.19,182691.0,139620.0,4337.0,38734.0,5945.13,4654,21.2
V004,Ionian Spirit,Feeder,6,1800,2012-02-01,2012,2,6859,Time Charter,PIL,26.6,3.4,88.69,182449.0,140220.0,0.0,42229.0,6081.63,4674,23.15
V004,Ionian Spirit,Feeder,6,1800,2012-03-01,2012,3,6468,Time Charter,COSCO Shipping,26.5,3.5,88.39,171402.0,145650.0,0.0,25752.0,5713.4,4855,15.02
V004,Ionian Spirit,Feeder,6,1800,2012-04-01,2012,4,6279,Time Charter,Evergreen Marine,26.5,3.5,88.39,166394.0,147180.0,0.0,19214.0,5546.47,4906,11.55
V004,Ionian Spirit,Feeder,6,1800,2012-05-01,2012,5,6918,Spot,Maersk Line,26.6,3.4,88.58,184019.0,146130.0,4647.0,33242.0,5979.07,4871,18.06
V004,Ionian Spirit,Feeder,6,1800,2012-06-01,2012,6,6977,Time Charter,Zim Integrated Shipping,26.2,3.8,87.35,182797.0,139260.0,0.0,43537.0,6093.23,4642,23.82
V004,Ionian Spirit,Feeder,6,1800,2012-07-01,2012,7,6387,Time Charter,ONE (Ocean Network Express),26.2,3.8,87.2,167339.0,145860.0,0.0,21479.0,5577.97,4862,12.84
V004,Ionian Spirit,Feeder,6,1800,2012-08-01,2012,8,6651,Time Charter,Maersk Line,25.9,4.1,86.33,172261.0,142350.0,0.0,29911.0,5742.03,4745,17.36
V004,Ionian Spirit,Feeder,6,1800,2012-09-01,2012,9,6295,Time Charter,HMM,26.9,3.1,89.64,169336.0,134160.0,0.0,35176.0,5644.53,4472,20.77
V004,Ionian Spirit,Feeder,6,1800,2012-10-01,2012,10,5833,Time Charter,Pacific International Lines,26.1,3.9,87.09,152241.0,146040.0,0.0,6201.0,5074.7,4868,4.07
V004,Ionian Spirit,Feeder,6,1800,2012-11-01,2012,11,6091,Time Charter,KMTC,25.8,4.2,85.86,157148.0,140730.0,0.0,16418.0,5238.27,4691,10.45
V004,Ionian Spirit,Feeder,6,1800,2012-12-01,2012,12,6400,Spot,HMM,26.2,3.8,87.44,167680.0,144570.0,7594.0,15516.0,5336.2,4819,9.25
V004,Ionian Spirit,Feeder,7,1800,2013-01-01,2013,1,5823,Time Charter,Wan Hai Lines,25.9,4.1,86.37,150816.0,148020.0,0.0,2796.0,5027.2,4934,1.85
V004,Ionian Spirit,Feeder,7,1800,2013-02-01,2013,2,6406,Time Charter,Zim Integrated Shipping,26.6,3.4,88.72,170400.0,150570.0,0.0,19830.0,5680.0,5019,11.64
V004,Ionian Spirit,Feeder,7,1800,2013-03-01,2013,3,5060,Time Charter,Zim Integrated Shipping,26.2,3.8,87.41,132572.0,151770.0,0.0,-19198.0,4419.07,5059,-14.48
V004,Ionian Spirit,Feeder,7,1800,2013-04-01,2013,4,6254,Spot,Zim Integrated Shipping,26.4,3.6,88.11,165106.0,143760.0,6426.0,14920.0,5289.33,4792,9.04
V004,Ionian Spirit,Feeder,7,1800,2013-05-01,2013,5,6003,Time Charter,Wan Hai Lines,25.8,4.2,86.14,154877.0,141090.0,0.0,13787.0,5162.57,4703,8.9
V004,Ionian Spirit,Feeder,7,1800,2013-06-01,2013,6,5973,Time Charter,COSCO Shipping,27.0,3.0,89.87,161271.0,151410.0,0.0,9861.0,5375.7,5047,6.11
V004,Ionian Spirit,Feeder,7,1800,2013-07-01,2013,7,6100,Spot,Hapag-Lloyd,26.7,3.3,89.02,162870.0,141750.0,4037.0,17083.0,5294.43,4725,10.49
V004,Ionian Spirit,Feeder,7,1800,2013-08-01,2013,8,5426,Time Charter,ONE (Ocean Network Express),27.1,2.9,90.24,147045.0,147870.0,0.0,-825.0,4901.5,4929,-0.56
V004,Ionian Spirit,Feeder,7,1800,2013-09-01,2013,9,6125,Time Charter,MSC,26.2,3.8,87.45,160475.0,148050.0,0.0,12425.0,5349.17,4935,7.74
V004,Ionian Spirit,Feeder,7,1800,2013-10-01,2013,10,6337,Time Charter,Wan Hai Lines,26.4,3.6,88.09,167297.0,145830.0,0.0,21467.0,5576.57,4861,12.83
V004,Ionian Spirit,Feeder,7,1800,2013-11-01,2013,11,6725,Spot,Pacific International Lines,26.4,3.6,87.96,177540.0,148200.0,4406.0,24934.0,5771.13,4940,14.04
V004,Ionian Spirit,Feeder,7,1800,2013-12-01,2013,12,6103,Spot,Hapag-Lloyd,26.4,3.6,88.0,161119.0,144720.0,6654.0,9745.0,5148.83,4824,6.05
V004,Ionian Spirit,Feeder,8,1800,2014-01-01,2014,1,5883,Time Charter,PIL,26.2,3.8,87.29,154135.0,146160.0,0.0,7975.0,5137.83,4872,5.17
V004,Ionian Spirit,Feeder,8,1800,2014-02-01,2014,2,5938,Time Charter,Hapag-Lloyd,26.2,3.8,87.39,155576.0,151800.0,0.0,3776.0,5185.87,5060,2.43
V004,Ionian Spirit,Feeder,8,1800,2014-03-01,2014,3,6291,Spot,Wan Hai Lines,25.8,4.2,86.1,162308.0,144660.0,4020.0,13628.0,5276.27,4822,8.4
V004,Ionian Spirit,Feeder,8,1800,2014-04-01,2014,4,6061,Spot,Sinokor Merchant Marine,26.5,3.5,88.35,160616.0,148650.0,4643.0,7323.0,5199.1,4955,4.56
V004,Ionian Spirit,Feeder,8,1800,2014-05-01,2014,5,5714,Time Charter,MSC,26.0,4.0,86.58,148564.0,149520.0,0.0,-956.0,4952.13,4984,-0.64
V004,Ionian Spirit,Feeder,8,1800,2014-06-01,2014,6,5965,Time Charter,Zim Integrated Shipping,26.9,3.1,89.63,160458.0,148740.0,0.0,11718.0,5348.6,4958,7.3
V004,Ionian Spirit,Feeder,8,1800,2014-07-01,2014,7,5773,Time Charter,Pacific International Lines,26.2,3.8,87.41,151253.0,146370.0,0.0,4883.0,5041.77,4879,3.23
V004,Ionian Spirit,Feeder,8,1800,2014-08-01,2014,8,6047,Time Charter,Evergreen Marine,26.8,3.2,89.24,162060.0,151350.0,0.0,10710.0,5402.0,5045,6.61
V004,Ionian Spirit,Feeder,8,1800,2014-09-01,2014,9,5358,Spot,HMM,26.5,3.5,88.2,141987.0,147690.0,6195.0,-11898.0,4526.4,4923,-8.38
V004,Ionian Spirit,Feeder,8,1800,2014-10-01,2014,10,5453,Time Charter,Evergreen Marine,26.0,4.0,86.69,141778.0,154320.0,0.0,-12542.0,4725.93,5144,-8.85
V004,Ionian Spirit,Feeder,8,1800,2014-11-01,2014,11,5338,Time Charter,Wan Hai Lines,26.3,3.7,87.74,140389.0,148620.0,0.0,-8231.0,4679.63,4954,-5.86
V004,Ionian Spirit,Feeder,8,1800,2014-12-01,2014,12,4863,Spot,ONE (Ocean Network Express),26.8,3.2,89.28,130328.0,142470.0,6768.0,-18910.0,4118.67,4749,-14.51
V004,Ionian Spirit,Feeder,9,1800,2015-01-01,2015,1,5314,Time Charter,Hapag-Lloyd,26.4,3.6,87.88,140290.0,155730.0,0.0,-15440.0,4676.33,5191,-11.01
V004,Ionian Spirit,Feeder,9,1800,2015-02-01,2015,2,5205,Time Charter,ONE (Ocean Network Express),26.1,3.9,86.85,135850.0,156240.0,0.0,-20390.0,4528.33,5208,-15.01
V004,Ionian Spirit,Feeder,9,1800,2015-03-01,2015,3,4998,Spot,Zim Integrated Shipping,26.0,4.0,86.79,129948.0,152370.0,6608.0,-29030.0,4111.33,5079,-22.34
V004,Ionian Spirit,Feeder,9,1800,2015-04-01,2015,4,4829,Time Charter,Evergreen Marine,27.0,3.0,89.95,130383.0,148920.0,0.0,-18537.0,4346.1,4964,-14.22
V004,Ionian Spirit,Feeder,9,1800,2015-05-01,2015,5,4337,Spot,HMM,26.7,3.3,89.02,115798.0,151350.0,4897.0,-40449.0,3696.7,5045,-34.93
V004,Ionian Spirit,Feeder,9,1800,2015-06-01,2015,6,4535,Spot,CMA CGM,26.3,3.7,87.53,119270.0,156750.0,6849.0,-44329.0,3747.37,5225,-37.17
V004,Ionian Spirit,Feeder,9,1800,2015-07-01,2015,7,4443,Time Charter,COSCO Shipping,26.7,3.3,88.97,118628.0,152400.0,0.0,-33772.0,3954.27,5080,-28.47
V004,Ionian Spirit,Feeder,9,1800,2015-08-01,2015,8,4197,Time Charter,ONE (Ocean Network Express),26.4,3.6,88.03,110801.0,151020.0,0.0,-40219.0,3693.37,5034,-36.3
V004,Ionian Spirit,Feeder,9,1800,2015-09-01,2015,9,4298,Spot,Wan Hai Lines,26.5,3.5,88.25,113897.0,156660.0,4949.0,-47712.0,3631.6,5222,-41.89
V004,Ionian Spirit,Feeder,9,1800,2015-10-01,2015,10,4412,Time Charter,ONE (Ocean Network Express),27.0,3.0,90.13,119124.0,153480.0,0.0,-34356.0,3970.8,5116,-28.84
V004,Ionian Spirit,Feeder,9,1800,2015-11-01,2015,11,4764,Time Charter,Wan Hai Lines,26.2,3.8,87.26,124817.0,149430.0,0.0,-24613.0,4160.57,4981,-19.72
V004,Ionian Spirit,Feeder,9,1800,2015-12-01,2015,12,4098,Time Charter,Zim Integrated Shipping,26.9,3.1,89.61,110236.0,153570.0,0.0,-43334.0,3674.53,5119,-39.31
V004,Ionian Spirit,Feeder,10,1800,2016-01-01,2016,1,3831,Time Charter,Pacific International Lines,24.5,5.5,81.74,93860.0,162300.0,0.0,-68440.0,3128.67,5410,-72.92
V004,Ionian Spirit,Feeder,10,1800,2016-02-01,2016,2,3778,Time Charter,CMA CGM,24.3,5.7,81.12,91805.0,164280.0,0.0,-72475.0,3060.17,5476,-78.94
V004,Ionian Spirit,Feeder,10,1800,2016-03-01,2016,3,3275,Time Charter,PIL,25.1,4.9,83.73,82202.0,149730.0,0.0,-67528.0,2740.07,4991,-82.15
V004,Ionian Spirit,Feeder,10,1800,2016-04-01,2016,4,3947,Time Charter,PIL,26.3,3.7,87.71,103806.0,165960.0,0.0,-62154.0,3460.2,5532,-59.88
V004,Ionian Spirit,Feeder,10,1800,2016-05-01,2016,5,4077,Spot,Evergreen Marine,26.1,3.9,86.94,106410.0,163890.0,5302.0,-62782.0,3370.27,5463,-59.0
V004,Ionian Spirit,Feeder,10,1800,2016-06-01,2016,6,4920,Spot,ONE (Ocean Network Express),26.6,3.4,88.77,130872.0,158910.0,6986.0,-35024.0,4129.53,5297,-26.76
V004,Ionian Spirit,Feeder,10,1800,2016-07-01,2016,7,4123,Time Charter,HMM,26.5,3.5,88.46,109260.0,155310.0,0.0,-46050.0,3642.0,5177,-42.15
V004,Ionian Spirit,Feeder,10,1800,2016-08-01,2016,8,4372,Spot,Sinokor Merchant Marine,25.9,4.1,86.24,113235.0,157140.0,6599.0,-50504.0,3554.53,5238,-44.6
V004,Ionian Spirit,Feeder,10,1800,2016-09-01,2016,9,4322,Spot,Maersk Line,26.7,3.3,88.98,115397.0,146640.0,7397.0,-38640.0,3600.0,4888,-33.48
V004,Ionian Spirit,Feeder,10,1800,2016-10-01,2016,10,4104,Time Charter,Evergreen Marine,26.3,3.7,87.72,107935.0,155880.0,0.0,-47945.0,3597.83,5196,-44.42
V004,Ionian Spirit,Feeder,10,1800,2016-11-01,2016,11,4875,Spot,Evergreen Marine,26.3,3.7,87.7,128212.0,156480.0,6630.0,-34898.0,4052.73,5216,-27.22
V004,Ionian Spirit,Feeder,10,1800,2016-12-01,2016,12,4906,Time Charter,COSCO Shipping,26.0,4.0,86.71,127556.0,159450.0,0.0,-31894.0,4251.87,5315,-25.0
V004,Ionian Spirit,Feeder,11,1800,2017-01-01,2017,1,4840,Time Charter,ONE (Ocean Network Express),26.9,3.1,89.78,130196.0,162300.0,0.0,-32104.0,4339.87,5410,-24.66
V004,Ionian Spirit,Feeder,11,1800,2017-02-01,2017,2,4467,Time Charter,KMTC,26.5,3.5,88.24,118376.0,160950.0,0.0,-42574.0,3945.87,5365,-35.97
V004,Ionian Spirit,Feeder,11,1800,2017-03-01,2017,3,5394,Time Charter,PIL,26.6,3.4,88.78,143480.0,165450.0,0.0,-21970.0,4782.67,5515,-15.31
V004,Ionian Spirit,Feeder,11,1800,2017-04-01,2017,4,4679,Time Charter,PIL,26.7,3.3,89.12,124929.0,168090.0,0.0,-43161.0,4164.3,5603,-34.55
V004,Ionian Spirit,Feeder,11,1800,2017-05-01,2017,5,5565,Time Charter,Wan Hai Lines,26.3,3.7,87.72,146360.0,166260.0,0.0,-19900.0,4878.67,5542,-13.6
V004,Ionian Spirit,Feeder,11,1800,2017-06-01,2017,6,6278,Time Charter,Hapag-Lloyd,26.2,3.8,87.19,164484.0,169590.0,0.0,-5106.0,5482.8,5653,-3.1
V004,Ionian Spirit,Feeder,11,1800,2017-07-01,2017,7,5380,Time Charter,Yang Ming,26.4,3.6,87.9,142032.0,163500.0,0.0,-21468.0,4734.4,5450,-15.11
V004,Ionian Spirit,Feeder,11,1800,2017-08-01,2017,8,5743,Time Charter,Yang Ming,26.6,3.4,88.52,152764.0,166350.0,0.0,-13586.0,5092.13,5545,-8.89
V004,Ionian Spirit,Feeder,11,1800,2017-09-01,2017,9,6153,Time Charter,Yang Ming,26.0,4.0,86.81,159978.0,163560.0,0.0,-3582.0,5332.6,5452,-2.24
V004,Ionian Spirit,Feeder,11,1800,2017-10-01,2017,10,6139,Time Charter,Wan Hai Lines,26.4,3.6,87.85,162070.0,170010.0,0.0,-7940.0,5402.33,5667,-4.9
V004,Ionian Spirit,Feeder,11,1800,2017-11-01,2017,11,6033,Spot,COSCO Shipping,26.2,3.8,87.27,158065.0,165180.0,6273.0,-13388.0,5059.73,5506,-8.47
V004,Ionian Spirit,Feeder,11,1800,2017-12-01,2017,12,6716,Time Charter,HMM,26.4,3.6,88.15,177302.0,168240.0,0.0,9062.0,5910.07,5608,5.11
V004,Ionian Spirit,Feeder,12,1800,2018-01-01,2018,1,6251,Time Charter,Yang Ming,26.8,3.2,89.21,167527.0,174000.0,0.0,-6473.0,5584.23,5800,-3.86
V004,Ionian Spirit,Feeder,12,1800,2018-02-01,2018,2,6766,Spot,KMTC,26.1,3.9,87.05,176593.0,181560.0,4375.0,-9342.0,5740.6,6052,-5.29
V004,Ionian Spirit,Feeder,12,1800,2018-03-01,2018,3,6530,Spot,Pacific International Lines,26.0,4.0,86.57,169780.0,173670.0,5471.0,-9361.0,5476.97,5789,-5.51
V004,Ionian Spirit,Feeder,12,1800,2018-04-01,2018,4,7377,Spot,KMTC,26.0,4.0,86.7,191802.0,173130.0,5061.0,13611.0,6224.7,5771,7.1
V004,Ionian Spirit,Feeder,12,1800,2018-05-01,2018,5,6702,Spot,Zim Integrated Shipping,25.9,4.1,86.36,173582.0,173730.0,4976.0,-5124.0,5620.2,5791,-2.95
V004,Ionian Spirit,Feeder,12,1800,2018-06-01,2018,6,6883,Time Charter,CMA CGM,26.2,3.8,87.34,180335.0,174090.0,0.0,6245.0,6011.17,5803,3.46
V004,Ionian Spirit,Feeder,12,1800,2018-07-01,2018,7,7408,Spot,Wan Hai Lines,26.8,3.2,89.32,198534.0,173970.0,7892.0,16672.0,6354.73,5799,8.4
V004,Ionian Spirit,Feeder,12,1800,2018-08-01,2018,8,6909,Time Charter,MSC,26.5,3.5,88.47,183088.0,172200.0,0.0,10888.0,6102.93,5740,5.95
V004,Ionian Spirit,Feeder,12,1800,2018-09-01,2018,9,7412,Spot,Evergreen Marine,26.2,3.8,87.2,194194.0,178440.0,5572.0,10182.0,6287.4,5948,5.24
V004,Ionian Spirit,Feeder,12,1800,2018-10-01,2018,10,7933,Time Charter,HMM,28.0,2.0,93.31,222124.0,169950.0,0.0,52174.0,7404.13,5665,23.49
V004,Ionian Spirit,Feeder,12,1800,2018-11-01,2018,11,7044,Time Charter,Wan Hai Lines,26.8,3.2,89.24,188779.0,172620.0,0.0,16159.0,6292.63,5754,8.56
V004,Ionian Spirit,Feeder,12,1800,2018-12-01,2018,12,7800,Spot,Wan Hai Lines,27.9,2.1,93.03,217620.0,173700.0,7568.0,36352.0,7001.73,5790,16.7
V004,Ionian Spirit,Feeder,13,1800,2019-01-01,2019,1,7304,Time Charter,PIL,26.3,3.7,87.57,192095.0,185130.0,0.0,6965.0,6403.17,6171,3.63
V004,Ionian Spirit,Feeder,13,1800,2019-02-01,2019,2,7533,Time Charter,Hapag-Lloyd,27.7,2.3,92.19,208664.0,182040.0,0.0,26624.0,6955.47,6068,12.76
V004,Ionian Spirit,Feeder,13,1800,2019-03-01,2019,3,6876,Time Charter,MSC,26.5,3.5,88.48,182214.0,181020.0,0.0,1194.0,6073.8,6034,0.66
V004,Ionian Spirit,Feeder,13,1800,2019-04-01,2019,4,6684,Time Charter,Sinokor Merchant Marine,26.0,4.0,86.54,173784.0,180990.0,0.0,-7206.0,5792.8,6033,-4.15
V004,Ionian Spirit,Feeder,13,1800,2019-05-01,2019,5,7233,Time Charter,KMTC,25.5,4.5,85.14,184442.0,174810.0,0.0,9632.0,6148.07,5827,5.22
V004,Ionian Spirit,Feeder,13,1800,2019-06-01,2019,6,7077,Time Charter,COSCO Shipping,26.0,4.0,86.57,184002.0,183600.0,0.0,402.0,6133.4,6120,0.22
V004,Ionian Spirit,Feeder,13,1800,2019-07-01,2019,7,6982,Time Charter,Wan Hai Lines,26.8,3.2,89.31,187118.0,184620.0,0.0,2498.0,6237.27,6154,1.33
V004,Ionian Spirit,Feeder,13,1800,2019-08-01,2019,8,6937,Spot,Evergreen Marine,26.2,3.8,87.17,181749.0,183300.0,6525.0,-8076.0,5840.8,6110,-4.44
V004,Ionian Spirit,Feeder,13,1800,2019-09-01,2019,9,6632,Time Charter,COSCO Shipping,26.5,3.5,88.35,175748.0,178860.0,0.0,-3112.0,5858.27,5962,-1.77
V004,Ionian Spirit,Feeder,13,1800,2019-10-01,2019,10,6817,Time Charter,KMTC,26.5,3.5,88.42,180650.0,177150.0,0.0,3500.0,6021.67,5905,1.94
V004,Ionian Spirit,Feeder,13,1800,2019-11-01,2019,11,6796,Time Charter,COSCO Shipping,26.6,3.4,88.64,180774.0,178200.0,0.0,2574.0,6025.8,5940,1.42
V004,Ionian Spirit,Feeder,13,1800,2019-12-01,2019,12,6395,Time Charter,CMA CGM,26.0,4.0,86.63,166270.0,187800.0,0.0,-21530.0,5542.33,6260,-12.95
V004,Ionian Spirit,Feeder,14,1800,2020-01-01,2020,1,6822,Time Charter,Maersk Line,25.9,4.1,86.23,176690.0,188580.0,0.0,-11890.0,5889.67,6286,-6.73
V004,Ionian Spirit,Feeder,14,1800,2020-02-01,2020,2,6039,Spot,Maersk Line,26.2,3.8,87.42,158222.0,187740.0,7179.0,-36697.0,5034.77,6258,-23.19
V004,Ionian Spirit,Feeder,14,1800,2020-03-01,2020,3,5171,Time Charter,COSCO Shipping,26.0,4.0,86.53,134446.0,189060.0,0.0,-54614.0,4481.53,6302,-40.62
V004,Ionian Spirit,Feeder,14,1800,2020-04-01,2020,4,6033,Time Charter,Yang Ming,26.2,3.8,87.33,158065.0,190170.0,0.0,-32105.0,5268.83,6339,-20.31
V004,Ionian Spirit,Feeder,14,1800,2020-05-01,2020,5,5747,Time Charter,PIL,26.2,3.8,87.36,150571.0,194640.0,0.0,-44069.0,5019.03,6488,-29.27
V004,Ionian Spirit,Feeder,14,1800,2020-06-01,2020,6,6481,Time Charter,Sinokor Merchant Marine,25.7,4.3,85.56,166562.0,187920.0,0.0,-21358.0,5552.07,6264,-12.82
V004,Ionian Spirit,Feeder,14,1800,2020-07-01,2020,7,7365,Time Charter,KMTC,26.2,3.8,87.38,192963.0,190920.0,0.0,2043.0,6432.1,6364,1.06
V004,Ionian Spirit,Feeder,14,1800,2020-08-01,2020,8,7483,Time Charter,MSC,28.6,1.4,95.31,214014.0,195810.0,0.0,18204.0,7133.8,6527,8.51
V004,Ionian Spirit,Feeder,14,1800,2020-09-01,2020,9,8748,Time Charter,Yang Ming,27.2,2.8,90.59,237946.0,187230.0,0.0,50716.0,7931.53,6241,21.31
V004,Ionian Spirit,Feeder,14,1800,2020-10-01,2020,10,9361,Time Charter,ONE (Ocean Network Express),27.4,2.6,91.31,256491.0,193380.0,0.0,63111.0,8549.7,6446,24.61
V004,Ionian Spirit,Feeder,14,1800,2020-11-01,2020,11,10254,Time Charter,Pacific International Lines,27.4,2.6,91.18,280960.0,196260.0,0.0,84700.0,9365.33,6542,30.15
V004,Ionian Spirit,Feeder,14,1800,2020-12-01,2020,12,11244,Time Charter,Wan Hai Lines,27.7,2.3,92.44,311459.0,192960.0,0.0,118499.0,10381.97,6432,38.05
V004,Ionian Spirit,Feeder,15,1800,2021-01-01,2021,1,12385,Time Charter,PIL,27.2,2.8,90.81,336872.0,202680.0,0.0,134192.0,11229.07,6756,39.83
V004,Ionian Spirit,Feeder,15,1800,2021-02-01,2021,2,14148,Time Charter,COSCO Shipping,27.4,2.6,91.5,387655.0,197790.0,0.0,189865.0,12921.83,6593,48.98
V004,Ionian Spirit,Feeder,15,1800,2021-03-01,2021,3,16093,Time Charter,Zim Integrated Shipping,27.4,2.6,91.33,440948.0,202560.0,0.0,238388.0,14698.27,6752,54.06
V004,Ionian Spirit,Feeder,15,1800,2021-04-01,2021,4,18033,Time Charter,Zim Integrated Shipping,27.2,2.8,90.72,490498.0,198600.0,0.0,291898.0,16349.93,6620,59.51
V004,Ionian Spirit,Feeder,15,1800,2021-05-01,2021,5,20178,Time Charter,ONE (Ocean Network Express),28.6,1.4,95.18,577091.0,197190.0,0.0,379901.0,19236.37,6573,65.83
V004,Ionian Spirit,Feeder,15,1800,2021-06-01,2021,6,22231,Spot,Yang Ming,28.6,1.4,95.29,635807.0,203520.0,6011.0,426276.0,20993.2,6784,67.04
V004,Ionian Spirit,Feeder,15,1800,2021-07-01,2021,7,24760,Spot,ONE (Ocean Network Express),29.3,0.7,97.8,725468.0,205170.0,6308.0,513990.0,23972.0,6839,70.85
V004,Ionian Spirit,Feeder,15,1800,2021-08-01,2021,8,27060,Time Charter,COSCO Shipping,29.0,1.0,96.58,784740.0,201660.0,0.0,583080.0,26158.0,6722,74.3
V004,Ionian Spirit,Feeder,15,1800,2021-09-01,2021,9,29192,Spot,CMA CGM,29.1,0.9,97.12,849487.0,199740.0,5970.0,643777.0,28117.23,6658,75.78
V004,Ionian Spirit,Feeder,15,1800,2021-10-01,2021,10,32351,Spot,Wan Hai Lines,28.6,1.4,95.36,925239.0,202080.0,4781.0,718378.0,30681.93,6736,77.64
V004,Ionian Spirit,Feeder,15,1800,2021-11-01,2021,11,34109,Time Charter,Zim Integrated Shipping,29.1,0.9,96.98,992572.0,204930.0,0.0,787642.0,33085.73,6831,79.35
V004,Ionian Spirit,Feeder,15,1800,2021-12-01,2021,12,37799,Time Charter,Maersk Line,28.6,1.4,95.29,1081051.0,204810.0,0.0,876241.0,36035.03,6827,81.05
V004,Ionian Spirit,Feeder,16,1800,2022-01-01,2022,1,36124,Spot,Pacific International Lines,29.0,1.0,96.69,1047596.0,211500.0,6890.0,829206.0,34690.2,7050,79.15
V004,Ionian Spirit,Feeder,16,1800,2022-02-01,2022,2,39387,Spot,KMTC,29.3,0.7,97.67,1154039.0,212400.0,5123.0,936516.0,38297.2,7080,81.15
V004,Ionian Spirit,Feeder,16,1800,2022-03-01,2022,3,43269,Spot,Sinokor Merchant Marine,28.8,1.2,96.02,1246147.0,211770.0,4097.0,1030280.0,41401.67,7059,82.68
V004,Ionian Spirit,Feeder,16,1800,2022-04-01,2022,4,43898,Time Charter,KMTC,28.8,1.2,96.01,1264262.0,208380.0,0.0,1055882.0,42142.07,6946,83.52
V004,Ionian Spirit,Feeder,16,1800,2022-05-01,2022,5,39561,Spot,Pacific International Lines,28.8,1.2,96.05,1139357.0,214080.0,6582.0,918695.0,37759.17,7136,80.63
V004,Ionian Spirit,Feeder,16,1800,2022-06-01,2022,6,36121,Time Charter,MSC,28.2,1.8,93.91,1018612.0,214800.0,0.0,803812.0,33953.73,7160,78.91
V004,Ionian Spirit,Feeder,16,1800,2022-07-01,2022,7,32535,Spot,KMTC,28.8,1.2,95.87,937008.0,210300.0,4708.0,722000.0,31076.67,7010,77.05
V004,Ionian Spirit,Feeder,16,1800,2022-08-01,2022,8,28253,Spot,ONE (Ocean Network Express),28.7,1.3,95.57,810861.0,206220.0,7762.0,596879.0,26769.97,6874,73.61
V004,Ionian Spirit,Feeder,16,1800,2022-09-01,2022,9,24318,Spot,COSCO Shipping,28.7,1.3,95.63,697927.0,210120.0,7816.0,479991.0,23003.7,7004,68.77
V004,Ionian Spirit,Feeder,16,1800,2022-10-01,2022,10,21936,Time Charter,CMA CGM,28.3,1.7,94.35,620789.0,209010.0,0.0,411779.0,20692.97,6967,66.33
V004,Ionian Spirit,Feeder,16,1800,2022-11-01,2022,11,20248,Time Charter,KMTC,28.9,1.1,96.37,585167.0,221640.0,0.0,363527.0,19505.57,7388,62.12
V004,Ionian Spirit,Feeder,16,1800,2022-12-01,2022,12,18412,Spot,Zim Integrated Shipping,28.3,1.7,94.22,521060.0,204720.0,7659.0,308681.0,17113.37,6824,59.24
V004,Ionian Spirit,Feeder,17,1800,2023-01-01,2023,1,13198,Time Charter,HMM,27.0,3.0,90.12,356346.0,221610.0,0.0,134736.0,11878.2,7387,37.81
V004,Ionian Spirit,Feeder,17,1800,2023-02-01,2023,2,12136,Time Charter,Yang Ming,27.1,2.9,90.33,328886.0,220860.0,0.0,108026.0,10962.87,7362,32.85
V004,Ionian Spirit,Feeder,17,1800,2023-03-01,2023,3,11846,Time Charter,Maersk Line,27.4,2.6,91.19,324580.0,227490.0,0.0,97090.0,10819.33,7583,29.91
V004,Ionian Spirit,Feeder,17,1800,2023-04-01,2023,4,11363,Time Charter,HMM,26.4,3.6,88.03,299983.0,219000.0,0.0,80983.0,9999.43,7300,27.0
V004,Ionian Spirit,Feeder,17,1800,2023-05-01,2023,5,10438,Spot,COSCO Shipping,27.8,2.2,92.55,290176.0,218130.0,5481.0,66565.0,9489.83,7271,22.94
V004,Ionian Spirit,Feeder,17,1800,2023-06-01,2023,6,10229,Time Charter,Pacific International Lines,27.4,2.6,91.28,280275.0,219060.0,0.0,61215.0,9342.5,7302,21.84
V004,Ionian Spirit,Feeder,17,1800,2023-07-01,2023,7,10506,Time Charter,Sinokor Merchant Marine,27.9,2.1,92.95,293117.0,217200.0,0.0,75917.0,9770.57,7240,25.9
V004,Ionian Spirit,Feeder,17,1800,2023-08-01,2023,8,10249,Spot,MSC,27.8,2.2,92.81,284922.0,220290.0,4062.0,60570.0,9362.0,7343,21.26
V004,Ionian Spirit,Feeder,17,1800,2023-09-01,2023,9,10864,Spot,Yang Ming,27.7,2.3,92.35,300933.0,219690.0,7713.0,73530.0,9774.0,7323,24.43
V004,Ionian Spirit,Feeder,17,1800,2023-10-01,2023,10,11246,Time Charter,CMA CGM,27.2,2.8,90.61,305891.0,220860.0,0.0,85031.0,10196.37,7362,27.8
V004,Ionian Spirit,Feeder,17,1800,2023-11-01,2023,11,11679,Spot,KMTC,27.3,2.7,90.83,318837.0,219840.0,5713.0,93284.0,10437.47,7328,29.26
V004,Ionian Spirit,Feeder,17,1800,2023-12-01,2023,12,11797,Spot,Yang Ming,26.6,3.4,88.72,313800.0,218130.0,7867.0,87803.0,10197.77,7271,27.98
V004,Ionian Spirit,Feeder,18,1800,2024-01-01,2024,1,11259,Time Charter,Wan Hai Lines,27.2,2.8,90.58,306245.0,236160.0,0.0,70085.0,10208.17,7872,22.89
V004,Ionian Spirit,Feeder,18,1800,2024-02-01,2024,2,11647,Time Charter,HMM,26.9,3.1,89.67,313304.0,223920.0,0.0,89384.0,10443.47,7464,28.53
V004,Ionian Spirit,Feeder,18,1800,2024-03-01,2024,3,12381,Spot,HMM,27.2,2.8,90.65,336763.0,230460.0,7854.0,98449.0,10963.63,7682,29.23
V004,Ionian Spirit,Feeder,18,1800,2024-04-01,2024,4,12755,Time Charter,PIL,26.6,3.4,88.52,339283.0,237840.0,0.0,101443.0,11309.43,7928,29.9
V004,Ionian Spirit,Feeder,18,1800,2024-05-01,2024,5,12999,Time Charter,Hapag-Lloyd,27.2,2.8,90.58,353573.0,238860.0,0.0,114713.0,11785.77,7962,32.44
V004,Ionian Spirit,Feeder,18,1800,2024-06-01,2024,6,14259,Time Charter,KMTC,27.4,2.6,91.35,390697.0,230760.0,0.0,159937.0,13023.23,7692,40.94
V004,Ionian Spirit,Feeder,18,1800,2024-07-01,2024,7,12989,Time Charter,Pacific International Lines,27.1,2.9,90.46,352002.0,236520.0,0.0,115482.0,11733.4,7884,32.81
V004,Ionian Spirit,Feeder,18,1800,2024-08-01,2024,8,13077,Time Charter,Yang Ming,27.5,2.5,91.57,359618.0,230550.0,0.0,129068.0,11987.27,7685,35.89
V004,Ionian Spirit,Feeder,18,1800,2024-09-01,2024,9,12797,Spot,PIL,27.6,2.4,91.83,353197.0,230340.0,7412.0,115445.0,11526.17,7678,32.69
V004,Ionian Spirit,Feeder,18,1800,2024-10-01,2024,10,12578,Time Charter,Sinokor Merchant Marine,27.2,2.8,90.69,342122.0,233100.0,0.0,109022.0,11404.07,7770,31.87
V004,Ionian Spirit,Feeder,18,1800,2024-11-01,2024,11,12103,Spot,Zim Integrated Shipping,27.2,2.8,90.55,329202.0,239670.0,5178.0,84354.0,10800.8,7989,25.62
V004,Ionian Spirit,Feeder,18,1800,2024-12-01,2024,12,12200,Time Charter,Pacific International Lines,27.4,2.6,91.5,334280.0,222900.0,0.0,111380.0,11142.67,7430,33.32
V005,Piraeus Queen,Panamax,2,4000,2010-01-01,2010,1,4211,Time Charter,HMM,26.3,3.7,87.69,110749.0,217020.0,0.0,-106271.0,3691.63,7234,-95.96
V005,Piraeus Queen,Panamax,2,4000,2010-02-01,2010,2,4030,Time Charter,ONE (Ocean Network Express),26.4,3.6,87.94,106392.0,223410.0,0.0,-117018.0,3546.4,7447,-109.99
V005,Piraeus Queen,Panamax,2,4000,2010-03-01,2010,3,4794,Time Charter,Sinokor Merchant Marine,26.6,3.4,88.52,127520.0,220290.0,0.0,-92770.0,4250.67,7343,-72.75
V005,Piraeus Queen,Panamax,2,4000,2010-04-01,2010,4,5629,Time Charter,Pacific International Lines,26.4,3.6,88.05,148606.0,222300.0,0.0,-73694.0,4953.53,7410,-49.59
V005,Piraeus Queen,Panamax,2,4000,2010-05-01,2010,5,5934,Time Charter,HMM,26.2,3.8,87.17,155471.0,224160.0,0.0,-68689.0,5182.37,7472,-44.18
V005,Piraeus Queen,Panamax,2,4000,2010-06-01,2010,6,5456,Spot,Yang Ming,26.5,3.5,88.23,144584.0,226170.0,10696.0,-92282.0,4462.93,7539,-63.83
V005,Piraeus Queen,Panamax,2,4000,2010-07-01,2010,7,5671,Time Charter,Pacific International Lines,26.7,3.3,88.9,151416.0,218400.0,0.0,-66984.0,5047.2,7280,-44.24
V005,Piraeus Queen,Panamax,2,4000,2010-08-01,2010,8,5213,Time Charter,CMA CGM,26.4,3.6,87.95,137623.0,222240.0,0.0,-84617.0,4587.43,7408,-61.48
V005,Piraeus Queen,Panamax,2,4000,2010-09-01,2010,9,5672,Time Charter,Zim Integrated Shipping,26.3,3.7,87.78,149174.0,237540.0,0.0,-88366.0,4972.47,7918,-59.24
V005,Piraeus Queen,Panamax,2,4000,2010-10-01,2010,10,7282,Time Charter,Sinokor Merchant Marine,26.1,3.9,86.94,190060.0,223680.0,0.0,-33620.0,6335.33,7456,-17.69
V005,Piraeus Queen,Panamax,2,4000,2010-11-01,2010,11,5857,Time Charter,Yang Ming,26.5,3.5,88.37,155210.0,212790.0,0.0,-57580.0,5173.67,7093,-37.1
V005,Piraeus Queen,Panamax,2,4000,2010-12-01,2010,12,8195,Time Charter,Yang Ming,25.7,4.3,85.53,210612.0,213570.0,0.0,-2958.0,7020.4,7119,-1.4
V005,Piraeus Queen,Panamax,3,4000,2011-01-01,2011,1,6480,Spot,Evergreen Marine,26.5,3.5,88.26,171720.0,225270.0,13958.0,-67508.0,5258.73,7509,-39.31
V005,Piraeus Queen,Panamax,3,4000,2011-02-01,2011,2,5534,Spot,KMTC,26.8,3.2,89.19,148311.0,216630.0,10218.0,-78537.0,4603.1,7221,-52.95
V005,Piraeus Queen,Panamax,3,4000,2011-03-01,2011,3,6465,Time Charter,COSCO Shipping,26.1,3.9,86.9,168736.0,226500.0,0.0,-57764.0,5624.53,7550,-34.23
V005,Piraeus Queen,Panamax,3,4000,2011-04-01,2011,4,6318,Spot,Sinokor Merchant Marine,26.1,3.9,86.93,164900.0,233970.0,9186.0,-78256.0,5190.47,7799,-47.46
V005,Piraeus Queen,Panamax,3,4000,2011-05-01,2011,5,6051,Spot,Wan Hai Lines,26.3,3.7,87.6,159141.0,230850.0,11898.0,-83607.0,4908.1,7695,-52.54
V005,Piraeus Queen,Panamax,3,4000,2011-06-01,2011,6,8000,Spot,Evergreen Marine,25.8,4.2,85.95,206400.0,240090.0,14553.0,-48243.0,6394.9,8003,-23.37
V005,Piraeus Queen,Panamax,3,4000,2011-07-01,2011,7,6699,Spot,KMTC,26.4,3.6,88.13,176854.0,225570.0,12872.0,-61588.0,5466.07,7519,-34.82
V005,Piraeus Queen,Panamax,3,4000,2011-08-01,2011,8,8168,Time Charter,KMTC,26.1,3.9,87.07,213185.0,222780.0,0.0,-9595.0,7106.17,7426,-4.5
V005,Piraeus Queen,Panamax,3,4000,2011-09-01,2011,9,7013,Time Charter,HMM,26.2,3.8,87.38,183741.0,222060.0,0.0,-38319.0,6124.7,7402,-20.85
V005,Piraeus Queen,Panamax,3,4000,2011-10-01,2011,10,6680,Time Charter,Yang Ming,26.3,3.7,87.51,175684.0,227220.0,0.0,-51536.0,5856.13,7574,-29.33
V005,Piraeus Queen,Panamax,3,4000,2011-11-01,2011,11,7217,Time Charter,Wan Hai Lines,26.6,3.4,88.72,191972.0,227730.0,0.0,-35758.0,6399.07,7591,-18.63
V005,Piraeus Queen,Panamax,3,4000,2011-12-01,2011,12,7392,Time Charter,COSCO Shipping,26.5,3.5,88.48,195888.0,235380.0,0.0,-39492.0,6529.6,7846,-20.16
V005,Piraeus Queen,Panamax,4,4000,2012-01-01,2012,1,5582,Time Charter,Evergreen Marine,26.5,3.5,88.22,147923.0,238170.0,0.0,-90247.0,4930.77,7939,-61.01
V005,Piraeus Queen,Panamax,4,4000,2012-02-01,2012,2,7945,Spot,Yang Ming,26.4,3.6,87.97,209748.0,228900.0,11990.0,-31142.0,6591.93,7630,-14.85
V005,Piraeus Queen,Panamax,4,4000,2012-03-01,2012,3,5914,Time Charter,MSC,26.7,3.3,88.98,157904.0,221280.0,0.0,-63376.0,5263.47,7376,-40.14
V005,Piraeus Queen,Panamax,4,4000,2012-04-01,2012,4,5884,Time Charter,Zim Integrated Shipping,26.2,3.8,87.34,154161.0,235800.0,0.0,-81639.0,5138.7,7860,-52.96
V005,Piraeus Queen,Panamax,4,4000,2012-05-01,2012,5,6046,Time Charter,Evergreen Marine,26.3,3.7,87.51,159010.0,223860.0,0.0,-64850.0,5300.33,7462,-40.78
V005,Piraeus Queen,Panamax,4,4000,2012-06-01,2012,6,5240,Spot,COSCO Shipping,26.6,3.4,88.55,139384.0,226230.0,8680.0,-95526.0,4356.8,7541,-68.53
V005,Piraeus Queen,Panamax,4,4000,2012-07-01,2012,7,6732,Time Charter,Evergreen Marine,26.8,3.2,89.31,180418.0,225810.0,0.0,-45392.0,6013.93,7527,-25.16
V005,Piraeus Queen,Panamax,4,4000,2012-08-01,2012,8,6564,Time Charter,Hapag-Lloyd,26.5,3.5,88.43,173946.0,236730.0,0.0,-62784.0,5798.2,7891,-36.09
V005,Piraeus Queen,Panamax,4,4000,2012-09-01,2012,9,5471,Time Charter,Hapag-Lloyd,26.3,3.7,87.51,143887.0,235080.0,0.0,-91193.0,4796.23,7836,-63.38
V005,Piraeus Queen,Panamax,4,4000,2012-10-01,2012,10,5947,Spot,Pacific International Lines,26.6,3.4,88.81,158190.0,218070.0,12305.0,-72185.0,4862.83,7269,-45.63
V005,Piraeus Queen,Panamax,4,4000,2012-11-01,2012,11,6672,Spot,HMM,26.0,4.0,86.54,173472.0,233340.0,14930.0,-74798.0,5284.73,7778,-43.12
V005,Piraeus Queen,Panamax,4,4000,2012-12-01,2012,12,6435,Time Charter,MSC,26.2,3.8,87.18,168597.0,220260.0,0.0,-51663.0,5619.9,7342,-30.64
V005,Piraeus Queen,Panamax,5,4000,2013-01-01,2013,1,6277,Time Charter,CMA CGM,26.4,3.6,88.1,165713.0,235530.0,0.0,-69817.0,5523.77,7851,-42.13
V005,Piraeus Queen,Panamax,5,4000,2013-02-01,2013,2,6557,Time Charter,CMA CGM,26.5,3.5,88.34,173760.0,230580.0,0.0,-56820.0,5792.0,7686,-32.7
V005,Piraeus Queen,Panamax,5,4000,2013-03-01,2013,3,4797,Time Charter,COSCO Shipping,26.1,3.9,87.09,125202.0,231360.0,0.0,-106158.0,4173.4,7712,-84.79
V005,Piraeus Queen,Panamax,5,4000,2013-04-01,2013,4,6973,Time Charter,ONE (Ocean Network Express),26.3,3.7,87.69,183390.0,227790.0,0.0,-44400.0,6113.0,7593,-24.21
V005,Piraeus Queen,Panamax,5,4000,2013-05-01,2013,5,5056,Time Charter,Zim Integrated Shipping,26.3,3.7,87.77,132973.0,235230.0,0.0,-102257.0,4432.43,7841,-76.9
V005,Piraeus Queen,Panamax,5,4000,2013-06-01,2013,6,6060,Spot,CMA CGM,26.5,3.5,88.21,160590.0,237150.0,8981.0,-85541.0,5053.63,7905,-53.27
V005,Piraeus Queen,Panamax,5,4000,2013-07-01,2013,7,5988,Spot,Zim Integrated Shipping,26.2,3.8,87.38,156886.0,236520.0,11628.0,-91262.0,4841.93,7884,-58.17
V005,Piraeus Queen,Panamax,5,4000,2013-08-01,2013,8,4447,Time Charter,COSCO Shipping,25.7,4.3,85.82,114288.0,232320.0,0.0,-118032.0,3809.6,7744,-103.28
V005,Piraeus Queen,Panamax,5,4000,2013-09-01,2013,9,6004,Time Charter,MSC,26.1,3.9,87.07,156704.0,243870.0,0.0,-87166.0,5223.47,8129,-55.62
V005,Piraeus Queen,Panamax,5,4000,2013-10-01,2013,10,6553,Time Charter,ONE (Ocean Network Express),26.6,3.4,88.52,174310.0,232470.0,0.0,-58160.0,5810.33,7749,-33.37
V005,Piraeus Queen,Panamax,5,4000,2013-11-01,2013,11,5657,Spot,ONE (Ocean Network Express),25.8,4.2,85.96,145951.0,239190.0,14142.0,-107381.0,4393.63,7973,-73.57
V005,Piraeus Queen,Panamax,5,4000,2013-12-01,2013,12,6019,Time Charter,Hapag-Lloyd,26.3,3.7,87.81,158300.0,236430.0,0.0,-78130.0,5276.67,7881,-49.36
V005,Piraeus Queen,Panamax,6,4000,2014-01-01,2014,1,4656,Spot,HMM,26.6,3.4,88.74,123850.0,242700.0,13185.0,-132035.0,3688.83,8090,-106.61
V005,Piraeus Queen,Panamax,6,4000,2014-02-01,2014,2,5885,Time Charter,Yang Ming,26.9,3.1,89.53,158306.0,244650.0,0.0,-86344.0,5276.87,8155,-54.54
V005,Piraeus Queen,Panamax,6,4000,2014-03-01,2014,3,5268,Spot,ONE (Ocean Network Express),25.7,4.3,85.83,135388.0,236940.0,12879.0,-114431.0,4083.63,7898,-84.52
V005,Piraeus Queen,Panamax,6,4000,2014-04-01,2014,4,5510,Time Charter,Maersk Line,26.2,3.8,87.17,144362.0,240690.0,0.0,-96328.0,4812.07,8023,-66.73
V005,Piraeus Queen,Panamax,6,4000,2014-05-01,2014,5,5391,Time Charter,COSCO Shipping,26.9,3.1,89.64,145018.0,233340.0,0.0,-88322.0,4833.93,7778,-60.9
V005,Piraeus Queen,Panamax,6,4000,2014-06-01,2014,6,4840,Time Charter,Sinokor Merchant Marine,26.8,3.2,89.29,129712.0,237510.0,0.0,-107798.0,4323.73,7917,-83.11
V005,Piraeus Queen,Panamax,6,4000,2014-07-01,2014,7,5003,Time Charter,ONE (Ocean Network Express),26.6,3.4,88.52,133080.0,242070.0,0.0,-108990.0,4436.0,8069,-81.9
V005,Piraeus Queen,Panamax,6,4000,2014-08-01,2014,8,5995,Time Charter,ONE (Ocean Network Express),26.2,3.8,87.37,157069.0,242610.0,0.0,-85541.0,5235.63,8087,-54.46
V005,Piraeus Queen,Panamax,6,4000,2014-09-01,2014,9,4707,Spot,Pacific International Lines,26.7,3.3,89.01,125677.0,252810.0,12917.0,-140050.0,3758.67,8427,-111.44
V005,Piraeus Queen,Panamax,6,4000,2014-10-01,2014,10,5026,Spot,KMTC,26.0,4.0,86.71,130676.0,236190.0,10516.0,-116030.0,4005.33,7873,-88.79
V005,Piraeus Queen,Panamax,6,4000,2014-11-01,2014,11,4470,Time Charter,PIL,26.1,3.9,87.16,116667.0,229170.0,0.0,-112503.0,3888.9,7639,-96.43
V005,Piraeus Queen,Panamax,6,4000,2014-12-01,2014,12,5265,Time Charter,Zim Integrated Shipping,26.6,3.4,88.55,140049.0,233460.0,0.0,-93411.0,4668.3,7782,-66.7
V005,Piraeus Queen,Panamax,7,4000,2015-01-01,2015,1,4241,Time Charter,Maersk Line,26.0,4.0,86.57,110266.0,250470.0,0.0,-140204.0,3675.53,8349,-127.15
V005,Piraeus Queen,Panamax,7,4000,2015-02-01,2015,2,5085,Time Charter,Sinokor Merchant Marine,26.5,3.5,88.25,134752.0,252180.0,0.0,-117428.0,4491.73,8406,-87.14
V005,Piraeus Queen,Panamax,7,4000,2015-03-01,2015,3,4785,Time Charter,Pacific International Lines,26.2,3.8,87.37,125367.0,255390.0,0.0,-130023.0,4178.9,8513,-103.71
V005,Piraeus Queen,Panamax,7,4000,2015-04-01,2015,4,5145,Time Charter,KMTC,26.2,3.8,87.24,134799.0,243840.0,0.0,-109041.0,4493.3,8128,-80.89
V005,Piraeus Queen,Panamax,7,4000,2015-05-01,2015,5,3940,Time Charter,PIL,26.4,3.6,88.04,104016.0,241350.0,0.0,-137334.0,3467.2,8045,-132.03
V005,Piraeus Queen,Panamax,7,4000,2015-06-01,2015,6,4348,Time Charter,ONE (Ocean Network Express),25.9,4.1,86.25,112613.0,233820.0,0.0,-121207.0,3753.77,7794,-107.63
V005,Piraeus Queen,Panamax,7,4000,2015-07-01,2015,7,4409,Spot,Yang Ming,26.6,3.4,88.83,117279.0,246450.0,10055.0,-139226.0,3574.13,8215,-118.71
V005,Piraeus Queen,Panamax,7,4000,2015-08-01,2015,8,3000,Time Charter,Maersk Line,26.1,3.9,87.16,78300.0,245340.0,0.0,-167040.0,2610.0,8178,-213.33
V005,Piraeus Queen,Panamax,7,4000,2015-09-01,2015,9,4590,Spot,Hapag-Lloyd,25.9,4.1,86.38,118881.0,247200.0,13666.0,-141985.0,3507.17,8240,-119.43
V005,Piraeus Queen,Panamax,7,4000,2015-10-01,2015,10,5290,Time Charter,Evergreen Marine,26.4,3.6,87.88,139656.0,255540.0,0.0,-115884.0,4655.2,8518,-82.98
V005,Piraeus Queen,Panamax,7,4000,2015-11-01,2015,11,5155,Time Charter,KMTC,26.2,3.8,87.25,135061.0,257130.0,0.0,-122069.0,4502.03,8571,-90.38
V005,Piraeus Queen,Panamax,7,4000,2015-12-01,2015,12,3014,Time Charter,ONE (Ocean Network Express),26.4,3.6,87.99,79570.0,246900.0,0.0,-167330.0,2652.33,8230,-210.29
V005,Piraeus Queen,Panamax,8,4000,2016-01-01,2016,1,3943,Time Charter,Sinokor Merchant Marine,24.5,5.5,81.61,96604.0,256290.0,0.0,-159686.0,3220.13,8543,-165.3
V005,Piraeus Queen,Panamax,8,4000,2016-02-01,2016,2,3504,Time Charter,Pacific International Lines,24.7,5.3,82.5,86549.0,257130.0,0.0,-170581.0,2884.97,8571,-197.09
V005,Piraeus Queen,Panamax,8,4000,2016-03-01,2016,3,3165,Spot,Sinokor Merchant Marine,24.5,5.5,81.78,77542.0,264780.0,13671.0,-200909.0,2129.03,8826,-259.1
V005,Piraeus Queen,Panamax,8,4000,2016-04-01,2016,4,4249,Spot,ONE (Ocean Network Express),26.8,3.2,89.42,113873.0,241740.0,14070.0,-141937.0,3326.77,8058,-124.64
V005,Piraeus Queen,Panamax,8,4000,2016-05-01,2016,5,3000,Time Charter,HMM,26.4,3.6,88.16,79200.0,259320.0,0.0,-180120.0,2640.0,8644,-227.42
V005,Piraeus Queen,Panamax,8,4000,2016-06-01,2016,6,5618,Time Charter,Zim Integrated Shipping,25.9,4.1,86.31,145506.0,247380.0,0.0,-101874.0,4850.2,8246,-70.01
V005,Piraeus Queen,Panamax,8,4000,2016-07-01,2016,7,4057,Time Charter,Zim Integrated Shipping,25.6,4.4,85.37,103859.0,250770.0,0.0,-146911.0,3461.97,8359,-141.45
V005,Piraeus Queen,Panamax,8,4000,2016-08-01,2016,8,4624,Spot,HMM,26.7,3.3,88.88,123461.0,258540.0,14393.0,-149472.0,3635.6,8618,-121.07
V005,Piraeus Queen,Panamax,8,4000,2016-09-01,2016,9,4087,Time Charter,KMTC,26.0,4.0,86.74,106262.0,259920.0,0.0,-153658.0,3542.07,8664,-144.6
V005,Piraeus Queen,Panamax,8,4000,2016-10-01,2016,10,3650,Spot,PIL,27.0,3.0,90.16,98550.0,249960.0,11579.0,-162989.0,2899.03,8332,-165.39
V005,Piraeus Queen,Panamax,8,4000,2016-11-01,2016,11,5473,Time Charter,Pacific International Lines,26.6,3.4,88.61,145582.0,245460.0,0.0,-99878.0,4852.73,8182,-68.61
V005,Piraeus Queen,Panamax,8,4000,2016-12-01,2016,12,5130,Spot,COSCO Shipping,26.2,3.8,87.2,134406.0,240960.0,11511.0,-118065.0,4096.5,8032,-87.84
V005,Piraeus Queen,Panamax,9,4000,2017-01-01,2017,1,4380,Time Charter,Yang Ming,26.8,3.2,89.34,117384.0,257400.0,0.0,-140016.0,3912.8,8580,-119.28
V005,Piraeus Queen,Panamax,9,4000,2017-02-01,2017,2,4335,Spot,COSCO Shipping,26.5,3.5,88.4,114878.0,257190.0,13588.0,-155900.0,3376.33,8573,-135.71
V005,Piraeus Queen,Panamax,9,4000,2017-03-01,2017,3,5299,Time Charter,Evergreen Marine,26.0,4.0,86.73,137774.0,276450.0,0.0,-138676.0,4592.47,9215,-100.65
V005,Piraeus Queen,Panamax,9,4000,2017-04-01,2017,4,4993,Spot,ONE (Ocean Network Express),25.9,4.1,86.4,129319.0,251160.0,12550.0,-134391.0,3892.3,8372,-103.92
V005,Piraeus Queen,Panamax,9,4000,2017-05-01,2017,5,5326,Time Charter,Yang Ming,27.1,2.9,90.44,144335.0,250920.0,0.0,-106585.0,4811.17,8364,-73.85
V005,Piraeus Queen,Panamax,9,4000,2017-06-01,2017,6,7018,Time Charter,Maersk Line,26.9,3.1,89.74,188784.0,253920.0,0.0,-65136.0,6292.8,8464,-34.5
V005,Piraeus Queen,Panamax,9,4000,2017-07-01,2017,7,5347,Spot,ONE (Ocean Network Express),26.4,3.6,88.09,141161.0,252270.0,12914.0,-124023.0,4274.9,8409,-87.86
V005,Piraeus Queen,Panamax,9,4000,2017-08-01,2017,8,4805,Time Charter,Hapag-Lloyd,26.5,3.5,88.25,127332.0,242040.0,0.0,-114708.0,4244.4,8068,-90.09
V005,Piraeus Queen,Panamax,9,4000,2017-09-01,2017,9,6123,Time Charter,Wan Hai Lines,26.8,3.2,89.31,164096.0,265350.0,0.0,-101254.0,5469.87,8845,-61.7
V005,Piraeus Queen,Panamax,9,4000,2017-10-01,2017,10,5897,Time Charter,Wan Hai Lines,26.0,4.0,86.54,153322.0,261720.0,0.0,-108398.0,5110.73,8724,-70.7
V005,Piraeus Queen,Panamax,9,4000,2017-11-01,2017,11,5485,Time Charter,KMTC,26.2,3.8,87.2,143707.0,249150.0,0.0,-105443.0,4790.23,8305,-73.37
V005,Piraeus Queen,Panamax,9,4000,2017-12-01,2017,12,7070,Spot,ONE (Ocean Network Express),26.7,3.3,89.01,188769.0,253350.0,13571.0,-78152.0,5839.93,8445,-41.4
V005,Piraeus Queen,Panamax,10,4000,2018-01-01,2018,1,6758,Time Charter,Zim Integrated Shipping,26.2,3.8,87.23,177060.0,263250.0,0.0,-86190.0,5902.0,8775,-48.68
V005,Piraeus Queen,Panamax,10,4000,2018-02-01,2018,2,5862,Time Charter,CMA CGM,26.5,3.5,88.27,155343.0,273480.0,0.0,-118137.0,5178.1,9116,-76.05
V005,Piraeus Queen,Panamax,10,4000,2018-03-01,2018,3,7391,Time Charter,Sinokor Merchant Marine,26.5,3.5,88.49,195862.0,257010.0,0.0,-61148.0,6528.73,8567,-31.22
V005,Piraeus Queen,Panamax,10,4000,2018-04-01,2018,4,6756,Time Charter,Yang Ming,26.6,3.4,88.58,179710.0,271860.0,0.0,-92150.0,5990.33,9062,-51.28
V005,Piraeus Queen,Panamax,10,4000,2018-05-01,2018,5,7212,Time Charter,Pacific International Lines,25.9,4.1,86.47,186791.0,269010.0,0.0,-82219.0,6226.37,8967,-44.02
V005,Piraeus Queen,Panamax,10,4000,2018-06-01,2018,6,7418,Time Charter,CMA CGM,26.7,3.3,89.03,198061.0,265140.0,0.0,-67079.0,6602.03,8838,-33.87
V005,Piraeus Queen,Panamax,10,4000,2018-07-01,2018,7,8779,Time Charter,PIL,26.2,3.8,87.39,230010.0,268230.0,0.0,-38220.0,7667.0,8941,-16.62
V005,Piraeus Queen,Panamax,10,4000,2018-08-01,2018,8,6413,Time Charter,HMM,26.4,3.6,87.9,169303.0,260430.0,0.0,-91127.0,5643.43,8681,-53.82
V005,Piraeus Queen,Panamax,10,4000,2018-09-01,2018,9,7283,Spot,Maersk Line,27.0,3.0,90.06,196641.0,270570.0,14230.0,-88159.0,6080.37,9019,-44.83
V005,Piraeus Queen,Panamax,10,4000,2018-10-01,2018,10,9846,Time Charter,Pacific International Lines,28.0,2.0,93.42,275688.0,274470.0,0.0,1218.0,9189.6,9149,0.44
V005,Piraeus Queen,Panamax,10,4000,2018-11-01,2018,11,7548,Time Charter,ONE (Ocean Network Express),26.1,3.9,87.06,197003.0,269490.0,0.0,-72487.0,6566.77,8983,-36.79
V005,Piraeus Queen,Panamax,10,4000,2018-12-01,2018,12,9493,Spot,PIL,27.8,2.2,92.62,263905.0,271230.0,10366.0,-17691.0,8451.3,9041,-6.7
V005,Piraeus Queen,Panamax,11,4000,2019-01-01,2019,1,5781,Spot,PIL,26.7,3.3,88.91,154353.0,282690.0,10629.0,-138966.0,4790.8,9423,-90.03
V005,Piraeus Queen,Panamax,11,4000,2019-02-01,2019,2,9472,Time Charter,Wan Hai Lines,28.3,1.7,94.29,268058.0,266880.0,0.0,1178.0,8935.27,8896,0.44
V005,Piraeus Queen,Panamax,11,4000,2019-03-01,2019,3,6948,Time Charter,Maersk Line,26.1,3.9,86.95,181343.0,281250.0,0.0,-99907.0,6044.77,9375,-55.09
V005,Piraeus Queen,Panamax,11,4000,2019-04-01,2019,4,6704,Time Charter,MSC,26.3,3.7,87.53,176315.0,279690.0,0.0,-103375.0,5877.17,9323,-58.63
V005,Piraeus Queen,Panamax,11,4000,2019-05-01,2019,5,7703,Spot,Wan Hai Lines,26.2,3.8,87.41,201819.0,265320.0,8658.0,-72159.0,6438.7,8844,-35.75
V005,Piraeus Queen,Panamax,11,4000,2019-06-01,2019,6,6932,Time Charter,ONE (Ocean Network Express),26.5,3.5,88.2,183698.0,278790.0,0.0,-95092.0,6123.27,9293,-51.77
V005,Piraeus Queen,Panamax,11,4000,2019-07-01,2019,7,9281,Time Charter,CMA CGM,26.2,3.8,87.23,243162.0,274650.0,0.0,-31488.0,8105.4,9155,-12.95
V005,Piraeus Queen,Panamax,11,4000,2019-08-01,2019,8,7679,Spot,Sinokor Merchant Marine,26.0,4.0,86.7,199654.0,271500.0,12048.0,-83894.0,6253.53,9050,-42.02
V005,Piraeus Queen,Panamax,11,4000,2019-09-01,2019,9,6016,Spot,Yang Ming,26.0,4.0,86.79,156416.0,272280.0,8252.0,-124116.0,4938.8,9076,-79.35
V005,Piraeus Queen,Panamax,11,4000,2019-10-01,2019,10,6646,Spot,CMA CGM,25.8,4.2,85.94,171467.0,269850.0,11259.0,-109642.0,5340.27,8995,-63.94
V005,Piraeus Queen,Panamax,11,4000,2019-11-01,2019,11,6041,Time Charter,Maersk Line,26.4,3.6,88.08,159482.0,273330.0,0.0,-113848.0,5316.07,9111,-71.39
V005,Piraeus Queen,Panamax,11,4000,2019-12-01,2019,12,7338,Spot,Evergreen Marine,26.5,3.5,88.34,194457.0,286620.0,11799.0,-103962.0,6088.6,9554,-53.46
V005,Piraeus Queen,Panamax,12,4000,2020-01-01,2020,1,6787,Time Charter,ONE (Ocean Network Express),26.4,3.6,87.87,179177.0,276660.0,0.0,-97483.0,5972.57,9222,-54.41
V005,Piraeus Queen,Panamax,12,4000,2020-02-01,2020,2,5735,Time Charter,Hapag-Lloyd,25.7,4.3,85.58,147390.0,280770.0,0.0,-133380.0,4913.0,9359,-90.49
V005,Piraeus Queen,Panamax,12,4000,2020-03-01,2020,3,5651,Spot,COSCO Shipping,26.1,3.9,87.07,147491.0,283050.0,10006.0,-145565.0,4582.83,9435,-98.69
V005,Piraeus Queen,Panamax,12,4000,2020-04-01,2020,4,5091,Spot,Yang Ming,26.4,3.6,88.15,134402.0,282840.0,12136.0,-160574.0,4075.53,9428,-119.47
V005,Piraeus Queen,Panamax,12,4000,2020-05-01,2020,5,5880,Time Charter,Hapag-Lloyd,26.6,3.4,88.54,156408.0,278610.0,0.0,-122202.0,5213.6,9287,-78.13
V005,Piraeus Queen,Panamax,12,4000,2020-06-01,2020,6,6202,Time Charter,Hapag-Lloyd,25.8,4.2,86.05,160012.0,281670.0,0.0,-121658.0,5333.73,9389,-76.03
V005,Piraeus Queen,Panamax,12,4000,2020-07-01,2020,7,7634,Time Charter,KMTC,25.6,4.4,85.35,195430.0,273780.0,0.0,-78350.0,6514.33,9126,-40.09
V005,Piraeus Queen,Panamax,12,4000,2020-08-01,2020,8,8236,Spot,Pacific International Lines,27.9,2.1,92.93,229784.0,283260.0,8214.0,-61690.0,7385.67,9442,-26.85
V005,Piraeus Queen,Panamax,12,4000,2020-09-01,2020,9,9701,Time Charter,ONE (Ocean Network Express),28.1,1.9,93.7,272598.0,279510.0,0.0,-6912.0,9086.6,9317,-2.54
V005,Piraeus Queen,Panamax,12,4000,2020-10-01,2020,10,10061,Time Charter,Evergreen Marine,29.0,1.0,96.71,291769.0,284400.0,0.0,7369.0,9725.63,9480,2.53
V005,Piraeus Queen,Panamax,12,4000,2020-11-01,2020,11,12044,Time Charter,KMTC,27.9,2.1,92.98,336028.0,282450.0,0.0,53578.0,11200.93,9415,15.94
V005,Piraeus Queen,Panamax,12,4000,2020-12-01,2020,12,12243,Time Charter,Sinokor Merchant Marine,27.6,2.4,91.92,337907.0,279930.0,0.0,57977.0,11263.57,9331,17.16
V005,Piraeus Queen,Panamax,13,4000,2021-01-01,2021,1,16831,Spot,ONE (Ocean Network Express),27.6,2.4,91.98,464536.0,293430.0,8261.0,162845.0,15209.17,9781,35.06
V005,Piraeus Queen,Panamax,13,4000,2021-02-01,2021,2,18156,Spot,Evergreen Marine,27.6,2.4,91.9,501106.0,297030.0,13758.0,190318.0,16244.93,9901,37.98
V005,Piraeus Queen,Panamax,13,4000,2021-03-01,2021,3,26030,Time Charter,Sinokor Merchant Marine,28.0,2.0,93.35,728840.0,293490.0,0.0,435350.0,24294.67,9783,59.73
V005,Piraeus Queen,Panamax,13,4000,2021-04-01,2021,4,28964,Time Charter,MSC,27.6,2.4,92.13,799406.0,312780.0,0.0,486626.0,26646.87,10426,60.87
V005,Piraeus Queen,Panamax,13,4000,2021-05-01,2021,5,37857,Time Charter,Yang Ming,29.1,0.9,96.97,1101639.0,290340.0,0.0,811299.0,36721.3,9678,73.64
V005,Piraeus Queen,Panamax,13,4000,2021-06-01,2021,6,39394,Time Charter,Maersk Line,29.3,0.7,97.62,1154244.0,297120.0,0.0,857124.0,38474.8,9904,74.26
V005,Piraeus Queen,Panamax,13,4000,2021-07-01,2021,7,49137,Spot,Zim Integrated Shipping,28.9,1.1,96.47,1420059.0,299070.0,10521.0,1110468.0,46984.6,9969,78.2
V005,Piraeus Queen,Panamax,13,4000,2021-08-01,2021,8,59493,Spot,HMM,29.6,0.4,98.82,1760993.0,285060.0,8889.0,1467044.0,58403.47,9502,83.31
V005,Piraeus Queen,Panamax,13,4000,2021-09-01,2021,9,68723,Time Charter,Maersk Line,29.9,0.1,99.5,2054818.0,294810.0,0.0,1760008.0,68493.93,9827,85.65
V005,Piraeus Queen,Panamax,13,4000,2021-10-01,2021,10,82572,Spot,Hapag-Lloyd,29.7,0.3,98.9,2452388.0,299700.0,11656.0,2141032.0,81357.73,9990,87.3
V005,Piraeus Queen,Panamax,13,4000,2021-11-01,2021,11,83113,Time Charter,COSCO Shipping,29.9,0.1,99.5,2485079.0,293250.0,0.0,2191829.0,82835.97,9775,88.2
V005,Piraeus Queen,Panamax,13,4000,2021-12-01,2021,12,103037,Spot,Wan Hai Lines,29.0,1.0,96.66,2988073.0,299580.0,13390.0,2675103.0,99156.1,9986,89.53
V005,Piraeus Queen,Panamax,14,4000,2022-01-01,2022,1,87299,Spot,MSC,28.9,1.1,96.22,2522941.0,314400.0,9511.0,2199030.0,83781.0,10480,87.16
V005,Piraeus Queen,Panamax,14,4000,2022-02-01,2022,2,115739,Spot,KMTC,28.9,1.1,96.42,3344857.0,313890.0,12360.0,3018607.0,111083.23,10463,90.25
V005,Piraeus Queen,Panamax,14,4000,2022-03-01,2022,3,114679,Spot,Wan Hai Lines,29.1,0.9,97.07,3337159.0,299970.0,8597.0,3028592.0,110952.07,9999,90.75
V005,Piraeus Queen,Panamax,14,4000,2022-04-01,2022,4,110608,Time Charter,Maersk Line,29.3,0.7,97.58,3240814.0,312000.0,0.0,2928814.0,108027.13,10400,90.37
V005,Piraeus Queen,Panamax,14,4000,2022-05-01,2022,5,108710,Time Charter,KMTC,28.5,1.5,94.91,3098235.0,307650.0,0.0,2790585.0,103274.5,10255,90.07
V005,Piraeus Queen,Panamax,14,4000,2022-06-01,2022,6,101457,Spot,Maersk Line,28.6,1.4,95.45,2901670.0,303450.0,8362.0,2589858.0,96443.6,10115,89.25
V005,Piraeus Queen,Panamax,14,4000,2022-07-01,2022,7,84969,Time Charter,COSCO Shipping,29.9,0.1,99.5,2540573.0,306900.0,0.0,2233673.0,84685.77,10230,87.92
V005,Piraeus Queen,Panamax,14,4000,2022-08-01,2022,8,63854,Spot,COSCO Shipping,28.5,1.5,95.11,1819839.0,314070.0,11719.0,1494050.0,60270.67,10469,82.1
V005,Piraeus Queen,Panamax,14,4000,2022-09-01,2022,9,43247,Spot,Sinokor Merchant Marine,28.8,1.2,95.84,1245514.0,307050.0,11784.0,926680.0,41124.33,10235,74.4
V005,Piraeus Queen,Panamax,14,4000,2022-10-01,2022,10,40460,Time Charter,Maersk Line,28.4,1.6,94.55,1149064.0,316110.0,0.0,832954.0,38302.13,10537,72.49
V005,Piraeus Queen,Panamax,14,4000,2022-11-01,2022,11,36381,Spot,PIL,28.6,1.4,95.42,1040497.0,305970.0,12462.0,722065.0,34267.83,10199,69.4
V005,Piraeus Queen,Panamax,14,4000,2022-12-01,2022,12,30708,Time Charter,CMA CGM,29.0,1.0,96.79,890532.0,317730.0,0.0,572802.0,29684.4,10591,64.32
V005,Piraeus Queen,Panamax,15,4000,2023-01-01,2023,1,17586,Time Charter,COSCO Shipping,26.7,3.3,88.92,469546.0,327510.0,0.0,142036.0,15651.53,10917,30.25
V005,Piraeus Queen,Panamax,15,4000,2023-02-01,2023,2,17307,Time Charter,CMA CGM,27.0,3.0,90.13,467289.0,327240.0,0.0,140049.0,15576.3,10908,29.97
V005,Piraeus Queen,Panamax,15,4000,2023-03-01,2023,3,12477,Time Charter,Yang Ming,27.5,2.5,91.53,343118.0,323400.0,0.0,19718.0,11437.27,10780,5.75
V005,Piraeus Queen,Panamax,15,4000,2023-04-01,2023,4,15198,Time Charter,Wan Hai Lines,28.0,2.0,93.23,425544.0,323220.0,0.0,102324.0,14184.8,10774,24.05
V005,Piraeus Queen,Panamax,15,4000,2023-05-01,2023,5,12969,Spot,MSC,27.5,2.5,91.72,356648.0,332220.0,13083.0,11345.0,11452.17,11074,3.18
V005,Piraeus Queen,Panamax,15,4000,2023-06-01,2023,6,11087,Time Charter,PIL,27.5,2.5,91.58,304892.0,321420.0,0.0,-16528.0,10163.07,10714,-5.42
V005,Piraeus Queen,Panamax,15,4000,2023-07-01,2023,7,14013,Time Charter,COSCO Shipping,27.7,2.3,92.41,388160.0,320040.0,0.0,68120.0,12938.67,10668,17.55
V005,Piraeus Queen,Panamax,15,4000,2023-08-01,2023,8,12552,Time Charter,Yang Ming,26.9,3.1,89.82,337649.0,326130.0,0.0,11519.0,11254.97,10871,3.41
V005,Piraeus Queen,Panamax,15,4000,2023-09-01,2023,9,14138,Time Charter,Zim Integrated Shipping,28.0,2.0,93.3,395864.0,318840.0,0.0,77024.0,13195.47,10628,19.46
V005,Piraeus Queen,Panamax,15,4000,2023-10-01,2023,10,14240,Time Charter,Evergreen Marine,27.5,2.5,91.66,391600.0,319050.0,0.0,72550.0,13053.33,10635,18.53
V005,Piraeus Queen,Panamax,15,4000,2023-11-01,2023,11,15195,Time Charter,KMTC,28.0,2.0,93.22,425460.0,326580.0,0.0,98880.0,14182.0,10886,23.24
V005,Piraeus Queen,Panamax,15,4000,2023-12-01,2023,12,16271,Time Charter,Hapag-Lloyd,27.5,2.5,91.61,447452.0,321390.0,0.0,126062.0,14915.07,10713,28.17
V005,Piraeus Queen,Panamax,16,4000,2024-01-01,2024,1,15364,Time Charter,CMA CGM,27.9,2.1,92.87,428656.0,344160.0,0.0,84496.0,14288.53,11472,19.71
V005,Piraeus Queen,Panamax,16,4000,2024-02-01,2024,2,17800,Time Charter,PIL,27.3,2.7,90.98,485940.0,345780.0,0.0,140160.0,16198.0,11526,28.84
V005,Piraeus Queen,Panamax,16,4000,2024-03-01,2024,3,16924,Spot,PIL,27.6,2.4,91.99,467102.0,332010.0,14831.0,120261.0,15075.7,11067,25.75
V005,Piraeus Queen,Panamax,16,4000,2024-04-01,2024,4,16242,Time Charter,Zim Integrated Shipping,27.0,3.0,89.92,438534.0,330930.0,0.0,107604.0,14617.8,11031,24.54
V005,Piraeus Queen,Panamax,16,4000,2024-05-01,2024,5,18643,Spot,Zim Integrated Shipping,27.2,2.8,90.54,507090.0,341610.0,11614.0,153866.0,16515.87,11387,30.34
V005,Piraeus Queen,Panamax,16,4000,2024-06-01,2024,6,22128,Time Charter,MSC,28.0,2.0,93.48,619584.0,342180.0,0.0,277404.0,20652.8,11406,44.77
V005,Piraeus Queen,Panamax,16,4000,2024-07-01,2024,7,17729,Time Charter,KMTC,27.4,2.6,91.44,485775.0,354330.0,0.0,131445.0,16192.5,11811,27.06
V005,Piraeus Queen,Panamax,16,4000,2024-08-01,2024,8,19566,Spot,Sinokor Merchant Marine,27.1,2.9,90.48,530239.0,346320.0,10261.0,173658.0,17332.6,11544,32.75
V005,Piraeus Queen,Panamax,16,4000,2024-09-01,2024,9,19473,Time Charter,CMA CGM,27.7,2.3,92.22,539402.0,341460.0,0.0,197942.0,17980.07,11382,36.7
V005,Piraeus Queen,Panamax,16,4000,2024-10-01,2024,10,17863,Spot,Evergreen Marine,27.6,2.4,91.94,493019.0,334110.0,13566.0,145343.0,15981.77,11137,29.48
V005,Piraeus Queen,Panamax,16,4000,2024-11-01,2024,11,14958,Time Charter,MSC,28.1,1.9,93.79,420320.0,351390.0,0.0,68930.0,14010.67,11713,16.4
V005,Piraeus Queen,Panamax,16,4000,2024-12-01,2024,12,16864,Spot,PIL,27.6,2.4,92.0,465446.0,352140.0,9896.0,103410.0,15185.0,11738,22.22
V006,Aegean Trader,Panamax,2,4200,2011-01-01,2011,1,5781,Time Charter,Maersk Line,26.7,3.3,89.04,154353.0,228360.0,0.0,-74007.0,5145.1,7612,-47.95
V006,Aegean Trader,Panamax,2,4200,2011-02-01,2011,2,5415,Time Charter,Pacific International Lines,25.9,4.1,86.2,140248.0,228600.0,0.0,-88352.0,4674.93,7620,-63.0
V006,Aegean Trader,Panamax,2,4200,2011-03-01,2011,3,6006,Time Charter,Evergreen Marine,26.3,3.7,87.74,157958.0,221820.0,0.0,-63862.0,5265.27,7394,-40.43
V006,Aegean Trader,Panamax,2,4200,2011-04-01,2011,4,4974,Time Charter,PIL,26.8,3.2,89.32,133303.0,221820.0,0.0,-88517.0,4443.43,7394,-66.4
V006,Aegean Trader,Panamax,2,4200,2011-05-01,2011,5,6714,Spot,Wan Hai Lines,27.2,2.8,90.61,182621.0,219900.0,11073.0,-48352.0,5718.27,7330,-26.48
V006,Aegean Trader,Panamax,2,4200,2011-06-01,2011,6,7924,Time Charter,Pacific International Lines,26.4,3.6,87.91,209194.0,224370.0,0.0,-15176.0,6973.13,7479,-7.25
V006,Aegean Trader,Panamax,2,4200,2011-07-01,2011,7,7266,Time Charter,ONE (Ocean Network Express),26.8,3.2,89.29,194729.0,225900.0,0.0,-31171.0,6490.97,7530,-16.01
V006,Aegean Trader,Panamax,2,4200,2011-08-01,2011,8,7525,Time Charter,ONE (Ocean Network Express),26.1,3.9,87.16,196402.0,222630.0,0.0,-26228.0,6546.73,7421,-13.35
V006,Aegean Trader,Panamax,2,4200,2011-09-01,2011,9,7182,Time Charter,Zim Integrated Shipping,25.9,4.1,86.29,186014.0,219720.0,0.0,-33706.0,6200.47,7324,-18.12
V006,Aegean Trader,Panamax,2,4200,2011-10-01,2011,10,6568,Spot,COSCO Shipping,26.6,3.4,88.71,174709.0,226110.0,8549.0,-59950.0,5538.67,7537,-34.31
V006,Aegean Trader,Panamax,2,4200,2011-11-01,2011,11,8323,Time Charter,MSC,27.2,2.8,90.64,226386.0,232620.0,0.0,-6234.0,7546.2,7754,-2.75
V006,Aegean Trader,Panamax,2,4200,2011-12-01,2011,12,9017,Time Charter,PIL,25.6,4.4,85.31,230835.0,228630.0,0.0,2205.0,7694.5,7621,0.96
V006,Aegean Trader,Panamax,3,4200,2012-01-01,2012,1,7802,Spot,Zim Integrated Shipping,26.3,3.7,87.56,205193.0,237060.0,8177.0,-40044.0,6567.2,7902,-19.52
V006,Aegean Trader,Panamax,3,4200,2012-02-01,2012,2,7477,Time Charter,Sinokor Merchant Marine,27.0,3.0,90.12,201879.0,231780.0,0.0,-29901.0,6729.3,7726,-14.81
V006,Aegean Trader,Panamax,3,4200,2012-03-01,2012,3,6239,Time Charter,Wan Hai Lines,26.3,3.7,87.56,164086.0,235230.0,0.0,-71144.0,5469.53,7841,-43.36
V006,Aegean Trader,Panamax,3,4200,2012-04-01,2012,4,6465,Spot,COSCO Shipping,26.0,4.0,86.65,168090.0,235860.0,14739.0,-82509.0,5111.7,7862,-49.09
V006,Aegean Trader,Panamax,3,4200,2012-05-01,2012,5,7161,Time Charter,MSC,26.5,3.5,88.22,189766.0,221580.0,0.0,-31814.0,6325.53,7386,-16.76
V006,Aegean Trader,Panamax,3,4200,2012-06-01,2012,6,5962,Time Charter,Zim Integrated Shipping,26.7,3.3,88.89,159185.0,238770.0,0.0,-79585.0,5306.17,7959,-50.0
V006,Aegean Trader,Panamax,3,4200,2012-07-01,2012,7,6910,Time Charter,KMTC,26.8,3.2,89.47,185188.0,232770.0,0.0,-47582.0,6172.93,7759,-25.69
V006,Aegean Trader,Panamax,3,4200,2012-08-01,2012,8,5735,Spot,Evergreen Marine,26.1,3.9,87.08,149684.0,226800.0,13852.0,-90968.0,4527.73,7560,-60.77
V006,Aegean Trader,Panamax,3,4200,2012-09-01,2012,9,6203,Time Charter,Sinokor Merchant Marine,26.7,3.3,88.89,165620.0,230550.0,0.0,-64930.0,5520.67,7685,-39.2
V006,Aegean Trader,Panamax,3,4200,2012-10-01,2012,10,5841,Time Charter,Wan Hai Lines,26.7,3.3,88.84,155955.0,232320.0,0.0,-76365.0,5198.5,7744,-48.97
V006,Aegean Trader,Panamax,3,4200,2012-11-01,2012,11,5291,Spot,PIL,26.5,3.5,88.28,140212.0,231330.0,12872.0,-103990.0,4244.67,7711,-74.17
V006,Aegean Trader,Panamax,3,4200,2012-12-01,2012,12,6448,Time Charter,KMTC,26.5,3.5,88.22,170872.0,224070.0,0.0,-53198.0,5695.73,7469,-31.13
V006,Aegean Trader,Panamax,4,4200,2013-01-01,2013,1,5168,Time Charter,MSC,27.2,2.8,90.81,140570.0,243090.0,0.0,-102520.0,4685.67,8103,-72.93
V006,Aegean Trader,Panamax,4,4200,2013-02-01,2013,2,5741,Time Charter,KMTC,26.1,3.9,86.86,149840.0,243090.0,0.0,-93250.0,4994.67,8103,-62.23
V006,Aegean Trader,Panamax,4,4200,2013-03-01,2013,3,4759,Time Charter,PIL,26.7,3.3,88.99,127065.0,230280.0,0.0,-103215.0,4235.5,7676,-81.23
V006,Aegean Trader,Panamax,4,4200,2013-04-01,2013,4,6250,Time Charter,KMTC,26.3,3.7,87.76,164375.0,229020.0,0.0,-64645.0,5479.17,7634,-39.33
V006,Aegean Trader,Panamax,4,4200,2013-05-01,2013,5,6397,Time Charter,Maersk Line,26.1,3.9,87.02,166962.0,245760.0,0.0,-78798.0,5565.4,8192,-47.2
V006,Aegean Trader,Panamax,4,4200,2013-06-01,2013,6,5749,Time Charter,Hapag-Lloyd,26.0,4.0,86.8,149474.0,247710.0,0.0,-98236.0,4982.47,8257,-65.72
V006,Aegean Trader,Panamax,4,4200,2013-07-01,2013,7,6434,Time Charter,HMM,26.4,3.6,88.05,169858.0,233070.0,0.0,-63212.0,5661.93,7769,-37.21
V006,Aegean Trader,Panamax,4,4200,2013-08-01,2013,8,4182,Time Charter,ONE (Ocean Network Express),26.9,3.1,89.59,112496.0,235680.0,0.0,-123184.0,3749.87,7856,-109.5
V006,Aegean Trader,Panamax,4,4200,2013-09-01,2013,9,6822,Time Charter,Wan Hai Lines,26.1,3.9,87.07,178054.0,231180.0,0.0,-53126.0,5935.13,7706,-29.84
V006,Aegean Trader,Panamax,4,4200,2013-10-01,2013,10,5738,Spot,Hapag-Lloyd,26.5,3.5,88.38,152057.0,234480.0,10863.0,-93286.0,4706.47,7816,-61.35
V006,Aegean Trader,Panamax,4,4200,2013-11-01,2013,11,6373,Time Charter,MSC,26.4,3.6,88.11,168247.0,230970.0,0.0,-62723.0,5608.23,7699,-37.28
V006,Aegean Trader,Panamax,4,4200,2013-12-01,2013,12,4919,Time Charter,HMM,25.9,4.1,86.42,127402.0,242010.0,0.0,-114608.0,4246.73,8067,-89.96
V006,Aegean Trader,Panamax,5,4200,2014-01-01,2014,1,6223,Time Charter,Wan Hai Lines,26.3,3.7,87.81,163665.0,241560.0,0.0,-77895.0,5455.5,8052,-47.59
V006,Aegean Trader,Panamax,5,4200,2014-02-01,2014,2,5009,Time Charter,Hapag-Lloyd,27.2,2.8,90.69,136245.0,240060.0,0.0,-103815.0,4541.5,8002,-76.2
V006,Aegean Trader,Panamax,5,4200,2014-03-01,2014,3,6566,Time Charter,Maersk Line,25.8,4.2,85.92,169403.0,240630.0,0.0,-71227.0,5646.77,8021,-42.05
V006,Aegean Trader,Panamax,5,4200,2014-04-01,2014,4,6482,Time Charter,Sinokor Merchant Marine,26.8,3.2,89.35,173718.0,241620.0,0.0,-67902.0,5790.6,8054,-39.09
V006,Aegean Trader,Panamax,5,4200,2014-05-01,2014,5,6027,Time Charter,ONE (Ocean Network Express),26.2,3.8,87.19,157907.0,235890.0,0.0,-77983.0,5263.57,7863,-49.39
V006,Aegean Trader,Panamax,5,4200,2014-06-01,2014,6,4861,Time Charter,Sinokor Merchant Marine,26.2,3.8,87.39,127358.0,232800.0,0.0,-105442.0,4245.27,7760,-82.79
V006,Aegean Trader,Panamax,5,4200,2014-07-01,2014,7,5275,Time Charter,Yang Ming,27.2,2.8,90.75,143480.0,235770.0,0.0,-92290.0,4782.67,7859,-64.32
V006,Aegean Trader,Panamax,5,4200,2014-08-01,2014,8,6562,Spot,MSC,27.2,2.8,90.59,178486.0,235080.0,9213.0,-65807.0,5642.43,7836,-36.87
V006,Aegean Trader,Panamax,5,4200,2014-09-01,2014,9,4923,Time Charter,ONE (Ocean Network Express),26.1,3.9,86.93,128490.0,234510.0,0.0,-106020.0,4283.0,7817,-82.51
V006,Aegean Trader,Panamax,5,4200,2014-10-01,2014,10,5937,Spot,Hapag-Lloyd,26.2,3.8,87.44,155549.0,242580.0,9095.0,-96126.0,4881.8,8086,-61.8
V006,Aegean Trader,Panamax,5,4200,2014-11-01,2014,11,5091,Time Charter,Wan Hai Lines,26.6,3.4,88.62,135421.0,254010.0,0.0,-118589.0,4514.03,8467,-87.57
V006,Aegean Trader,Panamax,5,4200,2014-12-01,2014,12,4357,Time Charter,Pacific International Lines,26.2,3.8,87.45,114153.0,237120.0,0.0,-122967.0,3805.1,7904,-107.72
V006,Aegean Trader,Panamax,6,4200,2015-01-01,2015,1,5076,Time Charter,Sinokor Merchant Marine,26.2,3.8,87.24,132991.0,254490.0,0.0,-121499.0,4433.03,8483,-91.36
V006,Aegean Trader,Panamax,6,4200,2015-02-01,2015,2,5479,Time Charter,Yang Ming,27.0,3.0,90.12,147933.0,241710.0,0.0,-93777.0,4931.1,8057,-63.39
V006,Aegean Trader,Panamax,6,4200,2015-03-01,2015,3,4586,Time Charter,Zim Integrated Shipping,26.6,3.4,88.64,121988.0,251610.0,0.0,-129622.0,4066.27,8387,-106.26
V006,Aegean Trader,Panamax,6,4200,2015-04-01,2015,4,4093,Time Charter,CMA CGM,26.4,3.6,88.03,108055.0,243420.0,0.0,-135365.0,3601.83,8114,-125.27
V006,Aegean Trader,Panamax,6,4200,2015-05-01,2015,5,4032,Spot,ONE (Ocean Network Express),26.9,3.1,89.67,108461.0,235050.0,9752.0,-136341.0,3290.3,7835,-125.71
V006,Aegean Trader,Panamax,6,4200,2015-06-01,2015,6,4239,Time Charter,CMA CGM,26.5,3.5,88.41,112334.0,241830.0,0.0,-129496.0,3744.47,8061,-115.28
V006,Aegean Trader,Panamax,6,4200,2015-07-01,2015,7,4276,Spot,Zim Integrated Shipping,26.2,3.8,87.28,112031.0,250440.0,11845.0,-150254.0,3339.53,8348,-134.12
V006,Aegean Trader,Panamax,6,4200,2015-08-01,2015,8,5126,Time Charter,HMM,26.3,3.7,87.67,134814.0,250740.0,0.0,-115926.0,4493.8,8358,-85.99
V006,Aegean Trader,Panamax,6,4200,2015-09-01,2015,9,4031,Time Charter,Wan Hai Lines,26.4,3.6,87.89,106418.0,253080.0,0.0,-146662.0,3547.27,8436,-137.82
V006,Aegean Trader,Panamax,6,4200,2015-10-01,2015,10,4251,Spot,Evergreen Marine,26.0,4.0,86.75,110526.0,245760.0,13002.0,-148236.0,3250.8,8192,-134.12
V006,Aegean Trader,Panamax,6,4200,2015-11-01,2015,11,4062,Time Charter,PIL,26.4,3.6,88.14,107237.0,248910.0,0.0,-141673.0,3574.57,8297,-132.11
V006,Aegean Trader,Panamax,6,4200,2015-12-01,2015,12,3545,Time Charter,KMTC,26.6,3.4,88.8,94297.0,252480.0,0.0,-158183.0,3143.23,8416,-167.75
V006,Aegean Trader,Panamax,7,4200,2016-01-01,2016,1,4520,Time Charter,Pacific International Lines,24.5,5.5,81.71,110740.0,252840.0,0.0,-142100.0,3691.33,8428,-128.32
V006,Aegean Trader,Panamax,7,4200,2016-02-01,2016,2,3996,Time Charter,HMM,24.3,5.7,81.1,97103.0,260820.0,0.0,-163717.0,3236.77,8694,-168.6
V006,Aegean Trader,Panamax,7,4200,2016-03-01,2016,3,3077,Spot,KMTC,24.5,5.5,81.73,75386.0,251190.0,12621.0,-188425.0,2092.17,8373,-249.95
V006,Aegean Trader,Panamax,7,4200,2016-04-01,2016,4,4092,Spot,Yang Ming,26.2,3.8,87.26,107210.0,251400.0,9960.0,-154150.0,3241.67,8380,-143.78
V006,Aegean Trader,Panamax,7,4200,2016-05-01,2016,5,3082,Time Charter,Yang Ming,26.1,3.9,87.03,80440.0,260760.0,0.0,-180320.0,2681.33,8692,-224.17
V006,Aegean Trader,Panamax,7,4200,2016-06-01,2016,6,5951,Time Charter,ONE (Ocean Network Express),26.6,3.4,88.83,158297.0,249960.0,0.0,-91663.0,5276.57,8332,-57.91
V006,Aegean Trader,Panamax,7,4200,2016-07-01,2016,7,5283,Time Charter,Sinokor Merchant Marine,26.7,3.3,89.15,141056.0,251520.0,0.0,-110464.0,4701.87,8384,-78.31
V006,Aegean Trader,Panamax,7,4200,2016-08-01,2016,8,4569,Time Charter,Zim Integrated Shipping,25.9,4.1,86.29,118337.0,257580.0,0.0,-139243.0,3944.57,8586,-117.67
V006,Aegean Trader,Panamax,7,4200,2016-09-01,2016,9,4071,Time Charter,PIL,26.9,3.1,89.67,109510.0,258570.0,0.0,-149060.0,3650.33,8619,-136.12
V006,Aegean Trader,Panamax,7,4200,2016-10-01,2016,10,3402,Time Charter,Evergreen Marine,26.5,3.5,88.21,90153.0,259170.0,0.0,-169017.0,3005.1,8639,-187.48
V006,Aegean Trader,Panamax,7,4200,2016-11-01,2016,11,5220,Spot,Hapag-Lloyd,26.5,3.5,88.17,138330.0,252060.0,14684.0,-128414.0,4121.53,8402,-92.83
V006,Aegean Trader,Panamax,7,4200,2016-12-01,2016,12,4607,Time Charter,Sinokor Merchant Marine,26.5,3.5,88.36,122086.0,265830.0,0.0,-143744.0,4069.53,8861,-117.74
V006,Aegean Trader,Panamax,8,4200,2017-01-01,2017,1,4803,Spot,COSCO Shipping,26.4,3.6,88.04,126799.0,260130.0,13165.0,-146496.0,3787.8,8671,-115.53
V006,Aegean Trader,Panamax,8,4200,2017-02-01,2017,2,3684,Time Charter,Sinokor Merchant Marine,26.4,3.6,87.86,97258.0,254820.0,0.0,-157562.0,3241.93,8494,-162.0
V006,Aegean Trader,Panamax,8,4200,2017-03-01,2017,3,4783,Time Charter,Pacific International Lines,25.7,4.3,85.51,122923.0,265620.0,0.0,-142697.0,4097.43,8854,-116.09
V006,Aegean Trader,Panamax,8,4200,2017-04-01,2017,4,3879,Time Charter,MSC,27.0,3.0,89.89,104733.0,272760.0,0.0,-168027.0,3491.1,9092,-160.43
V006,Aegean Trader,Panamax,8,4200,2017-05-01,2017,5,5334,Time Charter,Evergreen Marine,26.9,3.1,89.67,143485.0,265320.0,0.0,-121835.0,4782.83,8844,-84.91
V006,Aegean Trader,Panamax,8,4200,2017-06-01,2017,6,5315,Time Charter,Pacific International Lines,26.3,3.7,87.56,139784.0,260220.0,0.0,-120436.0,4659.47,8674,-86.16
V006,Aegean Trader,Panamax,8,4200,2017-07-01,2017,7,6019,Time Charter,Yang Ming,26.3,3.7,87.79,158300.0,268950.0,0.0,-110650.0,5276.67,8965,-69.9
V006,Aegean Trader,Panamax,8,4200,2017-08-01,2017,8,5813,Time Charter,COSCO Shipping,26.3,3.7,87.69,152882.0,263790.0,0.0,-110908.0,5096.07,8793,-72.54
V006,Aegean Trader,Panamax,8,4200,2017-09-01,2017,9,5943,Time Charter,KMTC,26.6,3.4,88.53,158084.0,260370.0,0.0,-102286.0,5269.47,8679,-64.7
V006,Aegean Trader,Panamax,8,4200,2017-10-01,2017,10,7052,Time Charter,Yang Ming,26.4,3.6,88.0,186173.0,260910.0,0.0,-74737.0,6205.77,8697,-40.14
V006,Aegean Trader,Panamax,8,4200,2017-11-01,2017,11,5263,Time Charter,PIL,26.1,3.9,86.92,137364.0,257070.0,0.0,-119706.0,4578.8,8569,-87.15
V006,Aegean Trader,Panamax,8,4200,2017-12-01,2017,12,5473,Spot,PIL,26.1,3.9,86.95,142845.0,262740.0,11880.0,-131775.0,4365.5,8758,-92.25
V006,Aegean Trader,Panamax,9,4200,2018-01-01,2018,1,6107,Spot,Wan Hai Lines,26.6,3.4,88.63,162446.0,270750.0,12282.0,-120586.0,5005.47,9025,-74.23
V006,Aegean Trader,Panamax,9,4200,2018-02-01,2018,2,8319,Spot,ONE (Ocean Network Express),26.3,3.7,87.82,218790.0,261360.0,10937.0,-53507.0,6928.43,8712,-24.46
V006,Aegean Trader,Panamax,9,4200,2018-03-01,2018,3,5198,Spot,Hapag-Lloyd,26.5,3.5,88.44,137747.0,269700.0,9734.0,-141687.0,4267.1,8990,-102.86
V006,Aegean Trader,Panamax,9,4200,2018-04-01,2018,4,8387,Time Charter,Maersk Line,26.3,3.7,87.72,220578.0,266820.0,0.0,-46242.0,7352.6,8894,-20.96
V006,Aegean Trader,Panamax,9,4200,2018-05-01,2018,5,8020,Spot,Yang Ming,26.2,3.8,87.34,210124.0,268500.0,10492.0,-68868.0,6654.4,8950,-32.77
V006,Aegean Trader,Panamax,9,4200,2018-06-01,2018,6,6271,Time Charter,Sinokor Merchant Marine,26.3,3.7,87.74,164927.0,257460.0,0.0,-92533.0,5497.57,8582,-56.11
V006,Aegean Trader,Panamax,9,4200,2018-07-01,2018,7,6929,Time Charter,Hapag-Lloyd,26.4,3.6,88.16,182926.0,259470.0,0.0,-76544.0,6097.53,8649,-41.84
V006,Aegean Trader,Panamax,9,4200,2018-08-01,2018,8,7657,Time Charter,CMA CGM,26.4,3.6,87.92,202145.0,264600.0,0.0,-62455.0,6738.17,8820,-30.9
V006,Aegean Trader,Panamax,9,4200,2018-09-01,2018,9,7046,Time Charter,Yang Ming,26.7,3.3,88.94,188128.0,273180.0,0.0,-85052.0,6270.93,9106,-45.21
V006,Aegean Trader,Panamax,9,4200,2018-10-01,2018,10,8479,Time Charter,COSCO Shipping,27.9,2.1,93.04,236564.0,264030.0,0.0,-27466.0,7885.47,8801,-11.61
V006,Aegean Trader,Panamax,9,4200,2018-11-01,2018,11,7330,Time Charter,Hapag-Lloyd,26.0,4.0,86.68,190580.0,273600.0,0.0,-83020.0,6352.67,9120,-43.56
V006,Aegean Trader,Panamax,9,4200,2018-12-01,2018,12,9488,Time Charter,KMTC,28.1,1.9,93.74,266613.0,260460.0,0.0,6153.0,8887.1,8682,2.31
V006,Aegean Trader,Panamax,10,4200,2019-01-01,2019,1,7775,Spot,Evergreen Marine,26.3,3.7,87.8,204482.0,266580.0,13305.0,-75403.0,6372.57,8886,-36.88
V006,Aegean Trader,Panamax,10,4200,2019-02-01,2019,2,7807,Time Charter,Hapag-Lloyd,27.8,2.2,92.82,217035.0,272100.0,0.0,-55065.0,7234.5,9070,-25.37
V006,Aegean Trader,Panamax,10,4200,2019-03-01,2019,3,7570,Time Charter,Evergreen Marine,26.4,3.6,88.05,199848.0,270300.0,0.0,-70452.0,6661.6,9010,-35.25
V006,Aegean Trader,Panamax,10,4200,2019-04-01,2019,4,9243,Spot,Pacific International Lines,26.0,4.0,86.64,240318.0,276180.0,8101.0,-43963.0,7740.57,9206,-18.29
V006,Aegean Trader,Panamax,10,4200,2019-05-01,2019,5,7629,Time Charter,PIL,26.6,3.4,88.83,202931.0,276150.0,0.0,-73219.0,6764.37,9205,-36.08
V006,Aegean Trader,Panamax,10,4200,2019-06-01,2019,6,7789,Time Charter,Zim Integrated Shipping,25.9,4.1,86.28,201735.0,268260.0,0.0,-66525.0,6724.5,8942,-32.98
V006,Aegean Trader,Panamax,10,4200,2019-07-01,2019,7,7801,Spot,Pacific International Lines,26.4,3.6,88.13,205946.0,282450.0,8813.0,-85317.0,6571.1,9415,-41.43
V006,Aegean Trader,Panamax,10,4200,2019-08-01,2019,8,7868,Spot,Evergreen Marine,26.6,3.4,88.57,209289.0,281850.0,8322.0,-80883.0,6698.9,9395,-38.65
V006,Aegean Trader,Panamax,10,4200,2019-09-01,2019,9,6797,Time Charter,HMM,26.8,3.2,89.47,182160.0,272160.0,0.0,-90000.0,6072.0,9072,-49.41
V006,Aegean Trader,Panamax,10,4200,2019-10-01,2019,10,7817,Spot,Maersk Line,25.9,4.1,86.48,202460.0,275430.0,8285.0,-81255.0,6472.5,9181,-40.13
V006,Aegean Trader,Panamax,10,4200,2019-11-01,2019,11,8104,Time Charter,HMM,26.0,4.0,86.53,210704.0,277350.0,0.0,-66646.0,7023.47,9245,-31.63
V006,Aegean Trader,Panamax,10,4200,2019-12-01,2019,12,5732,Spot,COSCO Shipping,26.6,3.4,88.71,152471.0,282270.0,13988.0,-143787.0,4616.1,9409,-94.3
V006,Aegean Trader,Panamax,11,4200,2020-01-01,2020,1,5135,Time Charter,MSC,26.3,3.7,87.58,135050.0,283290.0,0.0,-148240.0,4501.67,9443,-109.77
V006,Aegean Trader,Panamax,11,4200,2020-02-01,2020,2,6536,Time Charter,COSCO Shipping,26.3,3.7,87.76,171897.0,270570.0,0.0,-98673.0,5729.9,9019,-57.4
V006,Aegean Trader,Panamax,11,4200,2020-03-01,2020,3,5286,Time Charter,Zim Integrated Shipping,26.6,3.4,88.69,140608.0,276300.0,0.0,-135692.0,4686.93,9210,-96.5
V006,Aegean Trader,Panamax,11,4200,2020-04-01,2020,4,5927,Time Charter,ONE (Ocean Network Express),26.6,3.4,88.58,157658.0,281640.0,0.0,-123982.0,5255.27,9388,-78.64
V006,Aegean Trader,Panamax,11,4200,2020-05-01,2020,5,5331,Time Charter,Yang Ming,26.2,3.8,87.38,139672.0,285480.0,0.0,-145808.0,4655.73,9516,-104.39
V006,Aegean Trader,Panamax,11,4200,2020-06-01,2020,6,4294,Time Charter,HMM,25.8,4.2,86.14,110785.0,288540.0,0.0,-177755.0,3692.83,9618,-160.45
V006,Aegean Trader,Panamax,11,4200,2020-07-01,2020,7,8397,Time Charter,KMTC,26.4,3.6,87.98,221681.0,284790.0,0.0,-63109.0,7389.37,9493,-28.47
V006,Aegean Trader,Panamax,11,4200,2020-08-01,2020,8,7541,Spot,COSCO Shipping,27.6,2.4,92.14,208132.0,285210.0,12926.0,-90004.0,6506.87,9507,-43.24
V006,Aegean Trader,Panamax,11,4200,2020-09-01,2020,9,10212,Spot,Zim Integrated Shipping,28.1,1.9,93.82,286957.0,288030.0,11319.0,-12392.0,9187.93,9601,-4.32
V006,Aegean Trader,Panamax,11,4200,2020-10-01,2020,10,12257,Time Charter,Yang Ming,28.2,1.8,93.84,345647.0,279150.0,0.0,66497.0,11521.57,9305,19.24
V006,Aegean Trader,Panamax,11,4200,2020-11-01,2020,11,13657,Time Charter,Wan Hai Lines,28.0,2.0,93.26,382396.0,280020.0,0.0,102376.0,12746.53,9334,26.77
V006,Aegean Trader,Panamax,11,4200,2020-12-01,2020,12,14557,Time Charter,Zim Integrated Shipping,28.2,1.8,93.87,410507.0,281010.0,0.0,129497.0,13683.57,9367,31.55
V006,Aegean Trader,Panamax,12,4200,2021-01-01,2021,1,19321,Time Charter,Yang Ming,28.0,2.0,93.19,540988.0,285360.0,0.0,255628.0,18032.93,9512,47.25
V006,Aegean Trader,Panamax,12,4200,2021-02-01,2021,2,19513,Time Charter,Yang Ming,27.7,2.3,92.22,540510.0,282330.0,0.0,258180.0,18017.0,9411,47.77
V006,Aegean Trader,Panamax,12,4200,2021-03-01,2021,3,25895,Time Charter,KMTC,27.8,2.2,92.68,719881.0,289740.0,0.0,430141.0,23996.03,9658,59.75
V006,Aegean Trader,Panamax,12,4200,2021-04-01,2021,4,31196,Time Charter,Maersk Line,28.1,1.9,93.62,876608.0,297690.0,0.0,578918.0,29220.27,9923,66.04
V006,Aegean Trader,Panamax,12,4200,2021-05-01,2021,5,37183,Time Charter,MSC,29.6,0.4,98.76,1100617.0,281040.0,0.0,819577.0,36687.23,9368,74.47
V006,Aegean Trader,Panamax,12,4200,2021-06-01,2021,6,41504,Time Charter,Evergreen Marine,29.2,0.8,97.48,1211917.0,285870.0,0.0,926047.0,40397.23,9529,76.41
V006,Aegean Trader,Panamax,12,4200,2021-07-01,2021,7,46687,Time Charter,COSCO Shipping,29.4,0.6,98.1,1372598.0,288600.0,0.0,1083998.0,45753.27,9620,78.97
V006,Aegean Trader,Panamax,12,4200,2021-08-01,2021,8,62648,Time Charter,ONE (Ocean Network Express),29.4,0.6,98.16,1841851.0,288210.0,0.0,1553641.0,61395.03,9607,84.35
V006,Aegean Trader,Panamax,12,4200,2021-09-01,2021,9,68421,Spot,Zim Integrated Shipping,29.3,0.7,97.82,2004735.0,289500.0,8685.0,1706550.0,66535.0,9650,85.13
V006,Aegean Trader,Panamax,12,4200,2021-10-01,2021,10,86019,Spot,COSCO Shipping,29.1,0.9,97.0,2503153.0,287280.0,11441.0,2204432.0,83057.07,9576,88.07
V006,Aegean Trader,Panamax,12,4200,2021-11-01,2021,11,94032,Time Charter,Evergreen Marine,28.6,1.4,95.27,2689315.0,302730.0,0.0,2386585.0,89643.83,10091,88.74
V006,Aegean Trader,Panamax,12,4200,2021-12-01,2021,12,103621,Spot,Wan Hai Lines,29.1,0.9,96.9,3015371.0,278310.0,11314.0,2725747.0,100135.23,9277,90.4
V006,Aegean Trader,Panamax,13,4200,2022-01-01,2022,1,96975,Spot,PIL,29.4,0.6,98.05,2851065.0,290310.0,9212.0,2551543.0,94728.43,9677,89.49
V006,Aegean Trader,Panamax,13,4200,2022-02-01,2022,2,110241,Time Charter,Hapag-Lloyd,29.0,1.0,96.61,3196989.0,295890.0,0.0,2901099.0,106566.3,9863,90.74
V006,Aegean Trader,Panamax,13,4200,2022-03-01,2022,3,117510,Time Charter,Yang Ming,29.0,1.0,96.69,3407790.0,298170.0,0.0,3109620.0,113593.0,9939,91.25
V006,Aegean Trader,Panamax,13,4200,2022-04-01,2022,4,117487,Time Charter,HMM,29.2,0.8,97.22,3430620.0,303660.0,0.0,3126960.0,114354.0,10122,91.15
V006,Aegean Trader,Panamax,13,4200,2022-05-01,2022,5,104566,Spot,HMM,29.0,1.0,96.58,3032414.0,313830.0,11037.0,2707547.0,100712.57,10461,89.29
V006,Aegean Trader,Panamax,13,4200,2022-06-01,2022,6,94321,Spot,Hapag-Lloyd,29.5,0.5,98.35,2782470.0,300840.0,10790.0,2470840.0,92389.33,10028,88.8
V006,Aegean Trader,Panamax,13,4200,2022-07-01,2022,7,85083,Spot,ONE (Ocean Network Express),28.7,1.3,95.7,2441882.0,300720.0,12311.0,2128851.0,80985.7,10024,87.18
V006,Aegean Trader,Panamax,13,4200,2022-08-01,2022,8,69185,Time Charter,Zim Integrated Shipping,29.1,0.9,97.05,2013284.0,302310.0,0.0,1710974.0,67109.47,10077,84.98
V006,Aegean Trader,Panamax,13,4200,2022-09-01,2022,9,49821,Spot,HMM,29.3,0.7,97.6,1459755.0,304680.0,12446.0,1142629.0,48243.63,10156,78.28
V006,Aegean Trader,Panamax,13,4200,2022-10-01,2022,10,42283,Time Charter,Hapag-Lloyd,28.3,1.7,94.35,1196609.0,293130.0,0.0,903479.0,39886.97,9771,75.5
V006,Aegean Trader,Panamax,13,4200,2022-11-01,2022,11,36894,Spot,Hapag-Lloyd,28.5,1.5,95.1,1051479.0,297180.0,8317.0,745982.0,34772.07,9906,70.95
V006,Aegean Trader,Panamax,13,4200,2022-12-01,2022,12,32408,Spot,Zim Integrated Shipping,29.5,0.5,98.18,956036.0,304350.0,10622.0,641064.0,31513.8,10145,67.05
V006,Aegean Trader,Panamax,14,4200,2023-01-01,2023,1,20274,Time Charter,Yang Ming,27.7,2.3,92.24,561590.0,322740.0,0.0,238850.0,18719.67,10758,42.53
V006,Aegean Trader,Panamax,14,4200,2023-02-01,2023,2,16908,Spot,Evergreen Marine,27.6,2.4,92.09,466661.0,314970.0,12381.0,139310.0,15142.67,10499,29.85
V006,Aegean Trader,Panamax,14,4200,2023-03-01,2023,3,15801,Time Charter,Evergreen Marine,27.5,2.5,91.58,434528.0,318870.0,0.0,115658.0,14484.27,10629,26.62
V006,Aegean Trader,Panamax,14,4200,2023-04-01,2023,4,13842,Time Charter,Evergreen Marine,27.9,2.1,93.13,386192.0,312060.0,0.0,74132.0,12873.07,10402,19.2
V006,Aegean Trader,Panamax,14,4200,2023-05-01,2023,5,13538,Time Charter,COSCO Shipping,28.0,2.0,93.4,379064.0,311370.0,0.0,67694.0,12635.47,10379,17.86
V006,Aegean Trader,Panamax,14,4200,2023-06-01,2023,6,12663,Time Charter,MSC,27.6,2.4,92.0,349499.0,322860.0,0.0,26639.0,11649.97,10762,7.62
V006,Aegean Trader,Panamax,14,4200,2023-07-01,2023,7,12850,Time Charter,Zim Integrated Shipping,27.5,2.5,91.7,353375.0,310860.0,0.0,42515.0,11779.17,10362,12.03
V006,Aegean Trader,Panamax,14,4200,2023-08-01,2023,8,13348,Time Charter,COSCO Shipping,27.9,2.1,93.08,372409.0,324540.0,0.0,47869.0,12413.63,10818,12.85
V006,Aegean Trader,Panamax,14,4200,2023-09-01,2023,9,14949,Time Charter,Hapag-Lloyd,27.0,3.0,89.84,403623.0,319710.0,0.0,83913.0,13454.1,10657,20.79
V006,Aegean Trader,Panamax,14,4200,2023-10-01,2023,10,14305,Spot,MSC,27.7,2.3,92.47,396248.0,324120.0,11522.0,60606.0,12824.2,10804,15.29
V006,Aegean Trader,Panamax,14,4200,2023-11-01,2023,11,15374,Spot,Zim Integrated Shipping,27.8,2.2,92.6,427397.0,324630.0,13995.0,88772.0,13780.07,10821,20.77
V006,Aegean Trader,Panamax,14,4200,2023-12-01,2023,12,13638,Time Charter,HMM,27.8,2.2,92.51,379136.0,308430.0,0.0,70706.0,12637.87,10281,18.65
V006,Aegean Trader,Panamax,15,4200,2024-01-01,2024,1,15631,Spot,KMTC,27.6,2.4,91.98,431416.0,328290.0,12611.0,90515.0,13960.17,10943,20.98
V006,Aegean Trader,Panamax,15,4200,2024-02-01,2024,2,14788,Spot,Zim Integrated Shipping,27.6,2.4,92.15,408149.0,336030.0,9141.0,62978.0,13300.27,11201,15.43
V006,Aegean Trader,Panamax,15,4200,2024-03-01,2024,3,21152,Time Charter,CMA CGM,26.9,3.1,89.75,568989.0,327390.0,0.0,241599.0,18966.3,10913,42.46
V006,Aegean Trader,Panamax,15,4200,2024-04-01,2024,4,15964,Time Charter,COSCO Shipping,27.8,2.2,92.59,443799.0,328830.0,0.0,114969.0,14793.3,10961,25.91
V006,Aegean Trader,Panamax,15,4200,2024-05-01,2024,5,17496,Time Charter,COSCO Shipping,27.4,2.6,91.19,479390.0,336870.0,0.0,142520.0,15979.67,11229,29.73
V006,Aegean Trader,Panamax,15,4200,2024-06-01,2024,6,22714,Time Charter,Zim Integrated Shipping,27.5,2.5,91.56,624635.0,335460.0,0.0,289175.0,20821.17,11182,46.3
V006,Aegean Trader,Panamax,15,4200,2024-07-01,2024,7,19586,Spot,Yang Ming,28.3,1.7,94.28,554284.0,336690.0,8494.0,209100.0,18193.0,11223,37.72
V006,Aegean Trader,Panamax,15,4200,2024-08-01,2024,8,19087,Time Charter,Evergreen Marine,27.6,2.4,92.09,526801.0,333630.0,0.0,193171.0,17560.03,11121,36.67
V006,Aegean Trader,Panamax,15,4200,2024-09-01,2024,9,15644,Time Charter,Zim Integrated Shipping,28.3,1.7,94.36,442725.0,336210.0,0.0,106515.0,14757.5,11207,24.06
V006,Aegean Trader,Panamax,15,4200,2024-10-01,2024,10,18739,Time Charter,PIL,27.5,2.5,91.6,515322.0,336300.0,0.0,179022.0,17177.4,11210,34.74
V006,Aegean Trader,Panamax,15,4200,2024-11-01,2024,11,15080,Time Charter,KMTC,27.9,2.1,92.85,420732.0,338730.0,0.0,82002.0,14024.4,11291,19.49
V006,Aegean Trader,Panamax,15,4200,2024-12-01,2024,12,16594,Spot,HMM,27.5,2.5,91.81,456335.0,331440.0,12497.0,112398.0,14794.6,11048,24.63
V007,Hellenic Wave,Panamax,2,4500,2012-01-01,2012,1,6746,Time Charter,PIL,26.6,3.4,88.82,179444.0,229170.0,0.0,-49726.0,5981.47,7639,-27.71
V007,Hellenic Wave,Panamax,2,4500,2012-02-01,2012,2,7575,Spot,Evergreen Marine,25.8,4.2,86.05,195435.0,238140.0,8186.0,-50891.0,6241.63,7938,-26.04
V007,Hellenic Wave,Panamax,2,4500,2012-03-01,2012,3,6114,Spot,MSC,27.0,3.0,89.85,165078.0,239370.0,12100.0,-86392.0,5099.27,7979,-52.33
V007,Hellenic Wave,Panamax,2,4500,2012-04-01,2012,4,5264,Time Charter,Sinokor Merchant Marine,26.5,3.5,88.32,139496.0,227460.0,0.0,-87964.0,4649.87,7582,-63.06
V007,Hellenic Wave,Panamax,2,4500,2012-05-01,2012,5,6009,Time Charter,COSCO Shipping,26.1,3.9,86.91,156835.0,230040.0,0.0,-73205.0,5227.83,7668,-46.68
V007,Hellenic Wave,Panamax,2,4500,2012-06-01,2012,6,5681,Time Charter,Evergreen Marine,25.7,4.3,85.82,146002.0,228000.0,0.0,-81998.0,4866.73,7600,-56.16
V007,Hellenic Wave,Panamax,2,4500,2012-07-01,2012,7,5424,Time Charter,COSCO Shipping,25.7,4.3,85.64,139397.0,231900.0,0.0,-92503.0,4646.57,7730,-66.36
V007,Hellenic Wave,Panamax,2,4500,2012-08-01,2012,8,7873,Time Charter,Hapag-Lloyd,27.0,3.0,90.12,212571.0,230130.0,0.0,-17559.0,7085.7,7671,-8.26
V007,Hellenic Wave,Panamax,2,4500,2012-09-01,2012,9,6446,Time Charter,CMA CGM,25.9,4.1,86.21,166951.0,227160.0,0.0,-60209.0,5565.03,7572,-36.06
V007,Hellenic Wave,Panamax,2,4500,2012-10-01,2012,10,5210,Time Charter,Evergreen Marine,26.5,3.5,88.35,138065.0,228210.0,0.0,-90145.0,4602.17,7607,-65.29
V007,Hellenic Wave,Panamax,2,4500,2012-11-01,2012,11,6056,Time Charter,Maersk Line,26.7,3.3,89.11,161695.0,223620.0,0.0,-61925.0,5389.83,7454,-38.3
V007,Hellenic Wave,Panamax,2,4500,2012-12-01,2012,12,6096,Time Charter,Zim Integrated Shipping,26.3,3.7,87.64,160325.0,230070.0,0.0,-69745.0,5344.17,7669,-43.5
V007,Hellenic Wave,Panamax,3,4500,2013-01-01,2013,1,6837,Time Charter,HMM,26.4,3.6,88.11,180497.0,239250.0,0.0,-58753.0,6016.57,7975,-32.55
V007,Hellenic Wave,Panamax,3,4500,2013-02-01,2013,2,6545,Time Charter,CMA CGM,26.2,3.8,87.38,171479.0,237360.0,0.0,-65881.0,5715.97,7912,-38.42
V007,Hellenic Wave,Panamax,3,4500,2013-03-01,2013,3,4878,Time Charter,Evergreen Marine,26.4,3.6,88.03,128779.0,226020.0,0.0,-97241.0,4292.63,7534,-75.51
V007,Hellenic Wave,Panamax,3,4500,2013-04-01,2013,4,6444,Time Charter,Maersk Line,26.8,3.2,89.17,172699.0,240390.0,0.0,-67691.0,5756.63,8013,-39.2
V007,Hellenic Wave,Panamax,3,4500,2013-05-01,2013,5,6778,Time Charter,Maersk Line,26.4,3.6,87.99,178939.0,238140.0,0.0,-59201.0,5964.63,7938,-33.08
V007,Hellenic Wave,Panamax,3,4500,2013-06-01,2013,6,5341,Time Charter,HMM,26.8,3.2,89.19,143139.0,240930.0,0.0,-97791.0,4771.3,8031,-68.32
V007,Hellenic Wave,Panamax,3,4500,2013-07-01,2013,7,5214,Time Charter,Evergreen Marine,25.9,4.1,86.38,135043.0,233790.0,0.0,-98747.0,4501.43,7793,-73.12
V007,Hellenic Wave,Panamax,3,4500,2013-08-01,2013,8,4821,Spot,Zim Integrated Shipping,25.6,4.4,85.36,123418.0,241740.0,14582.0,-132904.0,3627.87,8058,-107.69
V007,Hellenic Wave,Panamax,3,4500,2013-09-01,2013,9,5512,Time Charter,CMA CGM,26.5,3.5,88.22,146068.0,235410.0,0.0,-89342.0,4868.93,7847,-61.16
V007,Hellenic Wave,Panamax,3,4500,2013-10-01,2013,10,5297,Time Charter,Wan Hai Lines,26.4,3.6,88.03,139841.0,224910.0,0.0,-85069.0,4661.37,7497,-60.83
V007,Hellenic Wave,Panamax,3,4500,2013-11-01,2013,11,5504,Spot,Sinokor Merchant Marine,26.1,3.9,87.15,143654.0,239340.0,12028.0,-107714.0,4387.53,7978,-74.98
V007,Hellenic Wave,Panamax,3,4500,2013-12-01,2013,12,5683,Time Charter,KMTC,26.0,4.0,86.71,147758.0,239880.0,0.0,-92122.0,4925.27,7996,-62.35
V007,Hellenic Wave,Panamax,4,4500,2014-01-01,2014,1,6128,Time Charter,Yang Ming,26.6,3.4,88.51,163005.0,242820.0,0.0,-79815.0,5433.5,8094,-48.96
V007,Hellenic Wave,Panamax,4,4500,2014-02-01,2014,2,5548,Time Charter,MSC,26.2,3.8,87.37,145358.0,236490.0,0.0,-91132.0,4845.27,7883,-62.69
V007,Hellenic Wave,Panamax,4,4500,2014-03-01,2014,3,5029,Time Charter,Sinokor Merchant Marine,26.2,3.8,87.18,131760.0,250680.0,0.0,-118920.0,4392.0,8356,-90.26
V007,Hellenic Wave,Panamax,4,4500,2014-04-01,2014,4,5609,Time Charter,Maersk Line,26.7,3.3,88.96,149760.0,247440.0,0.0,-97680.0,4992.0,8248,-65.22
V007,Hellenic Wave,Panamax,4,4500,2014-05-01,2014,5,6361,Spot,PIL,26.5,3.5,88.31,168566.0,242310.0,10717.0,-84461.0,5261.63,8077,-50.11
V007,Hellenic Wave,Panamax,4,4500,2014-06-01,2014,6,5511,Time Charter,Evergreen Marine,26.0,4.0,86.76,143286.0,252990.0,0.0,-109704.0,4776.2,8433,-76.56
V007,Hellenic Wave,Panamax,4,4500,2014-07-01,2014,7,5517,Time Charter,Yang Ming,26.1,3.9,87.06,143994.0,235920.0,0.0,-91926.0,4799.8,7864,-63.84
V007,Hellenic Wave,Panamax,4,4500,2014-08-01,2014,8,5629,Time Charter,Yang Ming,26.3,3.7,87.7,148043.0,249540.0,0.0,-101497.0,4934.77,8318,-68.56
V007,Hellenic Wave,Panamax,4,4500,2014-09-01,2014,9,4947,Time Charter,Yang Ming,26.9,3.1,89.56,133074.0,248400.0,0.0,-115326.0,4435.8,8280,-86.66
V007,Hellenic Wave,Panamax,4,4500,2014-10-01,2014,10,5730,Spot,Hapag-Lloyd,26.2,3.8,87.23,150126.0,231060.0,12503.0,-93437.0,4587.43,7702,-62.24
V007,Hellenic Wave,Panamax,4,4500,2014-11-01,2014,11,4951,Time Charter,CMA CGM,25.9,4.1,86.4,128231.0,246780.0,0.0,-118549.0,4274.37,8226,-92.45
V007,Hellenic Wave,Panamax,4,4500,2014-12-01,2014,12,4306,Time Charter,Maersk Line,27.0,3.0,89.92,116262.0,234840.0,0.0,-118578.0,3875.4,7828,-101.99
V007,Hellenic Wave,Panamax,5,4500,2015-01-01,2015,1,6520,Time Charter,Evergreen Marine,26.8,3.2,89.34,174736.0,249150.0,0.0,-74414.0,5824.53,8305,-42.59
V007,Hellenic Wave,Panamax,5,4500,2015-02-01,2015,2,5198,Time Charter,Sinokor Merchant Marine,26.1,3.9,87.1,135668.0,249300.0,0.0,-113632.0,4522.27,8310,-83.76
V007,Hellenic Wave,Panamax,5,4500,2015-03-01,2015,3,4859,Time Charter,Yang Ming,26.0,4.0,86.72,126334.0,253620.0,0.0,-127286.0,4211.13,8454,-100.75
V007,Hellenic Wave,Panamax,5,4500,2015-04-01,2015,4,4765,Spot,MSC,26.4,3.6,88.13,125796.0,244320.0,11208.0,-129732.0,3819.6,8144,-103.13
V007,Hellenic Wave,Panamax,5,4500,2015-05-01,2015,5,4385,Time Charter,Sinokor Merchant Marine,27.0,3.0,89.87,118395.0,254700.0,0.0,-136305.0,3946.5,8490,-115.13
V007,Hellenic Wave,Panamax,5,4500,2015-06-01,2015,6,4760,Time Charter,MSC,26.5,3.5,88.47,126140.0,247110.0,0.0,-120970.0,4204.67,8237,-95.9
V007,Hellenic Wave,Panamax,5,4500,2015-07-01,2015,7,4217,Time Charter,ONE (Ocean Network Express),25.9,4.1,86.5,109220.0,244440.0,0.0,-135220.0,3640.67,8148,-123.81
V007,Hellenic Wave,Panamax,5,4500,2015-08-01,2015,8,3858,Time Charter,Yang Ming,26.8,3.2,89.19,103394.0,248190.0,0.0,-144796.0,3446.47,8273,-140.04
V007,Hellenic Wave,Panamax,5,4500,2015-09-01,2015,9,4685,Time Charter,MSC,26.2,3.8,87.24,122747.0,255120.0,0.0,-132373.0,4091.57,8504,-107.84
V007,Hellenic Wave,Panamax,5,4500,2015-10-01,2015,10,4150,Time Charter,PIL,26.3,3.7,87.5,109145.0,248520.0,0.0,-139375.0,3638.17,8284,-127.7
V007,Hellenic Wave,Panamax,5,4500,2015-11-01,2015,11,5024,Time Charter,Wan Hai Lines,26.7,3.3,88.85,134141.0,247110.0,0.0,-112969.0,4471.37,8237,-84.22
V007,Hellenic Wave,Panamax,5,4500,2015-12-01,2015,12,4734,Spot,Wan Hai Lines,26.7,3.3,89.04,126398.0,256770.0,11819.0,-142191.0,3819.3,8559,-112.49
V007,Hellenic Wave,Panamax,6,4500,2016-01-01,2016,1,4232,Time Charter,Maersk Line,24.5,5.5,81.63,103684.0,259260.0,0.0,-155576.0,3456.13,8642,-150.05
V007,Hellenic Wave,Panamax,6,4500,2016-02-01,2016,2,4892,Time Charter,CMA CGM,24.5,5.5,81.74,119854.0,238080.0,0.0,-118226.0,3995.13,7936,-98.64
V007,Hellenic Wave,Panamax,6,4500,2016-03-01,2016,3,3000,Time Charter,CMA CGM,25.0,5.0,83.36,75000.0,254970.0,0.0,-179970.0,2500.0,8499,-239.96
V007,Hellenic Wave,Panamax,6,4500,2016-04-01,2016,4,4750,Time Charter,KMTC,26.4,3.6,87.93,125400.0,264780.0,0.0,-139380.0,4180.0,8826,-111.15
V007,Hellenic Wave,Panamax,6,4500,2016-05-01,2016,5,4306,Time Charter,PIL,27.0,3.0,89.93,116262.0,248760.0,0.0,-132498.0,3875.4,8292,-113.97
V007,Hellenic Wave,Panamax,6,4500,2016-06-01,2016,6,4792,Time Charter,Evergreen Marine,26.3,3.7,87.53,126030.0,260040.0,0.0,-134010.0,4201.0,8668,-106.33
V007,Hellenic Wave,Panamax,6,4500,2016-07-01,2016,7,4504,Time Charter,MSC,26.6,3.4,88.55,119806.0,252240.0,0.0,-132434.0,3993.53,8408,-110.54
V007,Hellenic Wave,Panamax,6,4500,2016-08-01,2016,8,3413,Spot,COSCO Shipping,26.8,3.2,89.34,91468.0,259470.0,14590.0,-182592.0,2562.6,8649,-199.62
V007,Hellenic Wave,Panamax,6,4500,2016-09-01,2016,9,4854,Time Charter,MSC,26.5,3.5,88.17,128631.0,256740.0,0.0,-128109.0,4287.7,8558,-99.59
V007,Hellenic Wave,Panamax,6,4500,2016-10-01,2016,10,4058,Time Charter,HMM,26.8,3.2,89.18,108754.0,253200.0,0.0,-144446.0,3625.13,8440,-132.82
V007,Hellenic Wave,Panamax,6,4500,2016-11-01,2016,11,4519,Time Charter,KMTC,26.5,3.5,88.28,119754.0,255480.0,0.0,-135726.0,3991.8,8516,-113.34
V007,Hellenic Wave,Panamax,6,4500,2016-12-01,2016,12,4757,Time Charter,ONE (Ocean Network Express),25.7,4.3,85.69,122255.0,249930.0,0.0,-127675.0,4075.17,8331,-104.43
V007,Hellenic Wave,Panamax,7,4500,2017-01-01,2017,1,4189,Time Charter,PIL,26.7,3.3,88.88,111846.0,268350.0,0.0,-156504.0,3728.2,8945,-139.93
V007,Hellenic Wave,Panamax,7,4500,2017-02-01,2017,2,4381,Spot,PIL,26.1,3.9,86.88,114344.0,261300.0,10703.0,-157659.0,3454.7,8710,-137.88
V007,Hellenic Wave,Panamax,7,4500,2017-03-01,2017,3,5631,Time Charter,KMTC,26.1,3.9,87.06,146969.0,268740.0,0.0,-121771.0,4898.97,8958,-82.85
V007,Hellenic Wave,Panamax,7,4500,2017-04-01,2017,4,3808,Spot,PIL,25.9,4.1,86.48,98627.0,259830.0,14728.0,-175931.0,2796.63,8661,-178.38
V007,Hellenic Wave,Panamax,7,4500,2017-05-01,2017,5,5617,Time Charter,COSCO Shipping,26.2,3.8,87.43,147165.0,266430.0,0.0,-119265.0,4905.5,8881,-81.04
V007,Hellenic Wave,Panamax,7,4500,2017-06-01,2017,6,5665,Time Charter,KMTC,26.4,3.6,87.92,149556.0,254850.0,0.0,-105294.0,4985.2,8495,-70.4
V007,Hellenic Wave,Panamax,7,4500,2017-07-01,2017,7,5021,Time Charter,HMM,26.3,3.7,87.74,132052.0,252540.0,0.0,-120488.0,4401.73,8418,-91.24
V007,Hellenic Wave,Panamax,7,4500,2017-08-01,2017,8,5169,Time Charter,ONE (Ocean Network Express),26.4,3.6,87.95,136462.0,266520.0,0.0,-130058.0,4548.73,8884,-95.31
V007,Hellenic Wave,Panamax,7,4500,2017-09-01,2017,9,5017,Spot,Yang Ming,26.0,4.0,86.82,130442.0,263310.0,14337.0,-147205.0,3870.17,8777,-112.85
V007,Hellenic Wave,Panamax,7,4500,2017-10-01,2017,10,5266,Spot,Pacific International Lines,26.1,3.9,86.92,137443.0,255510.0,9371.0,-127438.0,4269.07,8517,-92.72
V007,Hellenic Wave,Panamax,7,4500,2017-11-01,2017,11,6935,Time Charter,Yang Ming,26.1,3.9,86.99,181004.0,258900.0,0.0,-77896.0,6033.47,8630,-43.04
V007,Hellenic Wave,Panamax,7,4500,2017-12-01,2017,12,6701,Time Charter,Evergreen Marine,26.4,3.6,87.9,176906.0,251010.0,0.0,-74104.0,5896.87,8367,-41.89
V007,Hellenic Wave,Panamax,8,4500,2018-01-01,2018,1,6395,Time Charter,Sinokor Merchant Marine,26.5,3.5,88.23,169468.0,271500.0,0.0,-102032.0,5648.93,9050,-60.21
V007,Hellenic Wave,Panamax,8,4500,2018-02-01,2018,2,7839,Time Charter,PIL,26.1,3.9,87.14,204598.0,256800.0,0.0,-52202.0,6819.93,8560,-25.51
V007,Hellenic Wave,Panamax,8,4500,2018-03-01,2018,3,6298,Time Charter,ONE (Ocean Network Express),25.2,4.8,84.13,158710.0,275940.0,0.0,-117230.0,5290.33,9198,-73.86
V007,Hellenic Wave,Panamax,8,4500,2018-04-01,2018,4,7719,Time Charter,Evergreen Marine,26.2,3.8,87.44,202238.0,267690.0,0.0,-65452.0,6741.27,8923,-32.36
V007,Hellenic Wave,Panamax,8,4500,2018-05-01,2018,5,8193,Spot,PIL,26.6,3.4,88.82,217934.0,263160.0,8486.0,-53712.0,6981.6,8772,-24.65
V007,Hellenic Wave,Panamax,8,4500,2018-06-01,2018,6,7017,Spot,PIL,25.7,4.3,85.56,180337.0,260910.0,8705.0,-89278.0,5721.07,8697,-49.51
V007,Hellenic Wave,Panamax,8,4500,2018-07-01,2018,7,7536,Time Charter,Maersk Line,26.5,3.5,88.33,199704.0,265200.0,0.0,-65496.0,6656.8,8840,-32.8
V007,Hellenic Wave,Panamax,8,4500,2018-08-01,2018,8,6409,Spot,PIL,26.4,3.6,87.97,169198.0,279840.0,8128.0,-118770.0,5369.0,9328,-70.2
V007,Hellenic Wave,Panamax,8,4500,2018-09-01,2018,9,9128,Spot,Zim Integrated Shipping,26.2,3.8,87.42,239154.0,267900.0,8661.0,-37407.0,7683.1,8930,-15.64
V007,Hellenic Wave,Panamax,8,4500,2018-10-01,2018,10,9909,Spot,MSC,27.7,2.3,92.23,274479.0,256080.0,12781.0,5618.0,8723.27,8536,2.05
V007,Hellenic Wave,Panamax,8,4500,2018-11-01,2018,11,7328,Time Charter,KMTC,26.5,3.5,88.38,194192.0,263220.0,0.0,-69028.0,6473.07,8774,-35.55
V007,Hellenic Wave,Panamax,8,4500,2018-12-01,2018,12,8881,Time Charter,COSCO Shipping,28.8,1.2,96.01,255773.0,268260.0,0.0,-12487.0,8525.77,8942,-4.88
V007,Hellenic Wave,Panamax,9,4500,2019-01-01,2019,1,7972,Spot,Wan Hai Lines,26.5,3.5,88.19,211258.0,261960.0,8498.0,-59200.0,6758.67,8732,-28.02
V007,Hellenic Wave,Panamax,9,4500,2019-02-01,2019,2,10018,Spot,COSCO Shipping,27.8,2.2,92.72,278500.0,271740.0,10233.0,-3473.0,8942.23,9058,-1.25
V007,Hellenic Wave,Panamax,9,4500,2019-03-01,2019,3,8668,Time Charter,Evergreen Marine,26.5,3.5,88.17,229702.0,265290.0,0.0,-35588.0,7656.73,8843,-15.49
V007,Hellenic Wave,Panamax,9,4500,2019-04-01,2019,4,7243,Time Charter,Wan Hai Lines,26.7,3.3,89.05,193388.0,284610.0,0.0,-91222.0,6446.27,9487,-47.17
V007,Hellenic Wave,Panamax,9,4500,2019-05-01,2019,5,6938,Time Charter,MSC,27.3,2.7,90.84,189407.0,281430.0,0.0,-92023.0,6313.57,9381,-48.58
V007,Hellenic Wave,Panamax,9,4500,2019-06-01,2019,6,9093,Time Charter,CMA CGM,25.8,4.2,85.88,234599.0,274890.0,0.0,-40291.0,7819.97,9163,-17.17
V007,Hellenic Wave,Panamax,9,4500,2019-07-01,2019,7,8476,Time Charter,COSCO Shipping,26.3,3.7,87.76,222919.0,260430.0,0.0,-37511.0,7430.63,8681,-16.83
V007,Hellenic Wave,Panamax,9,4500,2019-08-01,2019,8,6552,Time Charter,CMA CGM,27.0,3.0,89.97,176904.0,274260.0,0.0,-97356.0,5896.8,9142,-55.03
V007,Hellenic Wave,Panamax,9,4500,2019-09-01,2019,9,7147,Spot,HMM,26.2,3.8,87.25,187251.0,278820.0,13914.0,-105483.0,5777.9,9294,-56.33
V007,Hellenic Wave,Panamax,9,4500,2019-10-01,2019,10,7560,Time Charter,MSC,26.2,3.8,87.35,198072.0,276120.0,0.0,-78048.0,6602.4,9204,-39.4
V007,Hellenic Wave,Panamax,9,4500,2019-11-01,2019,11,7772,Time Charter,CMA CGM,26.1,3.9,86.98,202849.0,271650.0,0.0,-68801.0,6761.63,9055,-33.92
V007,Hellenic Wave,Panamax,9,4500,2019-12-01,2019,12,6869,Time Charter,Maersk Line,26.4,3.6,87.99,181342.0,282780.0,0.0,-101438.0,6044.73,9426,-55.94
V007,Hellenic Wave,Panamax,10,4500,2020-01-01,2020,1,7575,Spot,ONE (Ocean Network Express),26.8,3.2,89.27,203010.0,276720.0,8163.0,-81873.0,6494.9,9224,-40.33
V007,Hellenic Wave,Panamax,10,4500,2020-02-01,2020,2,6416,Spot,Yang Ming,26.5,3.5,88.29,170024.0,283680.0,13701.0,-127357.0,5210.77,9456,-74.91
V007,Hellenic Wave,Panamax,10,4500,2020-03-01,2020,3,5708,Time Charter,Zim Integrated Shipping,26.4,3.6,87.9,150691.0,292350.0,0.0,-141659.0,5023.03,9745,-94.01
V007,Hellenic Wave,Panamax,10,4500,2020-04-01,2020,4,6494,Time Charter,PIL,26.4,3.6,88.0,171442.0,280950.0,0.0,-109508.0,5714.73,9365,-63.87
V007,Hellenic Wave,Panamax,10,4500,2020-05-01,2020,5,6064,Time Charter,Yang Ming,26.3,3.7,87.82,159483.0,289530.0,0.0,-130047.0,5316.1,9651,-81.54
V007,Hellenic Wave,Panamax,10,4500,2020-06-01,2020,6,7223,Time Charter,Evergreen Marine,26.7,3.3,89.05,192854.0,268950.0,0.0,-76096.0,6428.47,8965,-39.46
V007,Hellenic Wave,Panamax,10,4500,2020-07-01,2020,7,8928,Time Charter,Maersk Line,26.9,3.1,89.72,240163.0,279840.0,0.0,-39677.0,8005.43,9328,-16.52
V007,Hellenic Wave,Panamax,10,4500,2020-08-01,2020,8,9728,Time Charter,COSCO Shipping,27.9,2.1,92.9,271411.0,279210.0,0.0,-7799.0,9047.03,9307,-2.87
V007,Hellenic Wave,Panamax,10,4500,2020-09-01,2020,9,11983,Spot,Evergreen Marine,28.3,1.7,94.5,339119.0,280980.0,9973.0,48166.0,10971.53,9366,14.2
V007,Hellenic Wave,Panamax,10,4500,2020-10-01,2020,10,11295,Time Charter,Zim Integrated Shipping,27.9,2.1,92.97,315130.0,292800.0,0.0,22330.0,10504.33,9760,7.09
V007,Hellenic Wave,Panamax,10,4500,2020-11-01,2020,11,12241,Time Charter,Evergreen Marine,27.9,2.1,93.15,341524.0,275220.0,0.0,66304.0,11384.13,9174,19.41
V007,Hellenic Wave,Panamax,10,4500,2020-12-01,2020,12,15193,Time Charter,Zim Integrated Shipping,27.5,2.5,91.62,417808.0,276660.0,0.0,141148.0,13926.93,9222,33.78
V007,Hellenic Wave,Panamax,11,4500,2021-01-01,2021,1,15905,Spot,Sinokor Merchant Marine,28.1,1.9,93.55,446930.0,290310.0,8827.0,147793.0,14603.43,9677,33.07
V007,Hellenic Wave,Panamax,11,4500,2021-02-01,2021,2,23120,Time Charter,Yang Ming,27.9,2.1,92.95,645048.0,291270.0,0.0,353778.0,21501.6,9709,54.85
V007,Hellenic Wave,Panamax,11,4500,2021-03-01,2021,3,26076,Spot,MSC,28.0,2.0,93.27,730128.0,283620.0,12877.0,433631.0,23908.37,9454,59.39
V007,Hellenic Wave,Panamax,11,4500,2021-04-01,2021,4,34235,Time Charter,Wan Hai Lines,27.4,2.6,91.5,938039.0,283380.0,0.0,654659.0,31267.97,9446,69.79
V007,Hellenic Wave,Panamax,11,4500,2021-05-01,2021,5,38996,Spot,COSCO Shipping,28.9,1.1,96.45,1126984.0,287520.0,12403.0,827061.0,37152.7,9584,73.39
V007,Hellenic Wave,Panamax,11,4500,2021-06-01,2021,6,44807,Time Charter,Pacific International Lines,29.0,1.0,96.56,1299403.0,297240.0,0.0,1002163.0,43313.43,9908,77.12
V007,Hellenic Wave,Panamax,11,4500,2021-07-01,2021,7,59558,Spot,Evergreen Marine,29.9,0.1,99.5,1780784.0,292680.0,14142.0,1473962.0,58888.07,9756,82.77
V007,Hellenic Wave,Panamax,11,4500,2021-08-01,2021,8,61589,Spot,KMTC,29.5,0.5,98.45,1816876.0,285420.0,13145.0,1518311.0,60124.37,9514,83.57
V007,Hellenic Wave,Panamax,11,4500,2021-09-01,2021,9,70050,Time Charter,KMTC,29.4,0.6,98.02,2059470.0,290760.0,0.0,1768710.0,68649.0,9692,85.88
V007,Hellenic Wave,Panamax,11,4500,2021-10-01,2021,10,80455,Time Charter,Wan Hai Lines,29.6,0.4,98.59,2381468.0,283230.0,0.0,2098238.0,79382.27,9441,88.11
V007,Hellenic Wave,Panamax,11,4500,2021-11-01,2021,11,89788,Spot,PIL,28.9,1.1,96.4,2594873.0,289020.0,13624.0,2292229.0,86041.63,9634,88.34
V007,Hellenic Wave,Panamax,11,4500,2021-12-01,2021,12,100798,Spot,Wan Hai Lines,29.5,0.5,98.32,2973541.0,292410.0,9974.0,2671157.0,98785.57,9747,89.83
V007,Hellenic Wave,Panamax,12,4500,2022-01-01,2022,1,98053,Spot,KMTC,29.8,0.2,99.27,2921979.0,299520.0,9242.0,2613217.0,97091.23,9984,89.43
V007,Hellenic Wave,Panamax,12,4500,2022-02-01,2022,2,109351,Time Charter,Pacific International Lines,29.1,0.9,97.06,3182114.0,304770.0,0.0,2877344.0,106070.47,10159,90.42
V007,Hellenic Wave,Panamax,12,4500,2022-03-01,2022,3,122246,Spot,COSCO Shipping,29.3,0.7,97.53,3581808.0,295800.0,13254.0,3272754.0,118951.8,9860,91.37
V007,Hellenic Wave,Panamax,12,4500,2022-04-01,2022,4,128212,Spot,ONE (Ocean Network Express),29.5,0.5,98.45,3782254.0,296340.0,13648.0,3472266.0,125620.2,9878,91.8
V007,Hellenic Wave,Panamax,12,4500,2022-05-01,2022,5,109958,Time Charter,MSC,29.3,0.7,97.7,3221769.0,290580.0,0.0,2931189.0,107392.3,9686,90.98
V007,Hellenic Wave,Panamax,12,4500,2022-06-01,2022,6,104188,Spot,HMM,29.5,0.5,98.26,3073546.0,298260.0,14934.0,2760352.0,101953.73,9942,89.81
V007,Hellenic Wave,Panamax,12,4500,2022-07-01,2022,7,89355,Time Charter,COSCO Shipping,28.6,1.4,95.43,2555553.0,295920.0,0.0,2259633.0,85185.1,9864,88.42
V007,Hellenic Wave,Panamax,12,4500,2022-08-01,2022,8,77709,Spot,Wan Hai Lines,29.3,0.7,97.68,2276874.0,298770.0,10888.0,1967216.0,75532.87,9959,86.4
V007,Hellenic Wave,Panamax,12,4500,2022-09-01,2022,9,49166,Spot,CMA CGM,29.1,0.9,96.87,1430731.0,298980.0,10604.0,1121147.0,47337.57,9966,78.36
V007,Hellenic Wave,Panamax,12,4500,2022-10-01,2022,10,44928,Time Charter,Pacific International Lines,29.3,0.7,97.81,1316390.0,294000.0,0.0,1022390.0,43879.67,9800,77.67
V007,Hellenic Wave,Panamax,12,4500,2022-11-01,2022,11,39991,Time Charter,Evergreen Marine,29.0,1.0,96.73,1159739.0,296040.0,0.0,863699.0,38657.97,9868,74.47
V007,Hellenic Wave,Panamax,12,4500,2022-12-01,2022,12,34530,Time Charter,Sinokor Merchant Marine,28.8,1.2,96.08,994464.0,295890.0,0.0,698574.0,33148.8,9863,70.25
V007,Hellenic Wave,Panamax,13,4500,2023-01-01,2023,1,19282,Spot,CMA CGM,27.6,2.4,92.09,532183.0,308880.0,13435.0,209868.0,17291.6,10296,39.44
V007,Hellenic Wave,Panamax,13,4500,2023-02-01,2023,2,17238,Time Charter,MSC,27.5,2.5,91.56,474045.0,299610.0,0.0,174435.0,15801.5,9987,36.8
V007,Hellenic Wave,Panamax,13,4500,2023-03-01,2023,3,16320,Time Charter,Maersk Line,27.8,2.2,92.65,453696.0,300870.0,0.0,152826.0,15123.2,10029,33.68
V007,Hellenic Wave,Panamax,13,4500,2023-04-01,2023,4,15752,Time Charter,CMA CGM,27.8,2.2,92.5,437906.0,315210.0,0.0,122696.0,14596.87,10507,28.02
V007,Hellenic Wave,Panamax,13,4500,2023-05-01,2023,5,12255,Spot,KMTC,28.4,1.6,94.72,348042.0,314280.0,10386.0,23376.0,11255.2,10476,6.72
V007,Hellenic Wave,Panamax,13,4500,2023-06-01,2023,6,14566,Spot,Evergreen Marine,28.0,2.0,93.28,407848.0,318390.0,14515.0,74943.0,13111.1,10613,18.38
V007,Hellenic Wave,Panamax,13,4500,2023-07-01,2023,7,13820,Spot,PIL,28.2,1.8,94.08,389724.0,307440.0,14009.0,68275.0,12523.83,10248,17.52
V007,Hellenic Wave,Panamax,13,4500,2023-08-01,2023,8,13501,Time Charter,Zim Integrated Shipping,27.4,2.6,91.37,369927.0,304770.0,0.0,65157.0,12330.9,10159,17.61
V007,Hellenic Wave,Panamax,13,4500,2023-09-01,2023,9,13461,Time Charter,Sinokor Merchant Marine,27.6,2.4,91.86,371524.0,315060.0,0.0,56464.0,12384.13,10502,15.2
V007,Hellenic Wave,Panamax,13,4500,2023-10-01,2023,10,13881,Spot,PIL,27.6,2.4,91.95,383116.0,317640.0,11003.0,54473.0,12403.77,10588,14.22
V007,Hellenic Wave,Panamax,13,4500,2023-11-01,2023,11,14968,Time Charter,Pacific International Lines,27.6,2.4,92.09,413117.0,308160.0,0.0,104957.0,13770.57,10272,25.41
V007,Hellenic Wave,Panamax,13,4500,2023-12-01,2023,12,16291,Time Charter,Evergreen Marine,28.2,1.8,94.15,459406.0,315540.0,0.0,143866.0,15313.53,10518,31.32
V007,Hellenic Wave,Panamax,14,4500,2024-01-01,2024,1,14600,Time Charter,Yang Ming,26.9,3.1,89.51,392740.0,336510.0,0.0,56230.0,13091.33,11217,14.32
V007,Hellenic Wave,Panamax,14,4500,2024-02-01,2024,2,16519,Time Charter,MSC,27.5,2.5,91.77,454272.0,328050.0,0.0,126222.0,15142.4,10935,27.79
V007,Hellenic Wave,Panamax,14,4500,2024-03-01,2024,3,17038,Spot,Yang Ming,28.1,1.9,93.67,478768.0,322080.0,13256.0,143432.0,15517.07,10736,29.96
V007,Hellenic Wave,Panamax,14,4500,2024-04-01,2024,4,18326,Time Charter,Zim Integrated Shipping,27.6,2.4,92.05,505798.0,312000.0,0.0,193798.0,16859.93,10400,38.32
V007,Hellenic Wave,Panamax,14,4500,2024-05-01,2024,5,18387,Spot,Evergreen Marine,26.7,3.3,88.87,490933.0,338940.0,13282.0,138711.0,15921.7,11298,28.25
V007,Hellenic Wave,Panamax,14,4500,2024-06-01,2024,6,22651,Spot,Zim Integrated Shipping,27.8,2.2,92.68,629698.0,316800.0,8722.0,304176.0,20699.2,10560,48.31
V007,Hellenic Wave,Panamax,14,4500,2024-07-01,2024,7,18531,Time Charter,ONE (Ocean Network Express),27.7,2.3,92.45,513309.0,312210.0,0.0,201099.0,17110.3,10407,39.18
V007,Hellenic Wave,Panamax,14,4500,2024-08-01,2024,8,19628,Spot,Evergreen Marine,27.4,2.6,91.24,537807.0,318480.0,14318.0,205009.0,17449.63,10616,38.12
V007,Hellenic Wave,Panamax,14,4500,2024-09-01,2024,9,17198,Time Charter,HMM,28.3,1.7,94.34,486703.0,328800.0,0.0,157903.0,16223.43,10960,32.44
V007,Hellenic Wave,Panamax,14,4500,2024-10-01,2024,10,15858,Spot,HMM,27.9,2.1,92.93,442438.0,320100.0,11537.0,110801.0,14363.37,10670,25.04
V007,Hellenic Wave,Panamax,14,4500,2024-11-01,2024,11,16731,Time Charter,Yang Ming,28.0,2.0,93.42,468468.0,321090.0,0.0,147378.0,15615.6,10703,31.46
V007,Hellenic Wave,Panamax,14,4500,2024-12-01,2024,12,19979,Time Charter,Yang Ming,27.2,2.8,90.7,543429.0,320460.0,0.0,222969.0,18114.3,10682,41.03
V008,Poseidon Carrier,Panamax,2,4800,2013-01-01,2013,1,5400,Time Charter,MSC,26.1,3.9,87.12,140940.0,223590.0,0.0,-82650.0,4698.0,7453,-58.64
V008,Poseidon Carrier,Panamax,2,4800,2013-02-01,2013,2,6159,Spot,PIL,26.9,3.1,89.67,165677.0,233400.0,13785.0,-81508.0,5063.07,7780,-49.2
V008,Poseidon Carrier,Panamax,2,4800,2013-03-01,2013,3,4868,Spot,Maersk Line,26.7,3.3,88.89,129976.0,230580.0,10240.0,-110844.0,3991.2,7686,-85.28
V008,Poseidon Carrier,Panamax,2,4800,2013-04-01,2013,4,6123,Time Charter,Pacific International Lines,25.6,4.4,85.28,156749.0,233730.0,0.0,-76981.0,5224.97,7791,-49.11
V008,Poseidon Carrier,Panamax,2,4800,2013-05-01,2013,5,6239,Time Charter,ONE (Ocean Network Express),26.9,3.1,89.58,167829.0,238200.0,0.0,-70371.0,5594.3,7940,-41.93
V008,Poseidon Carrier,Panamax,2,4800,2013-06-01,2013,6,5663,Time Charter,Zim Integrated Shipping,26.9,3.1,89.5,152335.0,233370.0,0.0,-81035.0,5077.83,7779,-53.2
V008,Poseidon Carrier,Panamax,2,4800,2013-07-01,2013,7,6071,Time Charter,Hapag-Lloyd,26.3,3.7,87.57,159667.0,226050.0,0.0,-66383.0,5322.23,7535,-41.58
V008,Poseidon Carrier,Panamax,2,4800,2013-08-01,2013,8,5278,Time Charter,PIL,26.5,3.5,88.45,139867.0,245580.0,0.0,-105713.0,4662.23,8186,-75.58
V008,Poseidon Carrier,Panamax,2,4800,2013-09-01,2013,9,5509,Time Charter,Evergreen Marine,25.6,4.4,85.42,141030.0,228000.0,0.0,-86970.0,4701.0,7600,-61.67
V008,Poseidon Carrier,Panamax,2,4800,2013-10-01,2013,10,5968,Time Charter,Maersk Line,26.2,3.8,87.27,156362.0,236250.0,0.0,-79888.0,5212.07,7875,-51.09
V008,Poseidon Carrier,Panamax,2,4800,2013-11-01,2013,11,7451,Time Charter,MSC,26.4,3.6,87.97,196706.0,240660.0,0.0,-43954.0,6556.87,8022,-22.35
V008,Poseidon Carrier,Panamax,2,4800,2013-12-01,2013,12,6334,Time Charter,COSCO Shipping,26.5,3.5,88.45,167851.0,243060.0,0.0,-75209.0,5595.03,8102,-44.81
V008,Poseidon Carrier,Panamax,3,4800,2014-01-01,2014,1,5853,Time Charter,Wan Hai Lines,26.1,3.9,86.98,152763.0,243540.0,0.0,-90777.0,5092.1,8118,-59.42
V008,Poseidon Carrier,Panamax,3,4800,2014-02-01,2014,2,5594,Time Charter,Sinokor Merchant Marine,26.2,3.8,87.19,146563.0,238350.0,0.0,-91787.0,4885.43,7945,-62.63
V008,Poseidon Carrier,Panamax,3,4800,2014-03-01,2014,3,6581,Time Charter,Sinokor Merchant Marine,26.4,3.6,87.85,173738.0,244050.0,0.0,-70312.0,5791.27,8135,-40.47
V008,Poseidon Carrier,Panamax,3,4800,2014-04-01,2014,4,5504,Time Charter,PIL,26.0,4.0,86.51,143104.0,244440.0,0.0,-101336.0,4770.13,8148,-70.81
V008,Poseidon Carrier,Panamax,3,4800,2014-05-01,2014,5,5298,Time Charter,PIL,26.5,3.5,88.28,140397.0,242190.0,0.0,-101793.0,4679.9,8073,-72.5
V008,Poseidon Carrier,Panamax,3,4800,2014-06-01,2014,6,5599,Time Charter,Maersk Line,26.8,3.2,89.32,150053.0,236640.0,0.0,-86587.0,5001.77,7888,-57.7
V008,Poseidon Carrier,Panamax,3,4800,2014-07-01,2014,7,4895,Time Charter,KMTC,26.1,3.9,87.04,127760.0,244890.0,0.0,-117130.0,4258.67,8163,-91.68
V008,Poseidon Carrier,Panamax,3,4800,2014-08-01,2014,8,5826,Time Charter,Wan Hai Lines,26.6,3.4,88.78,154972.0,233070.0,0.0,-78098.0,5165.73,7769,-50.39
V008,Poseidon Carrier,Panamax,3,4800,2014-09-01,2014,9,5712,Time Charter,Sinokor Merchant Marine,25.8,4.2,86.07,147370.0,245490.0,0.0,-98120.0,4912.33,8183,-66.58
V008,Poseidon Carrier,Panamax,3,4800,2014-10-01,2014,10,5582,Time Charter,Evergreen Marine,26.3,3.7,87.72,146807.0,236550.0,0.0,-89743.0,4893.57,7885,-61.13
V008,Poseidon Carrier,Panamax,3,4800,2014-11-01,2014,11,4586,Spot,PIL,26.9,3.1,89.72,123363.0,240270.0,14269.0,-131176.0,3636.47,8009,-106.33
V008,Poseidon Carrier,Panamax,3,4800,2014-12-01,2014,12,4726,Time Charter,Maersk Line,26.4,3.6,88.12,124766.0,237780.0,0.0,-113014.0,4158.87,7926,-90.58
V008,Poseidon Carrier,Panamax,4,4800,2015-01-01,2015,1,5660,Time Charter,KMTC,25.7,4.3,85.75,145462.0,245160.0,0.0,-99698.0,4848.73,8172,-68.54
V008,Poseidon Carrier,Panamax,4,4800,2015-02-01,2015,2,4646,Spot,KMTC,25.7,4.3,85.54,119402.0,239310.0,10724.0,-130632.0,3622.6,7977,-109.41
V008,Poseidon Carrier,Panamax,4,4800,2015-03-01,2015,3,5648,Time Charter,CMA CGM,26.7,3.3,88.91,150802.0,235470.0,0.0,-84668.0,5026.73,7849,-56.15
V008,Poseidon Carrier,Panamax,4,4800,2015-04-01,2015,4,4992,Spot,Yang Ming,26.7,3.3,88.84,133286.0,252390.0,8076.0,-127180.0,4173.67,8413,-95.42
V008,Poseidon Carrier,Panamax,4,4800,2015-05-01,2015,5,3710,Time Charter,HMM,26.4,3.6,88.0,97944.0,245580.0,0.0,-147636.0,3264.8,8186,-150.74
V008,Poseidon Carrier,Panamax,4,4800,2015-06-01,2015,6,3768,Time Charter,Wan Hai Lines,26.2,3.8,87.49,98722.0,249990.0,0.0,-151268.0,3290.73,8333,-153.23
V008,Poseidon Carrier,Panamax,4,4800,2015-07-01,2015,7,4248,Time Charter,Yang Ming,26.1,3.9,87.16,110873.0,226530.0,0.0,-115657.0,3695.77,7551,-104.31
V008,Poseidon Carrier,Panamax,4,4800,2015-08-01,2015,8,4577,Time Charter,Pacific International Lines,27.0,3.0,90.16,123579.0,253200.0,0.0,-129621.0,4119.3,8440,-104.89
V008,Poseidon Carrier,Panamax,4,4800,2015-09-01,2015,9,3962,Time Charter,Evergreen Marine,26.3,3.7,87.72,104201.0,251880.0,0.0,-147679.0,3473.37,8396,-141.73
V008,Poseidon Carrier,Panamax,4,4800,2015-10-01,2015,10,4189,Time Charter,CMA CGM,26.7,3.3,88.84,111846.0,258660.0,0.0,-146814.0,3728.2,8622,-131.26
V008,Poseidon Carrier,Panamax,4,4800,2015-11-01,2015,11,5183,Time Charter,PIL,26.6,3.4,88.53,137868.0,239940.0,0.0,-102072.0,4595.6,7998,-74.04
V008,Poseidon Carrier,Panamax,4,4800,2015-12-01,2015,12,4511,Time Charter,ONE (Ocean Network Express),26.3,3.7,87.77,118639.0,252540.0,0.0,-133901.0,3954.63,8418,-112.86
V008,Poseidon Carrier,Panamax,5,4800,2016-01-01,2016,1,4584,Time Charter,Wan Hai Lines,24.3,5.7,81.13,111391.0,254490.0,0.0,-143099.0,3713.03,8483,-128.47
V008,Poseidon Carrier,Panamax,5,4800,2016-02-01,2016,2,4147,Time Charter,Sinokor Merchant Marine,24.8,5.2,82.69,102846.0,255600.0,0.0,-152754.0,3428.2,8520,-148.53
V008,Poseidon Carrier,Panamax,5,4800,2016-03-01,2016,3,3000,Time Charter,Yang Ming,24.5,5.5,81.64,73500.0,261990.0,0.0,-188490.0,2450.0,8733,-256.45
V008,Poseidon Carrier,Panamax,5,4800,2016-04-01,2016,4,5040,Time Charter,MSC,25.8,4.2,86.14,130032.0,242160.0,0.0,-112128.0,4334.4,8072,-86.23
V008,Poseidon Carrier,Panamax,5,4800,2016-05-01,2016,5,4242,Time Charter,Yang Ming,27.0,3.0,89.85,114534.0,255780.0,0.0,-141246.0,3817.8,8526,-123.32
V008,Poseidon Carrier,Panamax,5,4800,2016-06-01,2016,6,4919,Time Charter,Hapag-Lloyd,26.3,3.7,87.59,129370.0,245700.0,0.0,-116330.0,4312.33,8190,-89.92
V008,Poseidon Carrier,Panamax,5,4800,2016-07-01,2016,7,5476,Time Charter,ONE (Ocean Network Express),26.5,3.5,88.25,145114.0,257940.0,0.0,-112826.0,4837.13,8598,-77.75
V008,Poseidon Carrier,Panamax,5,4800,2016-08-01,2016,8,4195,Time Charter,Hapag-Lloyd,26.6,3.4,88.77,111587.0,253050.0,0.0,-141463.0,3719.57,8435,-126.77
V008,Poseidon Carrier,Panamax,5,4800,2016-09-01,2016,9,4694,Time Charter,Hapag-Lloyd,26.4,3.6,88.03,123922.0,263280.0,0.0,-139358.0,4130.73,8776,-112.46
V008,Poseidon Carrier,Panamax,5,4800,2016-10-01,2016,10,3777,Time Charter,Wan Hai Lines,26.7,3.3,88.96,100846.0,259080.0,0.0,-158234.0,3361.53,8636,-156.91
V008,Poseidon Carrier,Panamax,5,4800,2016-11-01,2016,11,4171,Time Charter,MSC,26.9,3.1,89.58,112200.0,246810.0,0.0,-134610.0,3740.0,8227,-119.97
V008,Poseidon Carrier,Panamax,5,4800,2016-12-01,2016,12,4809,Time Charter,Sinokor Merchant Marine,26.4,3.6,87.85,126958.0,246060.0,0.0,-119102.0,4231.93,8202,-93.81
V008,Poseidon Carrier,Panamax,6,4800,2017-01-01,2017,1,5222,Time Charter,CMA CGM,26.7,3.3,89.07,139427.0,268290.0,0.0,-128863.0,4647.57,8943,-92.42
V008,Poseidon Carrier,Panamax,6,4800,2017-02-01,2017,2,4921,Spot,Hapag-Lloyd,26.5,3.5,88.41,130406.0,255570.0,14338.0,-139502.0,3868.93,8519,-106.98
V008,Poseidon Carrier,Panamax,6,4800,2017-03-01,2017,3,5980,Spot,ONE (Ocean Network Express),26.3,3.7,87.73,157274.0,254910.0,8639.0,-106275.0,4954.5,8497,-67.57
V008,Poseidon Carrier,Panamax,6,4800,2017-04-01,2017,4,5349,Spot,Zim Integrated Shipping,27.2,2.8,90.66,145493.0,250380.0,10235.0,-115122.0,4508.6,8346,-79.13
V008,Poseidon Carrier,Panamax,6,4800,2017-05-01,2017,5,5643,Time Charter,Yang Ming,26.4,3.6,87.93,148975.0,257220.0,0.0,-108245.0,4965.83,8574,-72.66
V008,Poseidon Carrier,Panamax,6,4800,2017-06-01,2017,6,5350,Time Charter,Evergreen Marine,26.5,3.5,88.23,141775.0,265350.0,0.0,-123575.0,4725.83,8845,-87.16
V008,Poseidon Carrier,Panamax,6,4800,2017-07-01,2017,7,4790,Time Charter,Wan Hai Lines,26.5,3.5,88.17,126935.0,259170.0,0.0,-132235.0,4231.17,8639,-104.18
V008,Poseidon Carrier,Panamax,6,4800,2017-08-01,2017,8,6024,Time Charter,ONE (Ocean Network Express),26.9,3.1,89.7,162046.0,253050.0,0.0,-91004.0,5401.53,8435,-56.16
V008,Poseidon Carrier,Panamax,6,4800,2017-09-01,2017,9,7021,Time Charter,Sinokor Merchant Marine,26.6,3.4,88.69,186759.0,249360.0,0.0,-62601.0,6225.3,8312,-33.52
V008,Poseidon Carrier,Panamax,6,4800,2017-10-01,2017,10,6562,Time Charter,KMTC,26.2,3.8,87.37,171924.0,263100.0,0.0,-91176.0,5730.8,8770,-53.03
V008,Poseidon Carrier,Panamax,6,4800,2017-11-01,2017,11,5834,Time Charter,HMM,26.6,3.4,88.72,155184.0,262560.0,0.0,-107376.0,5172.8,8752,-69.19
V008,Poseidon Carrier,Panamax,6,4800,2017-12-01,2017,12,7174,Time Charter,Maersk Line,26.7,3.3,89.12,191546.0,257850.0,0.0,-66304.0,6384.87,8595,-34.62
V008,Poseidon Carrier,Panamax,7,4800,2018-01-01,2018,1,6354,Spot,Yang Ming,26.5,3.5,88.23,168381.0,266310.0,14650.0,-112579.0,5124.37,8877,-66.86
V008,Poseidon Carrier,Panamax,7,4800,2018-02-01,2018,2,8129,Spot,MSC,26.0,4.0,86.8,211354.0,265560.0,14654.0,-68860.0,6556.67,8852,-32.58
V008,Poseidon Carrier,Panamax,7,4800,2018-03-01,2018,3,6499,Time Charter,Hapag-Lloyd,26.4,3.6,87.92,171574.0,265440.0,0.0,-93866.0,5719.13,8848,-54.71
V008,Poseidon Carrier,Panamax,7,4800,2018-04-01,2018,4,8344,Time Charter,Evergreen Marine,26.6,3.4,88.78,221950.0,273690.0,0.0,-51740.0,7398.33,9123,-23.31
V008,Poseidon Carrier,Panamax,7,4800,2018-05-01,2018,5,6579,Spot,Hapag-Lloyd,27.1,2.9,90.4,178291.0,265680.0,12014.0,-99403.0,5542.57,8856,-55.75
V008,Poseidon Carrier,Panamax,7,4800,2018-06-01,2018,6,6489,Time Charter,MSC,26.1,3.9,87.03,169363.0,273600.0,0.0,-104237.0,5645.43,9120,-61.55
V008,Poseidon Carrier,Panamax,7,4800,2018-07-01,2018,7,5940,Time Charter,KMTC,27.1,2.9,90.47,160974.0,270990.0,0.0,-110016.0,5365.8,9033,-68.34
V008,Poseidon Carrier,Panamax,7,4800,2018-08-01,2018,8,6811,Spot,ONE (Ocean Network Express),26.9,3.1,89.53,183216.0,264540.0,12423.0,-93747.0,5693.1,8818,-51.17
V008,Poseidon Carrier,Panamax,7,4800,2018-09-01,2018,9,7336,Time Charter,Sinokor Merchant Marine,26.9,3.1,89.83,197338.0,272100.0,0.0,-74762.0,6577.93,9070,-37.89
V008,Poseidon Carrier,Panamax,7,4800,2018-10-01,2018,10,8568,Time Charter,HMM,28.5,1.5,95.05,244188.0,285930.0,0.0,-41742.0,8139.6,9531,-17.09
V008,Poseidon Carrier,Panamax,7,4800,2018-11-01,2018,11,7194,Time Charter,Sinokor Merchant Marine,25.9,4.1,86.42,186325.0,270120.0,0.0,-83795.0,6210.83,9004,-44.97
V008,Poseidon Carrier,Panamax,7,4800,2018-12-01,2018,12,7587,Spot,Maersk Line,27.3,2.7,91.07,207125.0,275640.0,11139.0,-79654.0,6532.87,9188,-38.46
V008,Poseidon Carrier,Panamax,8,4800,2019-01-01,2019,1,8453,Time Charter,Wan Hai Lines,26.0,4.0,86.57,219778.0,280830.0,0.0,-61052.0,7325.93,9361,-27.78
V008,Poseidon Carrier,Panamax,8,4800,2019-02-01,2019,2,8334,Spot,Sinokor Merchant Marine,27.8,2.2,92.6,231685.0,282450.0,10052.0,-60817.0,7387.77,9415,-26.25
V008,Poseidon Carrier,Panamax,8,4800,2019-03-01,2019,3,6308,Time Charter,HMM,25.9,4.1,86.21,163377.0,271380.0,0.0,-108003.0,5445.9,9046,-66.11
V008,Poseidon Carrier,Panamax,8,4800,2019-04-01,2019,4,6821,Spot,Yang Ming,26.9,3.1,89.51,183485.0,289080.0,10301.0,-115896.0,5772.8,9636,-63.16
V008,Poseidon Carrier,Panamax,8,4800,2019-05-01,2019,5,8328,Time Charter,ONE (Ocean Network Express),26.3,3.7,87.75,219026.0,277800.0,0.0,-58774.0,7300.87,9260,-26.83
V008,Poseidon Carrier,Panamax,8,4800,2019-06-01,2019,6,7545,Time Charter,Maersk Line,26.1,3.9,87.1,196924.0,272880.0,0.0,-75956.0,6564.13,9096,-38.57
V008,Poseidon Carrier,Panamax,8,4800,2019-07-01,2019,7,7169,Time Charter,COSCO Shipping,26.9,3.1,89.57,192846.0,277230.0,0.0,-84384.0,6428.2,9241,-43.76
V008,Poseidon Carrier,Panamax,8,4800,2019-08-01,2019,8,7919,Time Charter,HMM,26.7,3.3,88.91,211437.0,278910.0,0.0,-67473.0,7047.9,9297,-31.91
V008,Poseidon Carrier,Panamax,8,4800,2019-09-01,2019,9,6335,Spot,Hapag-Lloyd,26.5,3.5,88.38,167878.0,275220.0,12708.0,-120050.0,5172.33,9174,-71.51
V008,Poseidon Carrier,Panamax,8,4800,2019-10-01,2019,10,6352,Time Charter,PIL,26.7,3.3,89.09,169598.0,278010.0,0.0,-108412.0,5653.27,9267,-63.92
V008,Poseidon Carrier,Panamax,8,4800,2019-11-01,2019,11,5565,Time Charter,KMTC,26.9,3.1,89.79,149698.0,289170.0,0.0,-139472.0,4989.93,9639,-93.17
V008,Poseidon Carrier,Panamax,8,4800,2019-12-01,2019,12,5839,Time Charter,Yang Ming,26.4,3.6,88.11,154150.0,269130.0,0.0,-114980.0,5138.33,8971,-74.59
V008,Poseidon Carrier,Panamax,9,4800,2020-01-01,2020,1,7751,Time Charter,Wan Hai Lines,26.8,3.2,89.35,207727.0,275460.0,0.0,-67733.0,6924.23,9182,-32.61
V008,Poseidon Carrier,Panamax,9,4800,2020-02-01,2020,2,6551,Time Charter,Yang Ming,26.1,3.9,86.97,170981.0,288270.0,0.0,-117289.0,5699.37,9609,-68.6
V008,Poseidon Carrier,Panamax,9,4800,2020-03-01,2020,3,6108,Time Charter,KMTC,26.4,3.6,87.95,161251.0,294060.0,0.0,-132809.0,5375.03,9802,-82.36
V008,Poseidon Carrier,Panamax,9,4800,2020-04-01,2020,4,6964,Time Charter,Maersk Line,26.9,3.1,89.79,187332.0,285990.0,0.0,-98658.0,6244.4,9533,-52.66
V008,Poseidon Carrier,Panamax,9,4800,2020-05-01,2020,5,5692,Spot,COSCO Shipping,26.8,3.2,89.24,152546.0,278400.0,13267.0,-139121.0,4642.63,9280,-91.2
V008,Poseidon Carrier,Panamax,9,4800,2020-06-01,2020,6,8048,Time Charter,Evergreen Marine,26.1,3.9,86.87,210053.0,270450.0,0.0,-60397.0,7001.77,9015,-28.75
V008,Poseidon Carrier,Panamax,9,4800,2020-07-01,2020,7,8416,Time Charter,HMM,26.0,4.0,86.81,218816.0,283170.0,0.0,-64354.0,7293.87,9439,-29.41
V008,Poseidon Carrier,Panamax,9,4800,2020-08-01,2020,8,6964,Time Charter,CMA CGM,27.7,2.3,92.37,192903.0,282030.0,0.0,-89127.0,6430.1,9401,-46.2
V008,Poseidon Carrier,Panamax,9,4800,2020-09-01,2020,9,10561,Time Charter,Pacific International Lines,28.0,2.0,93.29,295708.0,292770.0,0.0,2938.0,9856.93,9759,0.99
V008,Poseidon Carrier,Panamax,9,4800,2020-10-01,2020,10,11886,Spot,Evergreen Marine,27.8,2.2,92.57,330431.0,279420.0,13541.0,37470.0,10563.0,9314,11.34
V008,Poseidon Carrier,Panamax,9,4800,2020-11-01,2020,11,13876,Spot,Yang Ming,28.5,1.5,94.97,395466.0,281070.0,13527.0,100869.0,12731.3,9369,25.51
V008,Poseidon Carrier,Panamax,9,4800,2020-12-01,2020,12,15098,Time Charter,Pacific International Lines,27.7,2.3,92.33,418215.0,273150.0,0.0,145065.0,13940.5,9105,34.69
V008,Poseidon Carrier,Panamax,10,4800,2021-01-01,2021,1,17296,Time Charter,Zim Integrated Shipping,28.5,1.5,94.98,492936.0,283140.0,0.0,209796.0,16431.2,9438,42.56
V008,Poseidon Carrier,Panamax,10,4800,2021-02-01,2021,2,22974,Spot,Yang Ming,28.5,1.5,94.97,654759.0,287880.0,8638.0,358241.0,21537.37,9596,54.71
V008,Poseidon Carrier,Panamax,10,4800,2021-03-01,2021,3,27289,Spot,MSC,27.8,2.2,92.62,758634.0,297420.0,11461.0,449753.0,24905.77,9914,59.28
V008,Poseidon Carrier,Panamax,10,4800,2021-04-01,2021,4,31474,Time Charter,Maersk Line,27.4,2.6,91.27,862388.0,282450.0,0.0,579938.0,28746.27,9415,67.25
V008,Poseidon Carrier,Panamax,10,4800,2021-05-01,2021,5,41770,Spot,Wan Hai Lines,28.2,1.8,94.14,1177914.0,294240.0,8403.0,875271.0,38983.7,9808,74.31
V008,Poseidon Carrier,Panamax,10,4800,2021-06-01,2021,6,44170,Time Charter,PIL,29.1,0.9,96.97,1285347.0,282090.0,0.0,1003257.0,42844.9,9403,78.05
V008,Poseidon Carrier,Panamax,10,4800,2021-07-01,2021,7,48606,Time Charter,KMTC,28.5,1.5,95.05,1385271.0,288600.0,0.0,1096671.0,46175.7,9620,79.17
V008,Poseidon Carrier,Panamax,10,4800,2021-08-01,2021,8,68949,Spot,COSCO Shipping,29.4,0.6,98.1,2027101.0,281490.0,11847.0,1733764.0,67175.13,9383,85.53
V008,Poseidon Carrier,Panamax,10,4800,2021-09-01,2021,9,68376,Spot,Zim Integrated Shipping,29.1,0.9,96.9,1989742.0,279660.0,11091.0,1698991.0,65955.03,9322,85.39
V008,Poseidon Carrier,Panamax,10,4800,2021-10-01,2021,10,85308,Time Charter,CMA CGM,29.2,0.8,97.41,2490994.0,288660.0,0.0,2202334.0,83033.13,9622,88.41
V008,Poseidon Carrier,Panamax,10,4800,2021-11-01,2021,11,96636,Spot,Evergreen Marine,28.9,1.1,96.24,2792780.0,293070.0,14214.0,2485496.0,92618.87,9769,89.0
V008,Poseidon Carrier,Panamax,10,4800,2021-12-01,2021,12,104055,Time Charter,HMM,29.1,0.9,96.91,3028000.0,282780.0,0.0,2745220.0,100933.33,9426,90.66
V008,Poseidon Carrier,Panamax,11,4800,2022-01-01,2022,1,100676,Spot,Maersk Line,29.4,0.6,98.09,2959874.0,298320.0,10456.0,2651098.0,98313.93,9944,89.57
V008,Poseidon Carrier,Panamax,11,4800,2022-02-01,2022,2,108984,Spot,HMM,29.7,0.3,99.04,3236825.0,293340.0,8819.0,2934666.0,107600.2,9778,90.66
V008,Poseidon Carrier,Panamax,11,4800,2022-03-01,2022,3,116023,Spot,ONE (Ocean Network Express),29.1,0.9,96.94,3376269.0,301560.0,9001.0,3065708.0,112242.27,10052,90.8
V008,Poseidon Carrier,Panamax,11,4800,2022-04-01,2022,4,133148,Time Charter,MSC,29.2,0.8,97.28,3887922.0,297900.0,0.0,3590022.0,129597.4,9930,92.34
V008,Poseidon Carrier,Panamax,11,4800,2022-05-01,2022,5,103310,Spot,COSCO Shipping,29.4,0.6,97.9,3037314.0,296400.0,13331.0,2727583.0,100799.43,9880,89.8
V008,Poseidon Carrier,Panamax,11,4800,2022-06-01,2022,6,110185,Time Charter,Sinokor Merchant Marine,29.8,0.2,99.17,3283513.0,298050.0,0.0,2985463.0,109450.43,9935,90.92
V008,Poseidon Carrier,Panamax,11,4800,2022-07-01,2022,7,82926,Time Charter,Pacific International Lines,28.4,1.6,94.62,2355098.0,296880.0,0.0,2058218.0,78503.27,9896,87.39
V008,Poseidon Carrier,Panamax,11,4800,2022-08-01,2022,8,71454,Spot,MSC,29.1,0.9,97.04,2079311.0,294540.0,12328.0,1772443.0,68899.43,9818,85.24
V008,Poseidon Carrier,Panamax,11,4800,2022-09-01,2022,9,55061,Spot,Yang Ming,29.3,0.7,97.52,1613287.0,302580.0,8708.0,1301999.0,53485.97,10086,80.7
V008,Poseidon Carrier,Panamax,11,4800,2022-10-01,2022,10,44183,Time Charter,MSC,28.5,1.5,95.06,1259216.0,291870.0,0.0,967346.0,41973.87,9729,76.82
V008,Poseidon Carrier,Panamax,11,4800,2022-11-01,2022,11,37464,Spot,Wan Hai Lines,29.1,0.9,96.95,1090202.0,283320.0,8589.0,798293.0,36053.77,9444,73.22
V008,Poseidon Carrier,Panamax,11,4800,2022-12-01,2022,12,33531,Time Charter,Sinokor Merchant Marine,28.4,1.6,94.69,952280.0,301950.0,0.0,650330.0,31742.67,10065,68.29
V008,Poseidon Carrier,Panamax,12,4800,2023-01-01,2023,1,18369,Time Charter,CMA CGM,27.5,2.5,91.78,505148.0,301860.0,0.0,203288.0,16838.27,10062,40.24
V008,Poseidon Carrier,Panamax,12,4800,2023-02-01,2023,2,16536,Spot,Yang Ming,27.7,2.3,92.49,458047.0,315240.0,12907.0,129900.0,14838.0,10508,28.36
V008,Poseidon Carrier,Panamax,12,4800,2023-03-01,2023,3,17539,Spot,Pacific International Lines,27.8,2.2,92.78,487584.0,297060.0,8509.0,182015.0,15969.17,9902,37.33
V008,Poseidon Carrier,Panamax,12,4800,2023-04-01,2023,4,15209,Time Charter,Zim Integrated Shipping,27.2,2.8,90.83,413685.0,301530.0,0.0,112155.0,13789.5,10051,27.11
V008,Poseidon Carrier,Panamax,12,4800,2023-05-01,2023,5,12909,Spot,Evergreen Marine,27.3,2.7,91.06,352416.0,306540.0,13753.0,32123.0,11288.77,10218,9.12
V008,Poseidon Carrier,Panamax,12,4800,2023-06-01,2023,6,12770,Spot,HMM,27.9,2.1,92.94,356283.0,293760.0,12944.0,49579.0,11444.63,9792,13.92
V008,Poseidon Carrier,Panamax,12,4800,2023-07-01,2023,7,13933,Time Charter,Zim Integrated Shipping,28.0,2.0,93.32,390124.0,313020.0,0.0,77104.0,13004.13,10434,19.76
V008,Poseidon Carrier,Panamax,12,4800,2023-08-01,2023,8,12755,Spot,Evergreen Marine,27.2,2.8,90.83,346936.0,307680.0,8569.0,30687.0,11278.9,10256,8.85
V008,Poseidon Carrier,Panamax,12,4800,2023-09-01,2023,9,14500,Spot,ONE (Ocean Network Express),28.1,1.9,93.52,407450.0,296490.0,8594.0,102366.0,13295.2,9883,25.12
V008,Poseidon Carrier,Panamax,12,4800,2023-10-01,2023,10,14450,Time Charter,Sinokor Merchant Marine,27.9,2.1,93.05,403155.0,285720.0,0.0,117435.0,13438.5,9524,29.13
V008,Poseidon Carrier,Panamax,12,4800,2023-11-01,2023,11,16766,Spot,Yang Ming,27.6,2.4,92.1,462742.0,307260.0,14906.0,140576.0,14927.87,10242,30.38
V008,Poseidon Carrier,Panamax,12,4800,2023-12-01,2023,12,14897,Spot,Yang Ming,28.2,1.8,94.05,420095.0,301320.0,10620.0,108155.0,13649.17,10044,25.75
V008,Poseidon Carrier,Panamax,13,4800,2024-01-01,2024,1,14563,Time Charter,COSCO Shipping,28.4,1.6,94.52,413589.0,325020.0,0.0,88569.0,13786.3,10834,21.41
V008,Poseidon Carrier,Panamax,13,4800,2024-02-01,2024,2,15823,Time Charter,Yang Ming,27.8,2.2,92.72,439879.0,323820.0,0.0,116059.0,14662.63,10794,26.38
V008,Poseidon Carrier,Panamax,13,4800,2024-03-01,2024,3,17863,Spot,HMM,28.0,2.0,93.27,500164.0,310050.0,10594.0,179520.0,16319.0,10335,35.89
V008,Poseidon Carrier,Panamax,13,4800,2024-04-01,2024,4,17192,Spot,CMA CGM,27.7,2.3,92.22,476218.0,323430.0,13690.0,139098.0,15417.6,10781,29.21
V008,Poseidon Carrier,Panamax,13,4800,2024-05-01,2024,5,19556,Time Charter,ONE (Ocean Network Express),28.0,2.0,93.37,547568.0,324270.0,0.0,223298.0,18252.27,10809,40.78
V008,Poseidon Carrier,Panamax,13,4800,2024-06-01,2024,6,22954,Time Charter,COSCO Shipping,27.8,2.2,92.65,638121.0,328500.0,0.0,309621.0,21270.7,10950,48.52
V008,Poseidon Carrier,Panamax,13,4800,2024-07-01,2024,7,19013,Spot,Pacific International Lines,27.6,2.4,92.12,524759.0,313260.0,14631.0,196868.0,17004.27,10442,37.52
V008,Poseidon Carrier,Panamax,13,4800,2024-08-01,2024,8,19074,Time Charter,PIL,28.4,1.6,94.68,541702.0,313830.0,0.0,227872.0,18056.73,10461,42.07
V008,Poseidon Carrier,Panamax,13,4800,2024-09-01,2024,9,19979,Spot,HMM,27.5,2.5,91.66,549422.0,322110.0,14902.0,212410.0,17817.33,10737,38.66
V008,Poseidon Carrier,Panamax,13,4800,2024-10-01,2024,10,19121,Time Charter,Zim Integrated Shipping,27.7,2.3,92.42,529652.0,323610.0,0.0,206042.0,17655.07,10787,38.9
V008,Poseidon Carrier,Panamax,13,4800,2024-11-01,2024,11,16802,Spot,Pacific International Lines,27.2,2.8,90.62,457014.0,310020.0,13274.0,133720.0,14791.33,10334,29.26
V008,Poseidon Carrier,Panamax,13,4800,2024-12-01,2024,12,16839,Time Charter,CMA CGM,27.7,2.3,92.29,466440.0,323760.0,0.0,142680.0,15548.0,10792,30.59
V009,Attica Voyager,Panamax,1,5000,2013-01-01,2013,1,5400,Time Charter,Sinokor Merchant Marine,26.3,3.7,87.7,142020.0,249960.0,0.0,-107940.0,4734.0,8332,-76.0
V009,Attica Voyager,Panamax,1,5000,2013-02-01,2013,2,4617,Time Charter,MSC,26.9,3.1,89.56,124197.0,236910.0,0.0,-112713.0,4139.9,7897,-90.75
V009,Attica Voyager,Panamax,1,5000,2013-03-01,2013,3,5319,Time Charter,Evergreen Marine,27.0,3.0,89.94,143613.0,230550.0,0.0,-86937.0,4787.1,7685,-60.54
V009,Attica Voyager,Panamax,1,5000,2013-04-01,2013,4,5201,Time Charter,KMTC,26.3,3.7,87.82,136786.0,234930.0,0.0,-98144.0,4559.53,7831,-71.75
V009,Attica Voyager,Panamax,1,5000,2013-05-01,2013,5,7500,Time Charter,KMTC,26.3,3.7,87.51,197250.0,240720.0,0.0,-43470.0,6575.0,8024,-22.04
V009,Attica Voyager,Panamax,1,5000,2013-06-01,2013,6,6318,Spot,Sinokor Merchant Marine,27.3,2.7,91.12,172481.0,233220.0,10634.0,-71373.0,5394.9,7774,-41.38
V009,Attica Voyager,Panamax,1,5000,2013-07-01,2013,7,5727,Time Charter,ONE (Ocean Network Express),26.2,3.8,87.38,150047.0,238230.0,0.0,-88183.0,5001.57,7941,-58.77
V009,Attica Voyager,Panamax,1,5000,2013-08-01,2013,8,5243,Time Charter,Hapag-Lloyd,25.9,4.1,86.46,135794.0,232620.0,0.0,-96826.0,4526.47,7754,-71.3
V009,Attica Voyager,Panamax,1,5000,2013-09-01,2013,9,5501,Time Charter,Pacific International Lines,25.9,4.1,86.23,142476.0,241440.0,0.0,-98964.0,4749.2,8048,-69.46
V009,Attica Voyager,Panamax,1,5000,2013-10-01,2013,10,6253,Time Charter,KMTC,26.4,3.6,88.13,165079.0,230430.0,0.0,-65351.0,5502.63,7681,-39.59
V009,Attica Voyager,Panamax,1,5000,2013-11-01,2013,11,5809,Time Charter,HMM,26.3,3.7,87.62,152777.0,243540.0,0.0,-90763.0,5092.57,8118,-59.41
V009,Attica Voyager,Panamax,1,5000,2013-12-01,2013,12,6810,Time Charter,Evergreen Marine,26.2,3.8,87.27,178422.0,237270.0,0.0,-58848.0,5947.4,7909,-32.98
V009,Attica Voyager,Panamax,2,5000,2014-01-01,2014,1,5338,Time Charter,Sinokor Merchant Marine,26.4,3.6,87.89,140923.0,230820.0,0.0,-89897.0,4697.43,7694,-63.79
V009,Attica Voyager,Panamax,2,5000,2014-02-01,2014,2,6514,Time Charter,Maersk Line,26.5,3.5,88.37,172621.0,244380.0,0.0,-71759.0,5754.03,8146,-41.57
V009,Attica Voyager,Panamax,2,5000,2014-03-01,2014,3,5990,Time Charter,Evergreen Marine,26.9,3.1,89.74,161131.0,248820.0,0.0,-87689.0,5371.03,8294,-54.42
V009,Attica Voyager,Panamax,2,5000,2014-04-01,2014,4,5888,Time Charter,Zim Integrated Shipping,25.7,4.3,85.79,151322.0,238860.0,0.0,-87538.0,5044.07,7962,-57.85
V009,Attica Voyager,Panamax,2,5000,2014-05-01,2014,5,5035,Time Charter,Evergreen Marine,26.5,3.5,88.29,133428.0,259020.0,0.0,-125592.0,4447.6,8634,-94.13
V009,Attica Voyager,Panamax,2,5000,2014-06-01,2014,6,5902,Spot,Sinokor Merchant Marine,26.6,3.4,88.66,156993.0,243660.0,8585.0,-95252.0,4946.93,8122,-60.67
V009,Attica Voyager,Panamax,2,5000,2014-07-01,2014,7,5138,Time Charter,PIL,25.7,4.3,85.59,132047.0,239490.0,0.0,-107443.0,4401.57,7983,-81.37
V009,Attica Voyager,Panamax,2,5000,2014-08-01,2014,8,6531,Spot,PIL,26.1,3.9,86.84,170459.0,245580.0,13440.0,-88561.0,5233.97,8186,-51.95
V009,Attica Voyager,Panamax,2,5000,2014-09-01,2014,9,5081,Spot,Wan Hai Lines,26.4,3.6,88.07,134138.0,240990.0,11909.0,-118761.0,4074.3,8033,-88.54
V009,Attica Voyager,Panamax,2,5000,2014-10-01,2014,10,5599,Spot,Yang Ming,27.0,3.0,90.11,151173.0,241800.0,10970.0,-101597.0,4673.43,8060,-67.21
V009,Attica Voyager,Panamax,2,5000,2014-11-01,2014,11,4650,Time Charter,Sinokor Merchant Marine,26.5,3.5,88.18,123225.0,234210.0,0.0,-110985.0,4107.5,7807,-90.07
V009,Attica Voyager,Panamax,2,5000,2014-12-01,2014,12,4712,Time Charter,CMA CGM,26.9,3.1,89.68,126753.0,244080.0,0.0,-117327.0,4225.1,8136,-92.56
V009,Attica Voyager,Panamax,3,5000,2015-01-01,2015,1,4999,Time Charter,Yang Ming,26.6,3.4,88.7,132973.0,250500.0,0.0,-117527.0,4432.43,8350,-88.38
V009,Attica Voyager,Panamax,3,5000,2015-02-01,2015,2,5389,Time Charter,HMM,26.6,3.4,88.52,143347.0,246000.0,0.0,-102653.0,4778.23,8200,-71.61
V009,Attica Voyager,Panamax,3,5000,2015-03-01,2015,3,4860,Time Charter,Yang Ming,26.2,3.8,87.32,127332.0,243090.0,0.0,-115758.0,4244.4,8103,-90.91
V009,Attica Voyager,Panamax,3,5000,2015-04-01,2015,4,4612,Spot,Hapag-Lloyd,26.6,3.4,88.71,122679.0,253440.0,14344.0,-145105.0,3611.17,8448,-118.28
V009,Attica Voyager,Panamax,3,5000,2015-05-01,2015,5,4509,Time Charter,Hapag-Lloyd,27.0,3.0,89.95,121743.0,250890.0,0.0,-129147.0,4058.1,8363,-106.08
V009,Attica Voyager,Panamax,3,5000,2015-06-01,2015,6,3850,Spot,HMM,26.7,3.3,88.94,102795.0,238770.0,8778.0,-144753.0,3133.9,7959,-140.82
V009,Attica Voyager,Panamax,3,5000,2015-07-01,2015,7,4263,Time Charter,KMTC,25.9,4.1,86.36,110412.0,247290.0,0.0,-136878.0,3680.4,8243,-123.97
V009,Attica Voyager,Panamax,3,5000,2015-08-01,2015,8,4604,Time Charter,HMM,25.9,4.1,86.25,119244.0,251310.0,0.0,-132066.0,3974.8,8377,-110.75
V009,Attica Voyager,Panamax,3,5000,2015-09-01,2015,9,5027,Time Charter,ONE (Ocean Network Express),26.2,3.8,87.29,131707.0,250830.0,0.0,-119123.0,4390.23,8361,-90.45
V009,Attica Voyager,Panamax,3,5000,2015-10-01,2015,10,4256,Time Charter,Yang Ming,26.7,3.3,88.97,113635.0,251940.0,0.0,-138305.0,3787.83,8398,-121.71
V009,Attica Voyager,Panamax,3,5000,2015-11-01,2015,11,5130,Time Charter,Pacific International Lines,26.6,3.4,88.81,136458.0,249600.0,0.0,-113142.0,4548.6,8320,-82.91
V009,Attica Voyager,Panamax,3,5000,2015-12-01,2015,12,4226,Time Charter,Hapag-Lloyd,26.5,3.5,88.4,111989.0,249660.0,0.0,-137671.0,3732.97,8322,-122.93
V009,Attica Voyager,Panamax,4,5000,2016-01-01,2016,1,4109,Time Charter,Sinokor Merchant Marine,25.1,4.9,83.62,103136.0,253740.0,0.0,-150604.0,3437.87,8458,-146.02
V009,Attica Voyager,Panamax,4,5000,2016-02-01,2016,2,3192,Time Charter,COSCO Shipping,25.4,4.6,84.54,81077.0,270330.0,0.0,-189253.0,2702.57,9011,-233.42
V009,Attica Voyager,Panamax,4,5000,2016-03-01,2016,3,3000,Time Charter,Zim Integrated Shipping,24.6,5.4,81.92,73800.0,256560.0,0.0,-182760.0,2460.0,8552,-247.64
V009,Attica Voyager,Panamax,4,5000,2016-04-01,2016,4,4163,Time Charter,COSCO Shipping,26.0,4.0,86.56,108238.0,256740.0,0.0,-148502.0,3607.93,8558,-137.2
V009,Attica Voyager,Panamax,4,5000,2016-05-01,2016,5,4363,Time Charter,PIL,26.7,3.3,89.0,116492.0,254580.0,0.0,-138088.0,3883.07,8486,-118.54
V009,Attica Voyager,Panamax,4,5000,2016-06-01,2016,6,4714,Time Charter,ONE (Ocean Network Express),26.7,3.3,88.98,125864.0,243540.0,0.0,-117676.0,4195.47,8118,-93.49
V009,Attica Voyager,Panamax,4,5000,2016-07-01,2016,7,4200,Time Charter,COSCO Shipping,26.4,3.6,87.97,110880.0,255960.0,0.0,-145080.0,3696.0,8532,-130.84
V009,Attica Voyager,Panamax,4,5000,2016-08-01,2016,8,3796,Spot,Sinokor Merchant Marine,26.0,4.0,86.53,98696.0,251910.0,11448.0,-164662.0,2908.27,8397,-166.84
V009,Attica Voyager,Panamax,4,5000,2016-09-01,2016,9,4423,Time Charter,KMTC,26.6,3.4,88.8,117652.0,249570.0,0.0,-131918.0,3921.73,8319,-112.13
V009,Attica Voyager,Panamax,4,5000,2016-10-01,2016,10,4115,Time Charter,ONE (Ocean Network Express),26.5,3.5,88.32,109048.0,248670.0,0.0,-139622.0,3634.93,8289,-128.04
V009,Attica Voyager,Panamax,4,5000,2016-11-01,2016,11,4432,Time Charter,Maersk Line,26.0,4.0,86.68,115232.0,250950.0,0.0,-135718.0,3841.07,8365,-117.78
V009,Attica Voyager,Panamax,4,5000,2016-12-01,2016,12,4992,Time Charter,Hapag-Lloyd,25.8,4.2,86.05,128794.0,258900.0,0.0,-130106.0,4293.13,8630,-101.02
V009,Attica Voyager,Panamax,5,5000,2017-01-01,2017,1,5104,Time Charter,Zim Integrated Shipping,26.8,3.2,89.19,136787.0,254370.0,0.0,-117583.0,4559.57,8479,-85.96
V009,Attica Voyager,Panamax,5,5000,2017-02-01,2017,2,3716,Time Charter,Yang Ming,26.6,3.4,88.78,98846.0,269040.0,0.0,-170194.0,3294.87,8968,-172.18
V009,Attica Voyager,Panamax,5,5000,2017-03-01,2017,3,5131,Time Charter,Zim Integrated Shipping,26.6,3.4,88.57,136485.0,257490.0,0.0,-121005.0,4549.5,8583,-88.66
V009,Attica Voyager,Panamax,5,5000,2017-04-01,2017,4,3445,Spot,Pacific International Lines,26.8,3.2,89.2,92326.0,269880.0,8079.0,-185633.0,2808.23,8996,-201.06
V009,Attica Voyager,Panamax,5,5000,2017-05-01,2017,5,5429,Time Charter,KMTC,27.1,2.9,90.3,147126.0,260940.0,0.0,-113814.0,4904.2,8698,-77.36
V009,Attica Voyager,Panamax,5,5000,2017-06-01,2017,6,5819,Time Charter,ONE (Ocean Network Express),26.0,4.0,86.7,151294.0,263730.0,0.0,-112436.0,5043.13,8791,-74.32
V009,Attica Voyager,Panamax,5,5000,2017-07-01,2017,7,6093,Time Charter,ONE (Ocean Network Express),26.4,3.6,87.86,160855.0,255180.0,0.0,-94325.0,5361.83,8506,-58.64
V009,Attica Voyager,Panamax,5,5000,2017-08-01,2017,8,6140,Time Charter,Wan Hai Lines,26.8,3.2,89.44,164552.0,257250.0,0.0,-92698.0,5485.07,8575,-56.33
V009,Attica Voyager,Panamax,5,5000,2017-09-01,2017,9,7454,Time Charter,KMTC,27.1,2.9,90.27,202003.0,258360.0,0.0,-56357.0,6733.43,8612,-27.9
V009,Attica Voyager,Panamax,5,5000,2017-10-01,2017,10,5898,Time Charter,Sinokor Merchant Marine,26.7,3.3,88.94,157477.0,257280.0,0.0,-99803.0,5249.23,8576,-63.38
V009,Attica Voyager,Panamax,5,5000,2017-11-01,2017,11,6060,Time Charter,Wan Hai Lines,26.5,3.5,88.29,160590.0,264720.0,0.0,-104130.0,5353.0,8824,-64.84
V009,Attica Voyager,Panamax,5,5000,2017-12-01,2017,12,7859,Time Charter,CMA CGM,26.8,3.2,89.24,210621.0,257310.0,0.0,-46689.0,7020.7,8577,-22.17
V009,Attica Voyager,Panamax,6,5000,2018-01-01,2018,1,6136,Time Charter,Yang Ming,25.8,4.2,85.91,158309.0,261450.0,0.0,-103141.0,5276.97,8715,-65.15
V009,Attica Voyager,Panamax,6,5000,2018-02-01,2018,2,7044,Time Charter,Maersk Line,26.3,3.7,87.69,185257.0,263190.0,0.0,-77933.0,6175.23,8773,-42.07
V009,Attica Voyager,Panamax,6,5000,2018-03-01,2018,3,7104,Time Charter,CMA CGM,26.9,3.1,89.52,191098.0,276120.0,0.0,-85022.0,6369.93,9204,-44.49
V009,Attica Voyager,Panamax,6,5000,2018-04-01,2018,4,8535,Spot,HMM,26.7,3.3,89.13,227884.0,272820.0,11281.0,-56217.0,7220.1,9094,-24.67
V009,Attica Voyager,Panamax,6,5000,2018-05-01,2018,5,6843,Spot,PIL,26.2,3.8,87.18,179287.0,259320.0,8394.0,-88427.0,5696.43,8644,-49.32
V009,Attica Voyager,Panamax,6,5000,2018-06-01,2018,6,7812,Spot,Hapag-Lloyd,26.2,3.8,87.45,204674.0,263160.0,8832.0,-67318.0,6528.07,8772,-32.89
V009,Attica Voyager,Panamax,6,5000,2018-07-01,2018,7,8285,Time Charter,Sinokor Merchant Marine,26.2,3.8,87.48,217067.0,274890.0,0.0,-57823.0,7235.57,9163,-26.64
V009,Attica Voyager,Panamax,6,5000,2018-08-01,2018,8,7397,Spot,MSC,26.4,3.6,88.09,195281.0,257310.0,8823.0,-70852.0,6215.27,8577,-36.28
V009,Attica Voyager,Panamax,6,5000,2018-09-01,2018,9,7978,Spot,Sinokor Merchant Marine,26.4,3.6,87.89,210619.0,280800.0,12544.0,-82725.0,6602.5,9360,-39.28
V009,Attica Voyager,Panamax,6,5000,2018-10-01,2018,10,8400,Spot,Sinokor Merchant Marine,28.0,2.0,93.32,235200.0,265260.0,13222.0,-43282.0,7399.27,8842,-18.4
V009,Attica Voyager,Panamax,6,5000,2018-11-01,2018,11,5776,Time Charter,Yang Ming,26.8,3.2,89.48,154797.0,267780.0,0.0,-112983.0,5159.9,8926,-72.99
V009,Attica Voyager,Panamax,6,5000,2018-12-01,2018,12,10133,Time Charter,MSC,28.0,2.0,93.3,283724.0,270600.0,0.0,13124.0,9457.47,9020,4.63
V009,Attica Voyager,Panamax,7,5000,2019-01-01,2019,1,8204,Time Charter,HMM,26.4,3.6,88.02,216586.0,276840.0,0.0,-60254.0,7219.53,9228,-27.82
V009,Attica Voyager,Panamax,7,5000,2019-02-01,2019,2,8629,Spot,Pacific International Lines,27.7,2.3,92.28,239023.0,284370.0,12084.0,-57431.0,7564.63,9479,-24.03
V009,Attica Voyager,Panamax,7,5000,2019-03-01,2019,3,6085,Time Charter,Yang Ming,26.3,3.7,87.68,160036.0,278220.0,0.0,-118184.0,5334.53,9274,-73.85
V009,Attica Voyager,Panamax,7,5000,2019-04-01,2019,4,6498,Time Charter,Maersk Line,26.3,3.7,87.78,170897.0,274980.0,0.0,-104083.0,5696.57,9166,-60.9
V009,Attica Voyager,Panamax,7,5000,2019-05-01,2019,5,9224,Time Charter,Zim Integrated Shipping,27.1,2.9,90.32,249970.0,264330.0,0.0,-14360.0,8332.33,8811,-5.74
V009,Attica Voyager,Panamax,7,5000,2019-06-01,2019,6,8518,Time Charter,CMA CGM,26.9,3.1,89.53,229134.0,270870.0,0.0,-41736.0,7637.8,9029,-18.21
V009,Attica Voyager,Panamax,7,5000,2019-07-01,2019,7,7413,Spot,ONE (Ocean Network Express),27.3,2.7,91.1,202375.0,269700.0,14735.0,-82060.0,6254.67,8990,-40.55
V009,Attica Voyager,Panamax,7,5000,2019-08-01,2019,8,8578,Time Charter,Sinokor Merchant Marine,26.1,3.9,87.11,223886.0,284220.0,0.0,-60334.0,7462.87,9474,-26.95
V009,Attica Voyager,Panamax,7,5000,2019-09-01,2019,9,6693,Spot,Wan Hai Lines,26.5,3.5,88.26,177364.0,277920.0,10624.0,-111180.0,5558.0,9264,-62.68
V009,Attica Voyager,Panamax,7,5000,2019-10-01,2019,10,9391,Time Charter,CMA CGM,26.7,3.3,89.14,250740.0,273690.0,0.0,-22950.0,8358.0,9123,-9.15
V009,Attica Voyager,Panamax,7,5000,2019-11-01,2019,11,6708,Time Charter,MSC,26.3,3.7,87.66,176420.0,278610.0,0.0,-102190.0,5880.67,9287,-57.92
V009,Attica Voyager,Panamax,7,5000,2019-12-01,2019,12,5756,Time Charter,Yang Ming,26.3,3.7,87.57,151383.0,271020.0,0.0,-119637.0,5046.1,9034,-79.03
V009,Attica Voyager,Panamax,8,5000,2020-01-01,2020,1,8752,Time Charter,KMTC,26.0,4.0,86.67,227552.0,288240.0,0.0,-60688.0,7585.07,9608,-26.67
V009,Attica Voyager,Panamax,8,5000,2020-02-01,2020,2,6196,Time Charter,Evergreen Marine,26.1,3.9,87.14,161716.0,282210.0,0.0,-120494.0,5390.53,9407,-74.51
V009,Attica Voyager,Panamax,8,5000,2020-03-01,2020,3,6334,Time Charter,Hapag-Lloyd,26.8,3.2,89.37,169751.0,276510.0,0.0,-106759.0,5658.37,9217,-62.89
V009,Attica Voyager,Panamax,8,5000,2020-04-01,2020,4,5425,Time Charter,PIL,26.7,3.3,88.95,144848.0,298920.0,0.0,-154072.0,4828.27,9964,-106.37
V009,Attica Voyager,Panamax,8,5000,2020-05-01,2020,5,6181,Time Charter,Zim Integrated Shipping,26.0,4.0,86.69,160706.0,274320.0,0.0,-113614.0,5356.87,9144,-70.7
V009,Attica Voyager,Panamax,8,5000,2020-06-01,2020,6,8057,Spot,ONE (Ocean Network Express),26.7,3.3,88.85,215122.0,286350.0,10000.0,-81228.0,6837.4,9545,-37.76
V009,Attica Voyager,Panamax,8,5000,2020-07-01,2020,7,10325,Spot,Wan Hai Lines,26.7,3.3,88.96,275678.0,272640.0,14080.0,-11042.0,8719.93,9088,-4.01
V009,Attica Voyager,Panamax,8,5000,2020-08-01,2020,8,7584,Time Charter,MSC,28.3,1.7,94.38,214627.0,275220.0,0.0,-60593.0,7154.23,9174,-28.23
V009,Attica Voyager,Panamax,8,5000,2020-09-01,2020,9,10726,Spot,Sinokor Merchant Marine,27.8,2.2,92.59,298183.0,288510.0,9565.0,108.0,9620.6,9617,0.04
V009,Attica Voyager,Panamax,8,5000,2020-10-01,2020,10,10855,Time Charter,Hapag-Lloyd,28.4,1.6,94.53,308282.0,286500.0,0.0,21782.0,10276.07,9550,7.07
V009,Attica Voyager,Panamax,8,5000,2020-11-01,2020,11,11770,Spot,Sinokor Merchant Marine,28.2,1.8,94.05,331914.0,286290.0,14743.0,30881.0,10572.37,9543,9.3
V009,Attica Voyager,Panamax,8,5000,2020-12-01,2020,12,14998,Time Charter,Wan Hai Lines,28.0,2.0,93.27,419944.0,267600.0,0.0,152344.0,13998.13,8920,36.28
V009,Attica Voyager,Panamax,9,5000,2021-01-01,2021,1,17834,Spot,Sinokor Merchant Marine,28.1,1.9,93.64,501135.0,289470.0,8085.0,203580.0,16435.0,9649,40.62
V009,Attica Voyager,Panamax,9,5000,2021-02-01,2021,2,17829,Time Charter,HMM,27.5,2.5,91.63,490298.0,281250.0,0.0,209048.0,16343.27,9375,42.64
V009,Attica Voyager,Panamax,9,5000,2021-03-01,2021,3,29913,Spot,ONE (Ocean Network Express),27.4,2.6,91.27,819616.0,284640.0,14789.0,520187.0,26827.57,9488,63.47
V009,Attica Voyager,Panamax,9,5000,2021-04-01,2021,4,33723,Spot,Hapag-Lloyd,28.1,1.9,93.57,947616.0,297090.0,8302.0,642224.0,31310.47,9903,67.77
V009,Attica Voyager,Panamax,9,5000,2021-05-01,2021,5,41372,Time Charter,Wan Hai Lines,29.1,0.9,96.87,1203925.0,282900.0,0.0,921025.0,40130.83,9430,76.5
V009,Attica Voyager,Panamax,9,5000,2021-06-01,2021,6,45726,Spot,Zim Integrated Shipping,29.5,0.5,98.31,1348917.0,282870.0,14238.0,1051809.0,44489.3,9429,77.97
V009,Attica Voyager,Panamax,9,5000,2021-07-01,2021,7,54278,Spot,Pacific International Lines,29.0,1.0,96.63,1574062.0,283350.0,11694.0,1279018.0,52078.93,9445,81.26
V009,Attica Voyager,Panamax,9,5000,2021-08-01,2021,8,64674,Spot,KMTC,28.5,1.5,94.93,1843209.0,275400.0,14951.0,1552858.0,60941.93,9180,84.25
V009,Attica Voyager,Panamax,9,5000,2021-09-01,2021,9,72689,Spot,Yang Ming,29.2,0.8,97.35,2122519.0,287460.0,8517.0,1826542.0,70466.73,9582,86.06
V009,Attica Voyager,Panamax,9,5000,2021-10-01,2021,10,84890,Spot,Sinokor Merchant Marine,28.7,1.3,95.72,2436343.0,285810.0,11877.0,2138656.0,80815.53,9527,87.78
V009,Attica Voyager,Panamax,9,5000,2021-11-01,2021,11,93093,Spot,HMM,29.1,0.9,97.16,2709006.0,297540.0,14785.0,2396681.0,89807.37,9918,88.47
V009,Attica Voyager,Panamax,9,5000,2021-12-01,2021,12,110361,Time Charter,Maersk Line,29.3,0.7,97.57,3233577.0,289080.0,0.0,2944497.0,107785.9,9636,91.06
V009,Attica Voyager,Panamax,10,5000,2022-01-01,2022,1,109140,Spot,PIL,29.6,0.4,98.74,3230544.0,298770.0,11662.0,2920112.0,107296.07,9959,90.39
V009,Attica Voyager,Panamax,10,5000,2022-02-01,2022,2,121003,Spot,MSC,29.5,0.5,98.2,3569588.0,290610.0,12406.0,3266572.0,118572.73,9687,91.51
V009,Attica Voyager,Panamax,10,5000,2022-03-01,2022,3,129846,Time Charter,COSCO Shipping,29.0,1.0,96.57,3765534.0,287520.0,0.0,3478014.0,125517.8,9584,92.36
V009,Attica Voyager,Panamax,10,5000,2022-04-01,2022,4,135468,Spot,Wan Hai Lines,29.9,0.1,99.5,4050493.0,284610.0,12870.0,3753013.0,134587.43,9487,92.66
V009,Attica Voyager,Panamax,10,5000,2022-05-01,2022,5,111162,Time Charter,Wan Hai Lines,29.9,0.1,99.5,3323744.0,299460.0,0.0,3024284.0,110791.47,9982,90.99
V009,Attica Voyager,Panamax,10,5000,2022-06-01,2022,6,108698,Spot,Pacific International Lines,29.0,1.0,96.66,3152242.0,298590.0,11182.0,2842470.0,104702.0,9953,90.17
V009,Attica Voyager,Panamax,10,5000,2022-07-01,2022,7,86336,Spot,Evergreen Marine,29.5,0.5,98.42,2546912.0,301290.0,12393.0,2233229.0,84483.97,10043,87.68
V009,Attica Voyager,Panamax,10,5000,2022-08-01,2022,8,69214,Spot,COSCO Shipping,29.2,0.8,97.36,2021049.0,290070.0,12090.0,1718889.0,66965.3,9669,85.05
V009,Attica Voyager,Panamax,10,5000,2022-09-01,2022,9,54546,Spot,Zim Integrated Shipping,28.3,1.7,94.46,1543652.0,291120.0,14308.0,1238224.0,50978.13,9704,80.21
V009,Attica Voyager,Panamax,10,5000,2022-10-01,2022,10,42613,Time Charter,MSC,29.5,0.5,98.43,1257084.0,303540.0,0.0,953544.0,41902.8,10118,75.85
V009,Attica Voyager,Panamax,10,5000,2022-11-01,2022,11,41564,Spot,ONE (Ocean Network Express),28.8,1.2,96.02,1197043.0,302730.0,8318.0,885995.0,39624.17,10091,74.02
V009,Attica Voyager,Panamax,10,5000,2022-12-01,2022,12,33621,Time Charter,MSC,28.8,1.2,96.14,968285.0,302490.0,0.0,665795.0,32276.17,10083,68.76
V009,Attica Voyager,Panamax,11,5000,2023-01-01,2023,1,18694,Spot,KMTC,28.1,1.9,93.58,525301.0,302670.0,9967.0,212664.0,17177.8,10089,40.48
V009,Attica Voyager,Panamax,11,5000,2023-02-01,2023,2,17577,Spot,Wan Hai Lines,28.7,1.3,95.56,504460.0,303810.0,14653.0,185997.0,16326.9,10127,36.87
V009,Attica Voyager,Panamax,11,5000,2023-03-01,2023,3,16175,Spot,Zim Integrated Shipping,28.1,1.9,93.58,454518.0,303330.0,14232.0,136956.0,14676.2,10111,30.13
V009,Attica Voyager,Panamax,11,5000,2023-04-01,2023,4,16723,Spot,Sinokor Merchant Marine,27.5,2.5,91.53,459882.0,308130.0,11190.0,140562.0,14956.4,10271,30.56
V009,Attica Voyager,Panamax,11,5000,2023-05-01,2023,5,12983,Time Charter,MSC,28.1,1.9,93.62,364822.0,304890.0,0.0,59932.0,12160.73,10163,16.43
V009,Attica Voyager,Panamax,11,5000,2023-06-01,2023,6,13911,Spot,Yang Ming,27.8,2.2,92.83,386726.0,299700.0,12341.0,74685.0,12479.5,9990,19.31
V009,Attica Voyager,Panamax,11,5000,2023-07-01,2023,7,13258,Spot,CMA CGM,28.4,1.6,94.7,376527.0,294570.0,9942.0,72015.0,12219.5,9819,19.13
V009,Attica Voyager,Panamax,11,5000,2023-08-01,2023,8,13520,Spot,Zim Integrated Shipping,27.5,2.5,91.79,371800.0,303270.0,9317.0,59213.0,12082.77,10109,15.93
V009,Attica Voyager,Panamax,11,5000,2023-09-01,2023,9,14330,Time Charter,Evergreen Marine,27.7,2.3,92.4,396941.0,303570.0,0.0,93371.0,13231.37,10119,23.52
V009,Attica Voyager,Panamax,11,5000,2023-10-01,2023,10,14475,Time Charter,Pacific International Lines,27.6,2.4,92.14,399510.0,314190.0,0.0,85320.0,13317.0,10473,21.36
V009,Attica Voyager,Panamax,11,5000,2023-11-01,2023,11,15859,Spot,Maersk Line,27.3,2.7,91.08,432951.0,303660.0,11246.0,118045.0,14056.83,10122,27.27
V009,Attica Voyager,Panamax,11,5000,2023-12-01,2023,12,18286,Spot,Maersk Line,27.6,2.4,91.94,504694.0,301110.0,10473.0,193111.0,16474.03,10037,38.26
V009,Attica Voyager,Panamax,12,5000,2024-01-01,2024,1,15186,Time Charter,Hapag-Lloyd,28.3,1.7,94.27,429764.0,302040.0,0.0,127724.0,14325.47,10068,29.72
V009,Attica Voyager,Panamax,12,5000,2024-02-01,2024,2,14756,Time Charter,KMTC,27.9,2.1,92.91,411692.0,305730.0,0.0,105962.0,13723.07,10191,25.74
V009,Attica Voyager,Panamax,12,5000,2024-03-01,2024,3,18875,Time Charter,Maersk Line,27.1,2.9,90.41,511512.0,306450.0,0.0,205062.0,17050.4,10215,40.09
V009,Attica Voyager,Panamax,12,5000,2024-04-01,2024,4,19146,Spot,Evergreen Marine,28.1,1.9,93.66,538003.0,317460.0,12086.0,208457.0,17530.57,10582,38.75
V009,Attica Voyager,Panamax,12,5000,2024-05-01,2024,5,20199,Spot,Hapag-Lloyd,27.9,2.1,92.92,563552.0,309630.0,8544.0,245378.0,18500.27,10321,43.54
V009,Attica Voyager,Panamax,12,5000,2024-06-01,2024,6,21937,Time Charter,Hapag-Lloyd,28.2,1.8,94.05,618623.0,304650.0,0.0,313973.0,20620.77,10155,50.75
V009,Attica Voyager,Panamax,12,5000,2024-07-01,2024,7,20831,Spot,ONE (Ocean Network Express),27.5,2.5,91.73,572852.0,312270.0,14821.0,245761.0,18601.03,10409,42.9
V009,Attica Voyager,Panamax,12,5000,2024-08-01,2024,8,19086,Time Charter,CMA CGM,27.9,2.1,93.16,532499.0,307590.0,0.0,224909.0,17749.97,10253,42.24
V009,Attica Voyager,Panamax,12,5000,2024-09-01,2024,9,18827,Spot,COSCO Shipping,28.2,1.8,93.88,530921.0,305730.0,14903.0,210288.0,17200.6,10191,39.61
V009,Attica Voyager,Panamax,12,5000,2024-10-01,2024,10,17550,Spot,HMM,27.6,2.4,92.11,484380.0,315750.0,12887.0,155743.0,15716.43,10525,32.15
V009,Attica Voyager,Panamax,12,5000,2024-11-01,2024,11,14967,Time Charter,ONE (Ocean Network Express),28.5,1.5,95.02,426560.0,315450.0,0.0,111110.0,14218.67,10515,26.05
V009,Attica Voyager,Panamax,12,5000,2024-12-01,2024,12,17747,Time Charter,PIL,28.0,2.0,93.45,496916.0,308730.0,0.0,188186.0,16563.87,10291,37.87
V010,Corinthian Max,Post-Panamax,1,8000,2014-01-01,2014,1,7126,Time Charter,Wan Hai Lines,26.0,4.0,86.79,185276.0,371610.0,0.0,-186334.0,6175.87,12387,-100.57
V010,Corinthian Max,Post-Panamax,1,8000,2014-02-01,2014,2,7251,Spot,KMTC,25.3,4.7,84.23,183450.0,367350.0,18969.0,-202869.0,5482.7,12245,-110.59
V010,Corinthian Max,Post-Panamax,1,8000,2014-03-01,2014,3,6507,Time Charter,CMA CGM,26.6,3.4,88.57,173086.0,395610.0,0.0,-222524.0,5769.53,13187,-128.56
V010,Corinthian Max,Post-Panamax,1,8000,2014-04-01,2014,4,7459,Time Charter,CMA CGM,26.2,3.8,87.31,195426.0,378510.0,0.0,-183084.0,6514.2,12617,-93.68
V010,Corinthian Max,Post-Panamax,1,8000,2014-05-01,2014,5,6285,Time Charter,CMA CGM,26.5,3.5,88.4,166552.0,376170.0,0.0,-209618.0,5551.73,12539,-125.86
V010,Corinthian Max,Post-Panamax,1,8000,2014-06-01,2014,6,6860,Time Charter,MSC,26.5,3.5,88.34,181790.0,380460.0,0.0,-198670.0,6059.67,12682,-109.29
V010,Corinthian Max,Post-Panamax,1,8000,2014-07-01,2014,7,7294,Time Charter,PIL,26.7,3.3,89.14,194750.0,371070.0,0.0,-176320.0,6491.67,12369,-90.54
V010,Corinthian Max,Post-Panamax,1,8000,2014-08-01,2014,8,6695,Time Charter,Sinokor Merchant Marine,26.3,3.7,87.64,176078.0,371610.0,0.0,-195532.0,5869.27,12387,-111.05
V010,Corinthian Max,Post-Panamax,1,8000,2014-09-01,2014,9,6355,Time Charter,ONE (Ocean Network Express),26.3,3.7,87.56,167136.0,359850.0,0.0,-192714.0,5571.2,11995,-115.3
V010,Corinthian Max,Post-Panamax,1,8000,2014-10-01,2014,10,6181,Time Charter,PIL,26.9,3.1,89.71,166269.0,376620.0,0.0,-210351.0,5542.3,12554,-126.51
V010,Corinthian Max,Post-Panamax,1,8000,2014-11-01,2014,11,7130,Time Charter,Wan Hai Lines,26.7,3.3,88.98,190371.0,387000.0,0.0,-196629.0,6345.7,12900,-103.29
V010,Corinthian Max,Post-Panamax,1,8000,2014-12-01,2014,12,7095,Time Charter,COSCO Shipping,26.7,3.3,88.97,189436.0,368400.0,0.0,-178964.0,6314.53,12280,-94.47
V010,Corinthian Max,Post-Panamax,2,8000,2015-01-01,2015,1,7044,Time Charter,Yang Ming,26.2,3.8,87.19,184553.0,399540.0,0.0,-214987.0,6151.77,13318,-116.49
V010,Corinthian Max,Post-Panamax,2,8000,2015-02-01,2015,2,6217,Time Charter,Pacific International Lines,26.0,4.0,86.65,161642.0,397260.0,0.0,-235618.0,5388.07,13242,-145.77
V010,Corinthian Max,Post-Panamax,2,8000,2015-03-01,2015,3,6121,Time Charter,PIL,26.8,3.2,89.4,164043.0,384750.0,0.0,-220707.0,5468.1,12825,-134.54
V010,Corinthian Max,Post-Panamax,2,8000,2015-04-01,2015,4,6466,Time Charter,CMA CGM,26.0,4.0,86.66,168116.0,376440.0,0.0,-208324.0,5603.87,12548,-123.92
V010,Corinthian Max,Post-Panamax,2,8000,2015-05-01,2015,5,7238,Spot,COSCO Shipping,26.3,3.7,87.76,190359.0,372870.0,16024.0,-198535.0,5811.17,12429,-104.3
V010,Corinthian Max,Post-Panamax,2,8000,2015-06-01,2015,6,6330,Time Charter,Yang Ming,26.5,3.5,88.24,167745.0,387330.0,0.0,-219585.0,5591.5,12911,-130.9
V010,Corinthian Max,Post-Panamax,2,8000,2015-07-01,2015,7,7482,Spot,Wan Hai Lines,25.8,4.2,85.96,193036.0,374550.0,22579.0,-204093.0,5681.9,12485,-105.73
V010,Corinthian Max,Post-Panamax,2,8000,2015-08-01,2015,8,6087,Time Charter,Evergreen Marine,27.1,2.9,90.23,164958.0,377670.0,0.0,-212712.0,5498.6,12589,-128.95
V010,Corinthian Max,Post-Panamax,2,8000,2015-09-01,2015,9,7396,Time Charter,Yang Ming,26.2,3.8,87.48,193775.0,390360.0,0.0,-196585.0,6459.17,13012,-101.45
V010,Corinthian Max,Post-Panamax,2,8000,2015-10-01,2015,10,7123,Time Charter,Evergreen Marine,26.5,3.5,88.21,188760.0,382740.0,0.0,-193980.0,6292.0,12758,-102.77
V010,Corinthian Max,Post-Panamax,2,8000,2015-11-01,2015,11,6871,Spot,Wan Hai Lines,26.7,3.3,88.93,183456.0,396540.0,20902.0,-233986.0,5418.47,13218,-127.54
V010,Corinthian Max,Post-Panamax,2,8000,2015-12-01,2015,12,6130,Time Charter,Maersk Line,25.9,4.1,86.19,158767.0,392940.0,0.0,-234173.0,5292.23,13098,-147.49
V010,Corinthian Max,Post-Panamax,3,8000,2016-01-01,2016,1,7332,Time Charter,Pacific International Lines,24.5,5.5,81.77,179634.0,392820.0,0.0,-213186.0,5987.8,13094,-118.68
V010,Corinthian Max,Post-Panamax,3,8000,2016-02-01,2016,2,6769,Time Charter,KMTC,24.5,5.5,81.68,165840.0,395700.0,0.0,-229860.0,5528.0,13190,-138.6
V010,Corinthian Max,Post-Panamax,3,8000,2016-03-01,2016,3,6343,Time Charter,Yang Ming,24.5,5.5,81.78,155404.0,386880.0,0.0,-231476.0,5180.13,12896,-148.95
V010,Corinthian Max,Post-Panamax,3,8000,2016-04-01,2016,4,7437,Spot,Pacific International Lines,26.0,4.0,86.76,193362.0,382140.0,14114.0,-202892.0,5974.93,12738,-104.93
V010,Corinthian Max,Post-Panamax,3,8000,2016-05-01,2016,5,6805,Time Charter,Evergreen Marine,26.9,3.1,89.79,183054.0,398820.0,0.0,-215766.0,6101.8,13294,-117.87
V010,Corinthian Max,Post-Panamax,3,8000,2016-06-01,2016,6,6385,Time Charter,Wan Hai Lines,26.8,3.2,89.3,171118.0,404370.0,0.0,-233252.0,5703.93,13479,-136.31
V010,Corinthian Max,Post-Panamax,3,8000,2016-07-01,2016,7,7215,Time Charter,HMM,26.0,4.0,86.72,187590.0,382470.0,0.0,-194880.0,6253.0,12749,-103.89
V010,Corinthian Max,Post-Panamax,3,8000,2016-08-01,2016,8,6955,Time Charter,CMA CGM,26.2,3.8,87.18,182221.0,393120.0,0.0,-210899.0,6074.03,13104,-115.74
V010,Corinthian Max,Post-Panamax,3,8000,2016-09-01,2016,9,6216,Time Charter,MSC,26.4,3.6,87.84,164102.0,412230.0,0.0,-248128.0,5470.07,13741,-151.2
V010,Corinthian Max,Post-Panamax,3,8000,2016-10-01,2016,10,6276,Spot,Yang Ming,26.6,3.4,88.67,166942.0,400410.0,23842.0,-257310.0,4770.0,13347,-154.13
V010,Corinthian Max,Post-Panamax,3,8000,2016-11-01,2016,11,7184,Spot,Hapag-Lloyd,26.4,3.6,88.13,189658.0,381780.0,22693.0,-214815.0,5565.5,12726,-113.26
V010,Corinthian Max,Post-Panamax,3,8000,2016-12-01,2016,12,6416,Time Charter,PIL,25.9,4.1,86.3,166174.0,386790.0,0.0,-220616.0,5539.13,12893,-132.76
V010,Corinthian Max,Post-Panamax,4,8000,2017-01-01,2017,1,6080,Time Charter,Evergreen Marine,27.0,3.0,89.84,164160.0,407460.0,0.0,-243300.0,5472.0,13582,-148.21
V010,Corinthian Max,Post-Panamax,4,8000,2017-02-01,2017,2,5324,Spot,Wan Hai Lines,26.3,3.7,87.67,140021.0,414690.0,24347.0,-299016.0,3855.8,13823,-213.55
V010,Corinthian Max,Post-Panamax,4,8000,2017-03-01,2017,3,6454,Spot,ONE (Ocean Network Express),27.0,3.0,89.94,174258.0,411840.0,21434.0,-259016.0,5094.13,13728,-148.64
V010,Corinthian Max,Post-Panamax,4,8000,2017-04-01,2017,4,5587,Time Charter,Zim Integrated Shipping,25.4,4.6,84.64,141910.0,401070.0,0.0,-259160.0,4730.33,13369,-182.62
V010,Corinthian Max,Post-Panamax,4,8000,2017-05-01,2017,5,7342,Time Charter,Evergreen Marine,26.6,3.4,88.73,195297.0,403350.0,0.0,-208053.0,6509.9,13445,-106.53
V010,Corinthian Max,Post-Panamax,4,8000,2017-06-01,2017,6,8703,Time Charter,Yang Ming,26.7,3.3,89.15,232370.0,408870.0,0.0,-176500.0,7745.67,13629,-75.96
V010,Corinthian Max,Post-Panamax,4,8000,2017-07-01,2017,7,6684,Spot,Sinokor Merchant Marine,25.9,4.1,86.17,173116.0,405810.0,19974.0,-252668.0,5104.73,13527,-145.95
V010,Corinthian Max,Post-Panamax,4,8000,2017-08-01,2017,8,8336,Time Charter,Evergreen Marine,26.1,3.9,86.87,217570.0,400470.0,0.0,-182900.0,7252.33,13349,-84.06
V010,Corinthian Max,Post-Panamax,4,8000,2017-09-01,2017,9,7265,Time Charter,COSCO Shipping,26.3,3.7,87.7,191070.0,387120.0,0.0,-196050.0,6369.0,12904,-102.61
V010,Corinthian Max,Post-Panamax,4,8000,2017-10-01,2017,10,8105,Spot,ONE (Ocean Network Express),26.5,3.5,88.29,214782.0,394020.0,17437.0,-196675.0,6578.17,13134,-91.57
V010,Corinthian Max,Post-Panamax,4,8000,2017-11-01,2017,11,7157,Time Charter,Sinokor Merchant Marine,26.5,3.5,88.38,189660.0,398850.0,0.0,-209190.0,6322.0,13295,-110.3
V010,Corinthian Max,Post-Panamax,4,8000,2017-12-01,2017,12,7758,Spot,Yang Ming,26.3,3.7,87.64,204035.0,419940.0,24125.0,-240030.0,5997.0,13998,-117.64
V010,Corinthian Max,Post-Panamax,5,8000,2018-01-01,2018,1,6748,Time Charter,MSC,26.5,3.5,88.33,178822.0,403860.0,0.0,-225038.0,5960.73,13462,-125.84
V010,Corinthian Max,Post-Panamax,5,8000,2018-02-01,2018,2,8714,Spot,COSCO Shipping,26.0,4.0,86.62,226564.0,409350.0,23259.0,-206045.0,6776.83,13645,-90.94
V010,Corinthian Max,Post-Panamax,5,8000,2018-03-01,2018,3,9700,Time Charter,ONE (Ocean Network Express),26.0,4.0,86.77,252200.0,408270.0,0.0,-156070.0,8406.67,13609,-61.88
V010,Corinthian Max,Post-Panamax,5,8000,2018-04-01,2018,4,10789,Spot,PIL,26.1,3.9,87.12,281593.0,411150.0,12588.0,-142145.0,8966.83,13705,-50.48
V010,Corinthian Max,Post-Panamax,5,8000,2018-05-01,2018,5,8689,Time Charter,Hapag-Lloyd,25.8,4.2,85.95,224176.0,412680.0,0.0,-188504.0,7472.53,13756,-84.09
V010,Corinthian Max,Post-Panamax,5,8000,2018-06-01,2018,6,7161,Spot,PIL,26.7,3.3,88.87,191199.0,411450.0,12343.0,-232594.0,5961.87,13715,-121.65
V010,Corinthian Max,Post-Panamax,5,8000,2018-07-01,2018,7,10710,Time Charter,Evergreen Marine,26.0,4.0,86.79,278460.0,416580.0,0.0,-138120.0,9282.0,13886,-49.6
V010,Corinthian Max,Post-Panamax,5,8000,2018-08-01,2018,8,8801,Spot,Zim Integrated Shipping,26.5,3.5,88.2,233226.0,435330.0,16894.0,-218998.0,7211.07,14511,-93.9
V010,Corinthian Max,Post-Panamax,5,8000,2018-09-01,2018,9,11800,Time Charter,Evergreen Marine,26.2,3.8,87.41,309160.0,408810.0,0.0,-99650.0,10305.33,13627,-32.23
V010,Corinthian Max,Post-Panamax,5,8000,2018-10-01,2018,10,10675,Time Charter,Maersk Line,27.7,2.3,92.4,295698.0,412860.0,0.0,-117162.0,9856.6,13762,-39.62
V010,Corinthian Max,Post-Panamax,5,8000,2018-11-01,2018,11,9723,Spot,Sinokor Merchant Marine,25.9,4.1,86.26,251826.0,421680.0,22537.0,-192391.0,7642.97,14056,-76.4
V010,Corinthian Max,Post-Panamax,5,8000,2018-12-01,2018,12,11265,Spot,Wan Hai Lines,28.2,1.8,94.16,317673.0,419460.0,24835.0,-126622.0,9761.27,13982,-39.86
V010,Corinthian Max,Post-Panamax,6,8000,2019-01-01,2019,1,9302,Time Charter,ONE (Ocean Network Express),26.5,3.5,88.34,246503.0,419730.0,0.0,-173227.0,8216.77,13991,-70.27
V010,Corinthian Max,Post-Panamax,6,8000,2019-02-01,2019,2,9699,Time Charter,Evergreen Marine,28.1,1.9,93.8,272542.0,413880.0,0.0,-141338.0,9084.73,13796,-51.86
V010,Corinthian Max,Post-Panamax,6,8000,2019-03-01,2019,3,8676,Spot,Maersk Line,25.8,4.2,85.88,223841.0,417720.0,13955.0,-207834.0,6996.2,13924,-92.85
V010,Corinthian Max,Post-Panamax,6,8000,2019-04-01,2019,4,8318,Spot,PIL,26.1,3.9,86.93,217100.0,423090.0,19724.0,-225714.0,6579.2,14103,-103.97
V010,Corinthian Max,Post-Panamax,6,8000,2019-05-01,2019,5,10452,Time Charter,Sinokor Merchant Marine,26.1,3.9,86.99,272797.0,407850.0,0.0,-135053.0,9093.23,13595,-49.51
V010,Corinthian Max,Post-Panamax,6,8000,2019-06-01,2019,6,8695,Spot,Wan Hai Lines,26.1,3.9,86.87,226940.0,423540.0,16952.0,-213552.0,6999.6,14118,-94.1
V010,Corinthian Max,Post-Panamax,6,8000,2019-07-01,2019,7,10872,Time Charter,KMTC,26.1,3.9,87.03,283759.0,407820.0,0.0,-124061.0,9458.63,13594,-43.72
V010,Corinthian Max,Post-Panamax,6,8000,2019-08-01,2019,8,8771,Time Charter,Zim Integrated Shipping,26.0,4.0,86.72,228046.0,422070.0,0.0,-194024.0,7601.53,14069,-85.08
V010,Corinthian Max,Post-Panamax,6,8000,2019-09-01,2019,9,11584,Time Charter,Maersk Line,25.7,4.3,85.69,297709.0,421260.0,0.0,-123551.0,9923.63,14042,-41.5
V010,Corinthian Max,Post-Panamax,6,8000,2019-10-01,2019,10,8649,Time Charter,Pacific International Lines,26.5,3.5,88.37,229198.0,427140.0,0.0,-197942.0,7639.93,14238,-86.36
V010,Corinthian Max,Post-Panamax,6,8000,2019-11-01,2019,11,8877,Spot,PIL,27.0,3.0,90.14,239679.0,405450.0,24609.0,-190380.0,7169.0,13515,-79.43
V010,Corinthian Max,Post-Panamax,6,8000,2019-12-01,2019,12,9812,Time Charter,Zim Integrated Shipping,26.0,4.0,86.79,255112.0,432240.0,0.0,-177128.0,8503.73,14408,-69.43
V010,Corinthian Max,Post-Panamax,7,8000,2020-01-01,2020,1,8919,Time Charter,Yang Ming,26.2,3.8,87.44,233678.0,438000.0,0.0,-204322.0,7789.27,14600,-87.44
V010,Corinthian Max,Post-Panamax,7,8000,2020-02-01,2020,2,8455,Time Charter,Sinokor Merchant Marine,26.2,3.8,87.43,221521.0,440400.0,0.0,-218879.0,7384.03,14680,-98.81
V010,Corinthian Max,Post-Panamax,7,8000,2020-03-01,2020,3,6978,Time Charter,Pacific International Lines,26.4,3.6,88.02,184219.0,437940.0,0.0,-253721.0,6140.63,14598,-137.73
V010,Corinthian Max,Post-Panamax,7,8000,2020-04-01,2020,4,8054,Time Charter,Pacific International Lines,26.2,3.8,87.49,211015.0,425130.0,0.0,-214115.0,7033.83,14171,-101.47
V010,Corinthian Max,Post-Panamax,7,8000,2020-05-01,2020,5,6692,Spot,Evergreen Marine,26.4,3.6,88.16,176669.0,427530.0,22948.0,-273809.0,5124.03,14251,-154.98
V010,Corinthian Max,Post-Panamax,7,8000,2020-06-01,2020,6,7680,Spot,KMTC,27.0,3.0,90.07,207360.0,443970.0,22898.0,-259508.0,6148.73,14799,-125.15
V010,Corinthian Max,Post-Panamax,7,8000,2020-07-01,2020,7,11208,Time Charter,KMTC,26.5,3.5,88.26,297012.0,437760.0,0.0,-140748.0,9900.4,14592,-47.39
V010,Corinthian Max,Post-Panamax,7,8000,2020-08-01,2020,8,11697,Spot,COSCO Shipping,27.9,2.1,92.85,326346.0,438840.0,18093.0,-130587.0,10275.1,14628,-40.01
V010,Corinthian Max,Post-Panamax,7,8000,2020-09-01,2020,9,12778,Time Charter,PIL,27.8,2.2,92.66,355228.0,419700.0,0.0,-64472.0,11840.93,13990,-18.15
V010,Corinthian Max,Post-Panamax,7,8000,2020-10-01,2020,10,12567,Time Charter,KMTC,28.0,2.0,93.41,351876.0,420450.0,0.0,-68574.0,11729.2,14015,-19.49
V010,Corinthian Max,Post-Panamax,7,8000,2020-11-01,2020,11,15057,Time Charter,Hapag-Lloyd,27.9,2.1,93.12,420090.0,430380.0,0.0,-10290.0,14003.0,14346,-2.45
V010,Corinthian Max,Post-Panamax,7,8000,2020-12-01,2020,12,19382,Spot,COSCO Shipping,28.1,1.9,93.61,544634.0,426900.0,17393.0,100341.0,17574.7,14230,18.42
V010,Corinthian Max,Post-Panamax,8,8000,2021-01-01,2021,1,23636,Time Charter,Wan Hai Lines,27.7,2.3,92.31,654717.0,442170.0,0.0,212547.0,21823.9,14739,32.46
V010,Corinthian Max,Post-Panamax,8,8000,2021-02-01,2021,2,25844,Spot,COSCO Shipping,28.1,1.9,93.74,726216.0,439680.0,15554.0,270982.0,23688.73,14656,37.31
V010,Corinthian Max,Post-Panamax,8,8000,2021-03-01,2021,3,29238,Time Charter,PIL,28.4,1.6,94.68,830359.0,445830.0,0.0,384529.0,27678.63,14861,46.31
V010,Corinthian Max,Post-Panamax,8,8000,2021-04-01,2021,4,36893,Spot,Evergreen Marine,27.7,2.3,92.31,1021936.0,447210.0,12733.0,561993.0,33640.1,14907,54.99
V010,Corinthian Max,Post-Panamax,8,8000,2021-05-01,2021,5,46364,Time Charter,Wan Hai Lines,29.2,0.8,97.39,1353829.0,441960.0,0.0,911869.0,45127.63,14732,67.35
V010,Corinthian Max,Post-Panamax,8,8000,2021-06-01,2021,6,53690,Spot,KMTC,29.5,0.5,98.41,1583855.0,435270.0,23241.0,1125344.0,52020.47,14509,71.05
V010,Corinthian Max,Post-Panamax,8,8000,2021-07-01,2021,7,62539,Spot,Zim Integrated Shipping,29.6,0.4,98.71,1851154.0,448020.0,22568.0,1380566.0,60952.87,14934,74.58
V010,Corinthian Max,Post-Panamax,8,8000,2021-08-01,2021,8,69896,Spot,KMTC,29.5,0.5,98.35,2061932.0,435630.0,24996.0,1601306.0,67897.87,14521,77.66
V010,Corinthian Max,Post-Panamax,8,8000,2021-09-01,2021,9,83191,Spot,Wan Hai Lines,29.5,0.5,98.17,2454134.0,457710.0,24956.0,1971468.0,80972.6,15257,80.33
V010,Corinthian Max,Post-Panamax,8,8000,2021-10-01,2021,10,92441,Time Charter,Wan Hai Lines,29.0,1.0,96.65,2680789.0,440490.0,0.0,2240299.0,89359.63,14683,83.57
V010,Corinthian Max,Post-Panamax,8,8000,2021-11-01,2021,11,92011,Time Charter,Sinokor Merchant Marine,29.0,1.0,96.52,2668319.0,456630.0,0.0,2211689.0,88943.97,15221,82.89
V010,Corinthian Max,Post-Panamax,8,8000,2021-12-01,2021,12,104124,Spot,CMA CGM,29.3,0.7,97.55,3050833.0,444990.0,19221.0,2586622.0,101053.73,14833,84.78
V010,Corinthian Max,Post-Panamax,9,8000,2022-01-01,2022,1,108754,Spot,Wan Hai Lines,29.1,0.9,97.05,3164741.0,459690.0,21997.0,2683054.0,104758.13,15323,84.78
V010,Corinthian Max,Post-Panamax,9,8000,2022-02-01,2022,2,128976,Time Charter,MSC,28.4,1.6,94.83,3662918.0,462900.0,0.0,3200018.0,122097.27,15430,87.36
V010,Corinthian Max,Post-Panamax,9,8000,2022-03-01,2022,3,136340,Spot,Pacific International Lines,29.6,0.4,98.76,4035664.0,462840.0,24282.0,3548542.0,133712.73,15428,87.93
V010,Corinthian Max,Post-Panamax,9,8000,2022-04-01,2022,4,135218,Time Charter,Wan Hai Lines,29.4,0.6,97.97,3975409.0,454290.0,0.0,3521119.0,132513.63,15143,88.57
V010,Corinthian Max,Post-Panamax,9,8000,2022-05-01,2022,5,128898,Spot,Wan Hai Lines,29.0,1.0,96.56,3738042.0,473280.0,23045.0,3241717.0,123833.23,15776,86.72
V010,Corinthian Max,Post-Panamax,9,8000,2022-06-01,2022,6,108236,Time Charter,Maersk Line,29.1,0.9,96.93,3149668.0,454560.0,0.0,2695108.0,104988.93,15152,85.57
V010,Corinthian Max,Post-Panamax,9,8000,2022-07-01,2022,7,100583,Spot,Evergreen Marine,28.7,1.3,95.53,2886732.0,452400.0,15216.0,2419116.0,95717.2,15080,83.8
V010,Corinthian Max,Post-Panamax,9,8000,2022-08-01,2022,8,84625,Spot,KMTC,29.3,0.7,97.55,2479512.0,461100.0,17857.0,2000555.0,82055.17,15370,80.68
V010,Corinthian Max,Post-Panamax,9,8000,2022-09-01,2022,9,66954,Spot,Yang Ming,28.7,1.3,95.83,1921580.0,456420.0,13679.0,1451481.0,63596.7,15214,75.54
V010,Corinthian Max,Post-Panamax,9,8000,2022-10-01,2022,10,57213,Spot,Maersk Line,29.0,1.0,96.68,1659177.0,455010.0,24403.0,1179764.0,54492.47,15167,71.11
V010,Corinthian Max,Post-Panamax,9,8000,2022-11-01,2022,11,45302,Time Charter,PIL,29.7,0.3,98.85,1345469.0,450210.0,0.0,895259.0,44848.97,15007,66.54
V010,Corinthian Max,Post-Panamax,9,8000,2022-12-01,2022,12,37966,Time Charter,Hapag-Lloyd,29.1,0.9,96.92,1104811.0,466740.0,0.0,638071.0,36827.03,15558,57.75
V010,Corinthian Max,Post-Panamax,10,8000,2023-01-01,2023,1,23092,Time Charter,Zim Integrated Shipping,28.4,1.6,94.72,655813.0,468360.0,0.0,187453.0,21860.43,15612,28.58
V010,Corinthian Max,Post-Panamax,10,8000,2023-02-01,2023,2,22749,Time Charter,CMA CGM,28.0,2.0,93.45,636972.0,461820.0,0.0,175152.0,21232.4,15394,27.5
V010,Corinthian Max,Post-Panamax,10,8000,2023-03-01,2023,3,20581,Time Charter,MSC,28.2,1.8,93.93,580384.0,469800.0,0.0,110584.0,19346.13,15660,19.05
V010,Corinthian Max,Post-Panamax,10,8000,2023-04-01,2023,4,20014,Spot,Pacific International Lines,27.8,2.2,92.82,556389.0,474630.0,19880.0,61879.0,17883.63,15821,11.12
V010,Corinthian Max,Post-Panamax,10,8000,2023-05-01,2023,5,17596,Time Charter,Evergreen Marine,28.1,1.9,93.64,494448.0,470070.0,0.0,24378.0,16481.6,15669,4.93
V010,Corinthian Max,Post-Panamax,10,8000,2023-06-01,2023,6,16486,Time Charter,Hapag-Lloyd,27.8,2.2,92.81,458311.0,471090.0,0.0,-12779.0,15277.03,15703,-2.79
V010,Corinthian Max,Post-Panamax,10,8000,2023-07-01,2023,7,16503,Time Charter,Zim Integrated Shipping,28.0,2.0,93.49,462084.0,466740.0,0.0,-4656.0,15402.8,15558,-1.01
V010,Corinthian Max,Post-Panamax,10,8000,2023-08-01,2023,8,17267,Time Charter,ONE (Ocean Network Express),28.3,1.7,94.44,488656.0,449070.0,0.0,39586.0,16288.53,14969,8.1
V010,Corinthian Max,Post-Panamax,10,8000,2023-09-01,2023,9,19151,Time Charter,CMA CGM,28.1,1.9,93.7,538143.0,477480.0,0.0,60663.0,17938.1,15916,11.27
V010,Corinthian Max,Post-Panamax,10,8000,2023-10-01,2023,10,20503,Time Charter,COSCO Shipping,28.3,1.7,94.2,580235.0,455910.0,0.0,124325.0,19341.17,15197,21.43
V010,Corinthian Max,Post-Panamax,10,8000,2023-11-01,2023,11,19990,Spot,CMA CGM,28.0,2.0,93.25,559720.0,470160.0,14972.0,74588.0,18158.27,15672,13.33
V010,Corinthian Max,Post-Panamax,10,8000,2023-12-01,2023,12,20532,Spot,KMTC,28.3,1.7,94.41,581056.0,460410.0,20732.0,99914.0,18677.47,15347,17.2
V010,Corinthian Max,Post-Panamax,11,8000,2024-01-01,2024,1,20085,Time Charter,HMM,27.8,2.2,92.68,558363.0,495060.0,0.0,63303.0,18612.1,16502,11.34
V010,Corinthian Max,Post-Panamax,11,8000,2024-02-01,2024,2,21936,Spot,Pacific International Lines,28.0,2.0,93.44,614208.0,480120.0,20036.0,114052.0,19805.73,16004,18.57
V010,Corinthian Max,Post-Panamax,11,8000,2024-03-01,2024,3,22683,Time Charter,Hapag-Lloyd,27.8,2.2,92.52,630587.0,486180.0,0.0,144407.0,21019.57,16206,22.9
V010,Corinthian Max,Post-Panamax,11,8000,2024-04-01,2024,4,21959,Spot,HMM,27.9,2.1,92.87,612656.0,476760.0,16656.0,119240.0,19866.67,15892,19.46
V010,Corinthian Max,Post-Panamax,11,8000,2024-05-01,2024,5,24652,Time Charter,HMM,28.6,1.4,95.22,705047.0,466590.0,0.0,238457.0,23501.57,15553,33.82
V010,Corinthian Max,Post-Panamax,11,8000,2024-06-01,2024,6,28833,Time Charter,Pacific International Lines,28.6,1.4,95.4,824624.0,465720.0,0.0,358904.0,27487.47,15524,43.52
V010,Corinthian Max,Post-Panamax,11,8000,2024-07-01,2024,7,23303,Time Charter,Evergreen Marine,27.5,2.5,91.57,640832.0,471570.0,0.0,169262.0,21361.07,15719,26.41
V010,Corinthian Max,Post-Panamax,11,8000,2024-08-01,2024,8,25192,Time Charter,Sinokor Merchant Marine,27.5,2.5,91.79,692780.0,484710.0,0.0,208070.0,23092.67,16157,30.03
V010,Corinthian Max,Post-Panamax,11,8000,2024-09-01,2024,9,25293,Time Charter,CMA CGM,27.6,2.4,92.04,698087.0,474900.0,0.0,223187.0,23269.57,15830,31.97
V010,Corinthian Max,Post-Panamax,11,8000,2024-10-01,2024,10,23364,Spot,Evergreen Marine,27.6,2.4,91.85,644846.0,479160.0,13476.0,152210.0,21045.67,15972,23.6
V010,Corinthian Max,Post-Panamax,11,8000,2024-11-01,2024,11,24327,Time Charter,Pacific International Lines,28.1,1.9,93.81,683589.0,478110.0,0.0,205479.0,22786.3,15937,30.06
V010,Corinthian Max,Post-Panamax,11,8000,2024-12-01,2024,12,25920,Spot,Sinokor Merchant Marine,27.8,2.2,92.78,720576.0,469020.0,20730.0,230826.0,23328.2,15634,32.03
V011,Delphi Express,Post-Panamax,1,8500,2015-01-01,2015,1,6459,Time Charter,Yang Ming,25.9,4.1,86.23,167288.0,402780.0,0.0,-235492.0,5576.27,13426,-140.77
V011,Delphi Express,Post-Panamax,1,8500,2015-02-01,2015,2,6598,Spot,KMTC,26.1,3.9,86.98,172208.0,377100.0,18764.0,-223656.0,5114.8,12570,-129.88
V011,Delphi Express,Post-Panamax,1,8500,2015-03-01,2015,3,7337,Time Charter,Evergreen Marine,26.0,4.0,86.82,190762.0,384780.0,0.0,-194018.0,6358.73,12826,-101.71
V011,Delphi Express,Post-Panamax,1,8500,2015-04-01,2015,4,6021,Time Charter,Zim Integrated Shipping,26.2,3.8,87.47,157750.0,384390.0,0.0,-226640.0,5258.33,12813,-143.67
V011,Delphi Express,Post-Panamax,1,8500,2015-05-01,2015,5,6252,Time Charter,Sinokor Merchant Marine,25.8,4.2,86.07,161302.0,375810.0,0.0,-214508.0,5376.73,12527,-132.99
V011,Delphi Express,Post-Panamax,1,8500,2015-06-01,2015,6,6747,Time Charter,Hapag-Lloyd,26.3,3.7,87.55,177446.0,377010.0,0.0,-199564.0,5914.87,12567,-112.46
V011,Delphi Express,Post-Panamax,1,8500,2015-07-01,2015,7,6856,Spot,KMTC,26.8,3.2,89.38,183741.0,386340.0,22040.0,-224639.0,5390.03,12878,-122.26
V011,Delphi Express,Post-Panamax,1,8500,2015-08-01,2015,8,6474,Spot,MSC,25.9,4.1,86.36,167677.0,398820.0,18762.0,-249905.0,4963.83,13294,-149.04
V011,Delphi Express,Post-Panamax,1,8500,2015-09-01,2015,9,7082,Time Charter,Yang Ming,26.4,3.6,88.12,186965.0,394530.0,0.0,-207565.0,6232.17,13151,-111.02
V011,Delphi Express,Post-Panamax,1,8500,2015-10-01,2015,10,6510,Time Charter,MSC,26.4,3.6,88.15,171864.0,378600.0,0.0,-206736.0,5728.8,12620,-120.29
V011,Delphi Express,Post-Panamax,1,8500,2015-11-01,2015,11,7499,Time Charter,CMA CGM,26.7,3.3,89.03,200223.0,380220.0,0.0,-179997.0,6674.1,12674,-89.9
V011,Delphi Express,Post-Panamax,1,8500,2015-12-01,2015,12,6699,Time Charter,KMTC,25.8,4.2,85.97,172834.0,370500.0,0.0,-197666.0,5761.13,12350,-114.37
V011,Delphi Express,Post-Panamax,2,8500,2016-01-01,2016,1,6975,Time Charter,COSCO Shipping,25.0,5.0,83.22,174375.0,397230.0,0.0,-222855.0,5812.5,13241,-127.8
V011,Delphi Express,Post-Panamax,2,8500,2016-02-01,2016,2,6189,Time Charter,Sinokor Merchant Marine,23.9,6.1,79.81,147917.0,396240.0,0.0,-248323.0,4930.57,13208,-167.88
V011,Delphi Express,Post-Panamax,2,8500,2016-03-01,2016,3,6957,Time Charter,Wan Hai Lines,24.3,5.7,80.96,169055.0,416100.0,0.0,-247045.0,5635.17,13870,-146.13
V011,Delphi Express,Post-Panamax,2,8500,2016-04-01,2016,4,6686,Time Charter,Zim Integrated Shipping,26.2,3.8,87.34,175173.0,396240.0,0.0,-221067.0,5839.1,13208,-126.2
V011,Delphi Express,Post-Panamax,2,8500,2016-05-01,2016,5,6957,Time Charter,Wan Hai Lines,26.4,3.6,87.91,183665.0,380100.0,0.0,-196435.0,6122.17,12670,-106.95
V011,Delphi Express,Post-Panamax,2,8500,2016-06-01,2016,6,6562,Spot,ONE (Ocean Network Express),26.7,3.3,88.88,175205.0,385590.0,23078.0,-233463.0,5070.9,12853,-133.25
V011,Delphi Express,Post-Panamax,2,8500,2016-07-01,2016,7,7267,Time Charter,Sinokor Merchant Marine,26.6,3.4,88.6,193302.0,390630.0,0.0,-197328.0,6443.4,13021,-102.08
V011,Delphi Express,Post-Panamax,2,8500,2016-08-01,2016,8,6831,Spot,KMTC,26.3,3.7,87.81,179655.0,400080.0,19175.0,-239600.0,5349.33,13336,-133.37
V011,Delphi Express,Post-Panamax,2,8500,2016-09-01,2016,9,7154,Time Charter,HMM,26.5,3.5,88.23,189581.0,399780.0,0.0,-210199.0,6319.37,13326,-110.88
V011,Delphi Express,Post-Panamax,2,8500,2016-10-01,2016,10,6646,Spot,Hapag-Lloyd,26.9,3.1,89.62,178777.0,401490.0,19292.0,-242005.0,5316.17,13383,-135.37
V011,Delphi Express,Post-Panamax,2,8500,2016-11-01,2016,11,6020,Time Charter,MSC,26.3,3.7,87.59,158326.0,396060.0,0.0,-237734.0,5277.53,13202,-150.15
V011,Delphi Express,Post-Panamax,2,8500,2016-12-01,2016,12,6840,Time Charter,KMTC,26.9,3.1,89.54,183996.0,392310.0,0.0,-208314.0,6133.2,13077,-113.22
V011,Delphi Express,Post-Panamax,3,8500,2017-01-01,2017,1,5737,Time Charter,ONE (Ocean Network Express),26.0,4.0,86.77,149162.0,406890.0,0.0,-257728.0,4972.07,13563,-172.78
V011,Delphi Express,Post-Panamax,3,8500,2017-02-01,2017,2,6195,Spot,Maersk Line,26.3,3.7,87.68,162928.0,412440.0,23396.0,-272908.0,4651.07,13748,-167.5
V011,Delphi Express,Post-Panamax,3,8500,2017-03-01,2017,3,6042,Time Charter,Evergreen Marine,26.8,3.2,89.19,161926.0,390150.0,0.0,-228224.0,5397.53,13005,-140.94
V011,Delphi Express,Post-Panamax,3,8500,2017-04-01,2017,4,5195,Time Charter,HMM,26.4,3.6,87.96,137148.0,401040.0,0.0,-263892.0,4571.6,13368,-192.41
V011,Delphi Express,Post-Panamax,3,8500,2017-05-01,2017,5,6642,Time Charter,MSC,26.6,3.4,88.58,176677.0,405990.0,0.0,-229313.0,5889.23,13533,-129.79
V011,Delphi Express,Post-Panamax,3,8500,2017-06-01,2017,6,7039,Time Charter,Yang Ming,26.6,3.4,88.68,187237.0,405150.0,0.0,-217913.0,6241.23,13505,-116.38
V011,Delphi Express,Post-Panamax,3,8500,2017-07-01,2017,7,7644,Time Charter,Hapag-Lloyd,26.3,3.7,87.7,201037.0,389160.0,0.0,-188123.0,6701.23,12972,-93.58
V011,Delphi Express,Post-Panamax,3,8500,2017-08-01,2017,8,7787,Time Charter,Wan Hai Lines,26.0,4.0,86.66,202462.0,417270.0,0.0,-214808.0,6748.73,13909,-106.1
V011,Delphi Express,Post-Panamax,3,8500,2017-09-01,2017,9,6647,Time Charter,Zim Integrated Shipping,25.9,4.1,86.46,172157.0,409620.0,0.0,-237463.0,5738.57,13654,-137.93
V011,Delphi Express,Post-Panamax,3,8500,2017-10-01,2017,10,7629,Time Charter,Wan Hai Lines,25.9,4.1,86.42,197591.0,407460.0,0.0,-209869.0,6586.37,13582,-106.21
V011,Delphi Express,Post-Panamax,3,8500,2017-11-01,2017,11,7127,Spot,Evergreen Marine,26.4,3.6,88.12,188153.0,405480.0,17245.0,-234572.0,5696.93,13516,-124.67
V011,Delphi Express,Post-Panamax,3,8500,2017-12-01,2017,12,8563,Time Charter,PIL,26.9,3.1,89.75,230345.0,406560.0,0.0,-176215.0,7678.17,13552,-76.5
V011,Delphi Express,Post-Panamax,4,8500,2018-01-01,2018,1,6725,Time Charter,ONE (Ocean Network Express),26.9,3.1,89.52,180902.0,424230.0,0.0,-243328.0,6030.07,14141,-134.51
V011,Delphi Express,Post-Panamax,4,8500,2018-02-01,2018,2,8634,Spot,Sinokor Merchant Marine,26.6,3.4,88.67,229664.0,416760.0,13742.0,-200838.0,7197.4,13892,-87.45
V011,Delphi Express,Post-Panamax,4,8500,2018-03-01,2018,3,7628,Spot,Wan Hai Lines,25.9,4.1,86.25,197565.0,402300.0,12374.0,-217109.0,6173.03,13410,-109.89
V011,Delphi Express,Post-Panamax,4,8500,2018-04-01,2018,4,9457,Time Charter,Hapag-Lloyd,26.9,3.1,89.83,254393.0,417120.0,0.0,-162727.0,8479.77,13904,-63.97
V011,Delphi Express,Post-Panamax,4,8500,2018-05-01,2018,5,8375,Spot,MSC,26.0,4.0,86.71,217750.0,414660.0,21817.0,-218727.0,6531.1,13822,-100.45
V011,Delphi Express,Post-Panamax,4,8500,2018-06-01,2018,6,7959,Time Charter,Wan Hai Lines,25.8,4.2,86.03,205342.0,404910.0,0.0,-199568.0,6844.73,13497,-97.19
V011,Delphi Express,Post-Panamax,4,8500,2018-07-01,2018,7,10290,Time Charter,COSCO Shipping,26.5,3.5,88.18,272685.0,416370.0,0.0,-143685.0,9089.5,13879,-52.69
V011,Delphi Express,Post-Panamax,4,8500,2018-08-01,2018,8,8850,Time Charter,Yang Ming,26.4,3.6,88.03,233640.0,419310.0,0.0,-185670.0,7788.0,13977,-79.47
V011,Delphi Express,Post-Panamax,4,8500,2018-09-01,2018,9,8711,Spot,Maersk Line,26.3,3.7,87.64,229099.0,411300.0,20064.0,-202265.0,6967.83,13710,-88.29
V011,Delphi Express,Post-Panamax,4,8500,2018-10-01,2018,10,11771,Spot,PIL,28.0,2.0,93.21,329588.0,402600.0,21153.0,-94165.0,10281.17,13420,-28.57
V011,Delphi Express,Post-Panamax,4,8500,2018-11-01,2018,11,9018,Time Charter,Pacific International Lines,26.0,4.0,86.67,234468.0,423420.0,0.0,-188952.0,7815.6,14114,-80.59
V011,Delphi Express,Post-Panamax,4,8500,2018-12-01,2018,12,11400,Time Charter,HMM,27.0,3.0,90.03,307800.0,405390.0,0.0,-97590.0,10260.0,13513,-31.71
V011,Delphi Express,Post-Panamax,5,8500,2019-01-01,2019,1,11025,Spot,Hapag-Lloyd,26.5,3.5,88.22,292162.0,426810.0,14769.0,-149417.0,9246.43,14227,-51.14
V011,Delphi Express,Post-Panamax,5,8500,2019-02-01,2019,2,10569,Time Charter,Pacific International Lines,27.5,2.5,91.62,290648.0,423180.0,0.0,-132532.0,9688.27,14106,-45.6
V011,Delphi Express,Post-Panamax,5,8500,2019-03-01,2019,3,10102,Time Charter,PIL,27.2,2.8,90.77,274774.0,428400.0,0.0,-153626.0,9159.13,14280,-55.91
V011,Delphi Express,Post-Panamax,5,8500,2019-04-01,2019,4,7425,Time Charter,COSCO Shipping,26.4,3.6,87.97,196020.0,427410.0,0.0,-231390.0,6534.0,14247,-118.04
V011,Delphi Express,Post-Panamax,5,8500,2019-05-01,2019,5,9353,Spot,Wan Hai Lines,26.5,3.5,88.46,247854.0,417000.0,13773.0,-182919.0,7802.7,13900,-73.8
V011,Delphi Express,Post-Panamax,5,8500,2019-06-01,2019,6,9228,Spot,MSC,26.4,3.6,88.0,243619.0,420660.0,12189.0,-189230.0,7714.33,14022,-77.67
V011,Delphi Express,Post-Panamax,5,8500,2019-07-01,2019,7,8453,Time Charter,Wan Hai Lines,26.5,3.5,88.35,224004.0,434100.0,0.0,-210096.0,7466.8,14470,-93.79
V011,Delphi Express,Post-Panamax,5,8500,2019-08-01,2019,8,8925,Time Charter,Sinokor Merchant Marine,26.2,3.8,87.49,233835.0,432240.0,0.0,-198405.0,7794.5,14408,-84.85
V011,Delphi Express,Post-Panamax,5,8500,2019-09-01,2019,9,7128,Spot,Yang Ming,26.6,3.4,88.63,189605.0,417960.0,16558.0,-244913.0,5768.23,13932,-129.17
V011,Delphi Express,Post-Panamax,5,8500,2019-10-01,2019,10,8490,Time Charter,Pacific International Lines,26.1,3.9,87.07,221589.0,432930.0,0.0,-211341.0,7386.3,14431,-95.38
V011,Delphi Express,Post-Panamax,5,8500,2019-11-01,2019,11,11290,Time Charter,Zim Integrated Shipping,26.8,3.2,89.23,302572.0,433620.0,0.0,-131048.0,10085.73,14454,-43.31
V011,Delphi Express,Post-Panamax,5,8500,2019-12-01,2019,12,9686,Time Charter,Evergreen Marine,26.0,4.0,86.6,251836.0,412860.0,0.0,-161024.0,8394.53,13762,-63.94
V011,Delphi Express,Post-Panamax,6,8500,2020-01-01,2020,1,8913,Time Charter,Wan Hai Lines,26.5,3.5,88.32,236194.0,431970.0,0.0,-195776.0,7873.13,14399,-82.89
V011,Delphi Express,Post-Panamax,6,8500,2020-02-01,2020,2,8105,Time Charter,ONE (Ocean Network Express),26.2,3.8,87.42,212351.0,432840.0,0.0,-220489.0,7078.37,14428,-103.83
V011,Delphi Express,Post-Panamax,6,8500,2020-03-01,2020,3,7237,Time Charter,MSC,26.2,3.8,87.32,189609.0,428160.0,0.0,-238551.0,6320.3,14272,-125.81
V011,Delphi Express,Post-Panamax,6,8500,2020-04-01,2020,4,9448,Time Charter,CMA CGM,26.5,3.5,88.48,250372.0,436560.0,0.0,-186188.0,8345.73,14552,-74.36
V011,Delphi Express,Post-Panamax,6,8500,2020-05-01,2020,5,7983,Time Charter,Maersk Line,26.4,3.6,88.14,210751.0,424080.0,0.0,-213329.0,7025.03,14136,-101.22
V011,Delphi Express,Post-Panamax,6,8500,2020-06-01,2020,6,8457,Time Charter,Maersk Line,26.9,3.1,89.75,227493.0,441990.0,0.0,-214497.0,7583.1,14733,-94.29
V011,Delphi Express,Post-Panamax,6,8500,2020-07-01,2020,7,10697,Time Charter,Evergreen Marine,27.1,2.9,90.28,289889.0,434040.0,0.0,-144151.0,9662.97,14468,-49.73
V011,Delphi Express,Post-Panamax,6,8500,2020-08-01,2020,8,11028,Time Charter,Yang Ming,27.8,2.2,92.73,306578.0,443610.0,0.0,-137032.0,10219.27,14787,-44.7
V011,Delphi Express,Post-Panamax,6,8500,2020-09-01,2020,9,11709,Time Charter,MSC,28.1,1.9,93.65,329023.0,438450.0,0.0,-109427.0,10967.43,14615,-33.26
V011,Delphi Express,Post-Panamax,6,8500,2020-10-01,2020,10,13073,Spot,MSC,28.6,1.4,95.17,373888.0,429960.0,19669.0,-75741.0,11807.3,14332,-20.26
V011,Delphi Express,Post-Panamax,6,8500,2020-11-01,2020,11,15185,Spot,COSCO Shipping,27.9,2.1,92.84,423662.0,432180.0,17099.0,-25617.0,13552.1,14406,-6.05
V011,Delphi Express,Post-Panamax,6,8500,2020-12-01,2020,12,17248,Spot,Pacific International Lines,28.0,2.0,93.27,482944.0,426480.0,17687.0,38777.0,15508.57,14216,8.03
V011,Delphi Express,Post-Panamax,7,8500,2021-01-01,2021,1,22922,Time Charter,HMM,27.5,2.5,91.66,630355.0,448590.0,0.0,181765.0,21011.83,14953,28.84
V011,Delphi Express,Post-Panamax,7,8500,2021-02-01,2021,2,27580,Spot,CMA CGM,28.6,1.4,95.36,788788.0,460020.0,23754.0,305014.0,25501.13,15334,38.67
V011,Delphi Express,Post-Panamax,7,8500,2021-03-01,2021,3,30968,Spot,ONE (Ocean Network Express),27.6,2.4,92.14,854717.0,454230.0,16527.0,383960.0,27939.67,15141,44.92
V011,Delphi Express,Post-Panamax,7,8500,2021-04-01,2021,4,35153,Time Charter,Yang Ming,28.2,1.8,93.87,991315.0,452790.0,0.0,538525.0,33043.83,15093,54.32
V011,Delphi Express,Post-Panamax,7,8500,2021-05-01,2021,5,41447,Time Charter,Hapag-Lloyd,28.5,1.5,94.94,1181240.0,447240.0,0.0,734000.0,39374.67,14908,62.14
V011,Delphi Express,Post-Panamax,7,8500,2021-06-01,2021,6,46701,Spot,Wan Hai Lines,29.2,0.8,97.2,1363669.0,452940.0,18682.0,892047.0,44832.9,15098,65.42
V011,Delphi Express,Post-Panamax,7,8500,2021-07-01,2021,7,61607,Spot,Zim Integrated Shipping,29.3,0.7,97.79,1805085.0,437100.0,22187.0,1345798.0,59429.93,14570,74.56
V011,Delphi Express,Post-Panamax,7,8500,2021-08-01,2021,8,76737,Spot,Zim Integrated Shipping,28.6,1.4,95.47,2194678.0,448470.0,17155.0,1729053.0,72584.1,14949,78.78
V011,Delphi Express,Post-Panamax,7,8500,2021-09-01,2021,9,82458,Time Charter,HMM,29.8,0.2,99.43,2457248.0,462120.0,0.0,1995128.0,81908.27,15404,81.19
V011,Delphi Express,Post-Panamax,7,8500,2021-10-01,2021,10,82877,Spot,ONE (Ocean Network Express),29.5,0.5,98.41,2444872.0,425790.0,20087.0,1998995.0,80826.17,14193,81.76
V011,Delphi Express,Post-Panamax,7,8500,2021-11-01,2021,11,106674,Spot,PIL,28.8,1.2,95.93,3072211.0,447240.0,23211.0,2601760.0,101633.33,14908,84.69
V011,Delphi Express,Post-Panamax,7,8500,2021-12-01,2021,12,111468,Spot,Zim Integrated Shipping,29.9,0.1,99.5,3332893.0,447270.0,24344.0,2861279.0,110284.97,14909,85.85
V011,Delphi Express,Post-Panamax,8,8500,2022-01-01,2022,1,107017,Spot,Zim Integrated Shipping,29.6,0.4,98.83,3167703.0,448800.0,13912.0,2704991.0,105126.37,14960,85.39
V011,Delphi Express,Post-Panamax,8,8500,2022-02-01,2022,2,124748,Time Charter,CMA CGM,29.9,0.1,99.5,3729965.0,472470.0,0.0,3257495.0,124332.17,15749,87.33
V011,Delphi Express,Post-Panamax,8,8500,2022-03-01,2022,3,139041,Spot,Pacific International Lines,29.9,0.1,99.5,4157326.0,461910.0,24046.0,3671370.0,137776.0,15397,88.31
V011,Delphi Express,Post-Panamax,8,8500,2022-04-01,2022,4,140890,Time Charter,ONE (Ocean Network Express),29.0,1.0,96.59,4085810.0,463320.0,0.0,3622490.0,136193.67,15444,88.66
V011,Delphi Express,Post-Panamax,8,8500,2022-05-01,2022,5,128410,Time Charter,Wan Hai Lines,29.0,1.0,96.57,3723890.0,458520.0,0.0,3265370.0,124129.67,15284,87.69
V011,Delphi Express,Post-Panamax,8,8500,2022-06-01,2022,6,103456,Time Charter,MSC,29.7,0.3,98.93,3072643.0,452550.0,0.0,2620093.0,102421.43,15085,85.27
V011,Delphi Express,Post-Panamax,8,8500,2022-07-01,2022,7,104958,Spot,Sinokor Merchant Marine,29.3,0.7,97.79,3075269.0,458010.0,18398.0,2598861.0,101895.7,15267,84.51
V011,Delphi Express,Post-Panamax,8,8500,2022-08-01,2022,8,79888,Spot,Yang Ming,29.5,0.5,98.2,2356696.0,475050.0,15357.0,1866289.0,78044.63,15835,79.19
V011,Delphi Express,Post-Panamax,8,8500,2022-09-01,2022,9,62313,Time Charter,PIL,28.9,1.1,96.28,1800846.0,453330.0,0.0,1347516.0,60028.2,15111,74.83
V011,Delphi Express,Post-Panamax,8,8500,2022-10-01,2022,10,51632,Time Charter,ONE (Ocean Network Express),29.4,0.6,97.94,1517981.0,465810.0,0.0,1052171.0,50599.37,15527,69.31
V011,Delphi Express,Post-Panamax,8,8500,2022-11-01,2022,11,48914,Time Charter,Evergreen Marine,28.6,1.4,95.42,1398940.0,464250.0,0.0,934690.0,46631.33,15475,66.81
V011,Delphi Express,Post-Panamax,8,8500,2022-12-01,2022,12,39103,Time Charter,Maersk Line,29.3,0.7,97.63,1145718.0,462390.0,0.0,683328.0,38190.6,15413,59.64
V011,Delphi Express,Post-Panamax,9,8500,2023-01-01,2023,1,26867,Spot,Zim Integrated Shipping,28.4,1.6,94.63,763023.0,473340.0,17969.0,271714.0,24835.13,15778,35.61
V011,Delphi Express,Post-Panamax,9,8500,2023-02-01,2023,2,20390,Time Charter,Hapag-Lloyd,27.9,2.1,92.96,568881.0,470910.0,0.0,97971.0,18962.7,15697,17.22
V011,Delphi Express,Post-Panamax,9,8500,2023-03-01,2023,3,22755,Time Charter,COSCO Shipping,28.1,1.9,93.61,639416.0,476550.0,0.0,162866.0,21313.87,15885,25.47
V011,Delphi Express,Post-Panamax,9,8500,2023-04-01,2023,4,18812,Time Charter,Yang Ming,28.1,1.9,93.58,528617.0,463230.0,0.0,65387.0,17620.57,15441,12.37
V011,Delphi Express,Post-Panamax,9,8500,2023-05-01,2023,5,17925,Time Charter,Yang Ming,27.8,2.2,92.69,498315.0,465570.0,0.0,32745.0,16610.5,15519,6.57
V011,Delphi Express,Post-Panamax,9,8500,2023-06-01,2023,6,17433,Time Charter,COSCO Shipping,28.0,2.0,93.31,488124.0,472980.0,0.0,15144.0,16270.8,15766,3.1
V011,Delphi Express,Post-Panamax,9,8500,2023-07-01,2023,7,16523,Time Charter,Sinokor Merchant Marine,27.5,2.5,91.67,454382.0,457260.0,0.0,-2878.0,15146.07,15242,-0.63
V011,Delphi Express,Post-Panamax,9,8500,2023-08-01,2023,8,14884,Spot,Hapag-Lloyd,28.2,1.8,93.9,419729.0,465840.0,24740.0,-70851.0,13166.3,15528,-16.88
V011,Delphi Express,Post-Panamax,9,8500,2023-09-01,2023,9,20298,Spot,MSC,27.4,2.6,91.36,556165.0,484470.0,18404.0,53291.0,17925.37,16149,9.58
V011,Delphi Express,Post-Panamax,9,8500,2023-10-01,2023,10,19202,Time Charter,Wan Hai Lines,27.6,2.4,92.15,529975.0,465600.0,0.0,64375.0,17665.83,15520,12.15
V011,Delphi Express,Post-Panamax,9,8500,2023-11-01,2023,11,22192,Time Charter,Hapag-Lloyd,28.2,1.8,94.1,625814.0,471960.0,0.0,153854.0,20860.47,15732,24.58
V011,Delphi Express,Post-Panamax,9,8500,2023-12-01,2023,12,19946,Time Charter,HMM,27.5,2.5,91.52,548515.0,463410.0,0.0,85105.0,18283.83,15447,15.52
V011,Delphi Express,Post-Panamax,10,8500,2024-01-01,2024,1,20640,Time Charter,Pacific International Lines,28.1,1.9,93.72,579984.0,494130.0,0.0,85854.0,19332.8,16471,14.8
V011,Delphi Express,Post-Panamax,10,8500,2024-02-01,2024,2,23351,Time Charter,Wan Hai Lines,27.5,2.5,91.59,642152.0,471000.0,0.0,171152.0,21405.07,15700,26.65
V011,Delphi Express,Post-Panamax,10,8500,2024-03-01,2024,3,19453,Spot,Hapag-Lloyd,27.9,2.1,92.86,542739.0,470040.0,16274.0,56425.0,17548.83,15668,10.4
V011,Delphi Express,Post-Panamax,10,8500,2024-04-01,2024,4,24307,Time Charter,Maersk Line,27.9,2.1,92.96,678165.0,463950.0,0.0,214215.0,22605.5,15465,31.59
V011,Delphi Express,Post-Panamax,10,8500,2024-05-01,2024,5,23353,Spot,ONE (Ocean Network Express),28.1,1.9,93.68,656219.0,474150.0,20234.0,161835.0,21199.5,15805,24.66
V011,Delphi Express,Post-Panamax,10,8500,2024-06-01,2024,6,30935,Time Charter,Evergreen Marine,28.5,1.5,95.12,881648.0,477210.0,0.0,404438.0,29388.27,15907,45.87
V011,Delphi Express,Post-Panamax,10,8500,2024-07-01,2024,7,24548,Time Charter,COSCO Shipping,28.1,1.9,93.53,689799.0,480480.0,0.0,209319.0,22993.3,16016,30.34
V011,Delphi Express,Post-Panamax,10,8500,2024-08-01,2024,8,24618,Time Charter,MSC,27.3,2.7,91.09,672071.0,460170.0,0.0,211901.0,22402.37,15339,31.53
V011,Delphi Express,Post-Panamax,10,8500,2024-09-01,2024,9,23951,Time Charter,Sinokor Merchant Marine,28.1,1.9,93.57,673023.0,478110.0,0.0,194913.0,22434.1,15937,28.96
V011,Delphi Express,Post-Panamax,10,8500,2024-10-01,2024,10,21971,Time Charter,Sinokor Merchant Marine,28.1,1.9,93.78,617385.0,480870.0,0.0,136515.0,20579.5,16029,22.11
V011,Delphi Express,Post-Panamax,10,8500,2024-11-01,2024,11,21227,Time Charter,Yang Ming,27.5,2.5,91.74,583742.0,476730.0,0.0,107012.0,19458.07,15891,18.33
V011,Delphi Express,Post-Panamax,10,8500,2024-12-01,2024,12,20329,Time Charter,MSC,28.1,1.9,93.75,571245.0,472680.0,0.0,98565.0,19041.5,15756,17.25
V012,Marathon Giant,Post-Panamax,1,9000,2016-01-01,2016,1,6166,Time Charter,Wan Hai Lines,24.7,5.3,82.27,152300.0,385590.0,0.0,-233290.0,5076.67,12853,-153.18
V012,Marathon Giant,Post-Panamax,1,9000,2016-02-01,2016,2,7297,Spot,COSCO Shipping,24.7,5.3,82.21,180236.0,382410.0,15122.0,-217296.0,5503.8,12747,-120.56
V012,Marathon Giant,Post-Panamax,1,9000,2016-03-01,2016,3,6387,Spot,Wan Hai Lines,24.4,5.6,81.45,155843.0,385320.0,12986.0,-242463.0,4761.9,12844,-155.58
V012,Marathon Giant,Post-Panamax,1,9000,2016-04-01,2016,4,6600,Time Charter,Wan Hai Lines,26.6,3.4,88.72,175560.0,396630.0,0.0,-221070.0,5852.0,13221,-125.92
V012,Marathon Giant,Post-Panamax,1,9000,2016-05-01,2016,5,6315,Time Charter,PIL,26.5,3.5,88.34,167348.0,391800.0,0.0,-224452.0,5578.27,13060,-134.12
V012,Marathon Giant,Post-Panamax,1,9000,2016-06-01,2016,6,6013,Time Charter,Maersk Line,26.2,3.8,87.21,157541.0,370080.0,0.0,-212539.0,5251.37,12336,-134.91
V012,Marathon Giant,Post-Panamax,1,9000,2016-07-01,2016,7,6241,Time Charter,Maersk Line,26.6,3.4,88.77,166011.0,402000.0,0.0,-235989.0,5533.7,13400,-142.15
V012,Marathon Giant,Post-Panamax,1,9000,2016-08-01,2016,8,6240,Time Charter,KMTC,26.6,3.4,88.67,165984.0,383430.0,0.0,-217446.0,5532.8,12781,-131.0
V012,Marathon Giant,Post-Panamax,1,9000,2016-09-01,2016,9,6776,Time Charter,Hapag-Lloyd,26.2,3.8,87.24,177531.0,399240.0,0.0,-221709.0,5917.7,13308,-124.88
V012,Marathon Giant,Post-Panamax,1,9000,2016-10-01,2016,10,7369,Time Charter,COSCO Shipping,26.5,3.5,88.29,195278.0,387420.0,0.0,-192142.0,6509.27,12914,-98.39
V012,Marathon Giant,Post-Panamax,1,9000,2016-11-01,2016,11,6564,Time Charter,CMA CGM,26.1,3.9,87.0,171320.0,413400.0,0.0,-242080.0,5710.67,13780,-141.3
V012,Marathon Giant,Post-Panamax,1,9000,2016-12-01,2016,12,6438,Spot,KMTC,26.6,3.4,88.66,171251.0,411180.0,13675.0,-253604.0,5252.53,13706,-148.09
V012,Marathon Giant,Post-Panamax,2,9000,2017-01-01,2017,1,5918,Time Charter,PIL,26.4,3.6,88.0,156235.0,403740.0,0.0,-247505.0,5207.83,13458,-158.42
V012,Marathon Giant,Post-Panamax,2,9000,2017-02-01,2017,2,4861,Time Charter,COSCO Shipping,26.8,3.2,89.31,130275.0,404610.0,0.0,-274335.0,4342.5,13487,-210.58
V012,Marathon Giant,Post-Panamax,2,9000,2017-03-01,2017,3,7109,Time Charter,MSC,25.7,4.3,85.7,182701.0,402180.0,0.0,-219479.0,6090.03,13406,-120.13
V012,Marathon Giant,Post-Panamax,2,9000,2017-04-01,2017,4,6840,Spot,Sinokor Merchant Marine,26.3,3.7,87.73,179892.0,406380.0,13665.0,-240153.0,5540.9,13546,-133.5
V012,Marathon Giant,Post-Panamax,2,9000,2017-05-01,2017,5,4599,Time Charter,KMTC,26.9,3.1,89.53,123713.0,407280.0,0.0,-283567.0,4123.77,13576,-229.21
V012,Marathon Giant,Post-Panamax,2,9000,2017-06-01,2017,6,6871,Time Charter,HMM,26.1,3.9,87.02,179333.0,393900.0,0.0,-214567.0,5977.77,13130,-119.65
V012,Marathon Giant,Post-Panamax,2,9000,2017-07-01,2017,7,4950,Time Charter,COSCO Shipping,26.8,3.2,89.39,132660.0,404610.0,0.0,-271950.0,4422.0,13487,-205.0
V012,Marathon Giant,Post-Panamax,2,9000,2017-08-01,2017,8,6370,Spot,PIL,26.3,3.7,87.64,167531.0,387330.0,13975.0,-233774.0,5118.53,12911,-139.54
V012,Marathon Giant,Post-Panamax,2,9000,2017-09-01,2017,9,7215,Time Charter,COSCO Shipping,27.0,3.0,89.95,194805.0,408090.0,0.0,-213285.0,6493.5,13603,-109.49
V012,Marathon Giant,Post-Panamax,2,9000,2017-10-01,2017,10,7714,Time Charter,Sinokor Merchant Marine,26.3,3.7,87.62,202878.0,388050.0,0.0,-185172.0,6762.6,12935,-91.27
V012,Marathon Giant,Post-Panamax,2,9000,2017-11-01,2017,11,7980,Time Charter,Sinokor Merchant Marine,26.4,3.6,88.06,210672.0,395970.0,0.0,-185298.0,7022.4,13199,-87.96
V012,Marathon Giant,Post-Panamax,2,9000,2017-12-01,2017,12,8456,Time Charter,COSCO Shipping,26.4,3.6,87.98,223238.0,409050.0,0.0,-185812.0,7441.27,13635,-83.23
V012,Marathon Giant,Post-Panamax,3,9000,2018-01-01,2018,1,8042,Time Charter,Hapag-Lloyd,26.6,3.4,88.71,213917.0,421770.0,0.0,-207853.0,7130.57,14059,-97.17
V012,Marathon Giant,Post-Panamax,3,9000,2018-02-01,2018,2,8698,Spot,KMTC,26.5,3.5,88.32,230497.0,422100.0,13805.0,-205408.0,7223.07,14070,-89.12
V012,Marathon Giant,Post-Panamax,3,9000,2018-03-01,2018,3,7681,Spot,CMA CGM,26.4,3.6,88.14,202778.0,418710.0,20331.0,-236263.0,6081.57,13957,-116.51
V012,Marathon Giant,Post-Panamax,3,9000,2018-04-01,2018,4,7644,Spot,KMTC,26.4,3.6,88.07,201802.0,423630.0,14364.0,-236192.0,6247.93,14121,-117.04
V012,Marathon Giant,Post-Panamax,3,9000,2018-05-01,2018,5,8981,Time Charter,Pacific International Lines,26.4,3.6,87.89,237098.0,416280.0,0.0,-179182.0,7903.27,13876,-75.57
V012,Marathon Giant,Post-Panamax,3,9000,2018-06-01,2018,6,8754,Time Charter,PIL,26.1,3.9,86.98,228479.0,408390.0,0.0,-179911.0,7615.97,13613,-78.74
V012,Marathon Giant,Post-Panamax,3,9000,2018-07-01,2018,7,9212,Time Charter,Maersk Line,26.4,3.6,88.12,243197.0,411660.0,0.0,-168463.0,8106.57,13722,-69.27
V012,Marathon Giant,Post-Panamax,3,9000,2018-08-01,2018,8,11198,Spot,Evergreen Marine,26.3,3.7,87.67,294507.0,405240.0,16494.0,-127227.0,9267.1,13508,-43.2
V012,Marathon Giant,Post-Panamax,3,9000,2018-09-01,2018,9,12024,Spot,Sinokor Merchant Marine,26.5,3.5,88.29,318636.0,404190.0,23658.0,-109212.0,9832.6,13473,-34.27
V012,Marathon Giant,Post-Panamax,3,9000,2018-10-01,2018,10,11694,Time Charter,CMA CGM,27.7,2.3,92.36,323924.0,413640.0,0.0,-89716.0,10797.47,13788,-27.7
V012,Marathon Giant,Post-Panamax,3,9000,2018-11-01,2018,11,8909,Time Charter,CMA CGM,26.2,3.8,87.22,233416.0,420960.0,0.0,-187544.0,7780.53,14032,-80.35
V012,Marathon Giant,Post-Panamax,3,9000,2018-12-01,2018,12,10579,Time Charter,HMM,28.5,1.5,94.94,301502.0,415350.0,0.0,-113848.0,10050.07,13845,-37.76
V012,Marathon Giant,Post-Panamax,4,9000,2019-01-01,2019,1,10454,Time Charter,Evergreen Marine,26.8,3.2,89.24,280167.0,429300.0,0.0,-149133.0,9338.9,14310,-53.23
V012,Marathon Giant,Post-Panamax,4,9000,2019-02-01,2019,2,11027,Spot,KMTC,28.3,1.7,94.38,312064.0,424230.0,18162.0,-130328.0,9796.73,14141,-41.76
V012,Marathon Giant,Post-Panamax,4,9000,2019-03-01,2019,3,8393,Time Charter,CMA CGM,27.1,2.9,90.27,227450.0,418620.0,0.0,-191170.0,7581.67,13954,-84.05
V012,Marathon Giant,Post-Panamax,4,9000,2019-04-01,2019,4,7755,Time Charter,MSC,26.0,4.0,86.74,201630.0,419820.0,0.0,-218190.0,6721.0,13994,-108.21
V012,Marathon Giant,Post-Panamax,4,9000,2019-05-01,2019,5,9465,Time Charter,Wan Hai Lines,26.2,3.8,87.22,247983.0,404730.0,0.0,-156747.0,8266.1,13491,-63.21
V012,Marathon Giant,Post-Panamax,4,9000,2019-06-01,2019,6,10415,Spot,Sinokor Merchant Marine,25.9,4.1,86.43,269748.0,432660.0,20678.0,-183590.0,8302.33,14422,-68.06
V012,Marathon Giant,Post-Panamax,4,9000,2019-07-01,2019,7,9683,Time Charter,Maersk Line,26.4,3.6,87.84,255631.0,409230.0,0.0,-153599.0,8521.03,13641,-60.09
V012,Marathon Giant,Post-Panamax,4,9000,2019-08-01,2019,8,7441,Time Charter,CMA CGM,26.6,3.4,88.68,197931.0,426180.0,0.0,-228249.0,6597.7,14206,-115.32
V012,Marathon Giant,Post-Panamax,4,9000,2019-09-01,2019,9,8455,Time Charter,Maersk Line,26.4,3.6,88.1,223212.0,424800.0,0.0,-201588.0,7440.4,14160,-90.31
V012,Marathon Giant,Post-Panamax,4,9000,2019-10-01,2019,10,10970,Time Charter,Hapag-Lloyd,26.6,3.4,88.73,291802.0,428940.0,0.0,-137138.0,9726.73,14298,-47.0
V012,Marathon Giant,Post-Panamax,4,9000,2019-11-01,2019,11,7755,Time Charter,KMTC,26.1,3.9,87.07,202406.0,440310.0,0.0,-237904.0,6746.87,14677,-117.54
V012,Marathon Giant,Post-Panamax,4,9000,2019-12-01,2019,12,8550,Spot,KMTC,26.9,3.1,89.82,229995.0,424050.0,14240.0,-208295.0,7191.83,14135,-90.57
V012,Marathon Giant,Post-Panamax,5,9000,2020-01-01,2020,1,9172,Time Charter,COSCO Shipping,27.2,2.8,90.82,249478.0,432840.0,0.0,-183362.0,8315.93,14428,-73.5
V012,Marathon Giant,Post-Panamax,5,9000,2020-02-01,2020,2,7729,Time Charter,PIL,26.4,3.6,87.84,204046.0,428070.0,0.0,-224024.0,6801.53,14269,-109.79
V012,Marathon Giant,Post-Panamax,5,9000,2020-03-01,2020,3,8362,Time Charter,Hapag-Lloyd,25.5,4.5,85.01,213231.0,439710.0,0.0,-226479.0,7107.7,14657,-106.21
V012,Marathon Giant,Post-Panamax,5,9000,2020-04-01,2020,4,7447,Time Charter,Maersk Line,26.7,3.3,89.07,198835.0,439350.0,0.0,-240515.0,6627.83,14645,-120.96
V012,Marathon Giant,Post-Panamax,5,9000,2020-05-01,2020,5,7180,Time Charter,CMA CGM,26.4,3.6,87.92,189552.0,416550.0,0.0,-226998.0,6318.4,13885,-119.76
V012,Marathon Giant,Post-Panamax,5,9000,2020-06-01,2020,6,8420,Time Charter,Evergreen Marine,26.2,3.8,87.25,220604.0,439710.0,0.0,-219106.0,7353.47,14657,-99.32
V012,Marathon Giant,Post-Panamax,5,9000,2020-07-01,2020,7,11533,Time Charter,Maersk Line,26.4,3.6,88.0,304471.0,436050.0,0.0,-131579.0,10149.03,14535,-43.22
V012,Marathon Giant,Post-Panamax,5,9000,2020-08-01,2020,8,13515,Spot,CMA CGM,27.9,2.1,93.02,377068.0,438750.0,14500.0,-76182.0,12085.6,14625,-20.2
V012,Marathon Giant,Post-Panamax,5,9000,2020-09-01,2020,9,13964,Spot,Zim Integrated Shipping,27.9,2.1,93.02,389596.0,438000.0,12531.0,-60935.0,12568.83,14600,-15.64
V012,Marathon Giant,Post-Panamax,5,9000,2020-10-01,2020,10,13488,Spot,ONE (Ocean Network Express),27.2,2.8,90.69,366874.0,429900.0,14196.0,-77222.0,11755.93,14330,-21.05
V012,Marathon Giant,Post-Panamax,5,9000,2020-11-01,2020,11,15096,Spot,HMM,28.0,2.0,93.38,422688.0,443940.0,15622.0,-36874.0,13568.87,14798,-8.72
V012,Marathon Giant,Post-Panamax,5,9000,2020-12-01,2020,12,18096,Spot,MSC,27.7,2.3,92.43,501259.0,442950.0,14301.0,44008.0,16231.93,14765,8.78
V012,Marathon Giant,Post-Panamax,6,9000,2021-01-01,2021,1,21043,Spot,Zim Integrated Shipping,27.9,2.1,92.9,587100.0,439980.0,13153.0,133967.0,19131.57,14666,22.82
V012,Marathon Giant,Post-Panamax,6,9000,2021-02-01,2021,2,27512,Time Charter,MSC,27.5,2.5,91.59,756580.0,454020.0,0.0,302560.0,25219.33,15134,39.99
V012,Marathon Giant,Post-Panamax,6,9000,2021-03-01,2021,3,29842,Time Charter,Yang Ming,27.7,2.3,92.48,826623.0,469950.0,0.0,356673.0,27554.1,15665,43.15
V012,Marathon Giant,Post-Panamax,6,9000,2021-04-01,2021,4,34071,Time Charter,Yang Ming,27.7,2.3,92.47,943767.0,438630.0,0.0,505137.0,31458.9,14621,53.52
V012,Marathon Giant,Post-Panamax,6,9000,2021-05-01,2021,5,42078,Time Charter,KMTC,29.5,0.5,98.47,1241301.0,456030.0,0.0,785271.0,41376.7,15201,63.26
V012,Marathon Giant,Post-Panamax,6,9000,2021-06-01,2021,6,52896,Time Charter,Hapag-Lloyd,28.8,1.2,95.84,1523405.0,446910.0,0.0,1076495.0,50780.17,14897,70.66
V012,Marathon Giant,Post-Panamax,6,9000,2021-07-01,2021,7,60742,Spot,HMM,29.8,0.2,99.28,1810112.0,455970.0,13568.0,1340574.0,59884.8,15199,74.06
V012,Marathon Giant,Post-Panamax,6,9000,2021-08-01,2021,8,76084,Time Charter,PIL,29.2,0.8,97.2,2221653.0,450150.0,0.0,1771503.0,74055.1,15005,79.74
V012,Marathon Giant,Post-Panamax,6,9000,2021-09-01,2021,9,85868,Time Charter,MSC,29.0,1.0,96.71,2490172.0,445770.0,0.0,2044402.0,83005.73,14859,82.1
V012,Marathon Giant,Post-Panamax,6,9000,2021-10-01,2021,10,96231,Time Charter,Yang Ming,29.1,0.9,97.15,2800322.0,430260.0,0.0,2370062.0,93344.07,14342,84.64
V012,Marathon Giant,Post-Panamax,6,9000,2021-11-01,2021,11,96896,Spot,HMM,28.8,1.2,96.15,2790605.0,438630.0,17990.0,2333985.0,92420.5,14621,83.64
V012,Marathon Giant,Post-Panamax,6,9000,2021-12-01,2021,12,115644,Spot,COSCO Shipping,29.5,0.5,98.46,3411498.0,431190.0,14682.0,2965626.0,113227.2,14373,86.93
V012,Marathon Giant,Post-Panamax,7,9000,2022-01-01,2022,1,116259,Time Charter,PIL,29.4,0.6,98.03,3418015.0,456930.0,0.0,2961085.0,113933.83,15231,86.63
V012,Marathon Giant,Post-Panamax,7,9000,2022-02-01,2022,2,118387,Time Charter,Maersk Line,29.4,0.6,98.0,3480578.0,454590.0,0.0,3025988.0,116019.27,15153,86.94
V012,Marathon Giant,Post-Panamax,7,9000,2022-03-01,2022,3,135280,Spot,Zim Integrated Shipping,29.5,0.5,98.2,3990760.0,442860.0,16736.0,3531164.0,132467.47,14762,88.48
V012,Marathon Giant,Post-Panamax,7,9000,2022-04-01,2022,4,139754,Time Charter,KMTC,29.9,0.1,99.5,4178645.0,438570.0,0.0,3740075.0,139288.17,14619,89.5
V012,Marathon Giant,Post-Panamax,7,9000,2022-05-01,2022,5,116320,Time Charter,Pacific International Lines,29.5,0.5,98.27,3431440.0,455640.0,0.0,2975800.0,114381.33,15188,86.72
V012,Marathon Giant,Post-Panamax,7,9000,2022-06-01,2022,6,112976,Spot,Sinokor Merchant Marine,29.3,0.7,97.71,3310197.0,437610.0,18544.0,2854043.0,109721.77,14587,86.22
V012,Marathon Giant,Post-Panamax,7,9000,2022-07-01,2022,7,95616,Spot,Wan Hai Lines,28.5,1.5,95.05,2725056.0,463920.0,20975.0,2240161.0,90136.03,15464,82.21
V012,Marathon Giant,Post-Panamax,7,9000,2022-08-01,2022,8,81727,Spot,HMM,29.3,0.7,97.81,2394601.0,454350.0,12511.0,1927740.0,79403.0,15145,80.5
V012,Marathon Giant,Post-Panamax,7,9000,2022-09-01,2022,9,60167,Spot,Evergreen Marine,29.1,0.9,97.08,1750860.0,457950.0,22392.0,1270518.0,57615.6,15265,72.57
V012,Marathon Giant,Post-Panamax,7,9000,2022-10-01,2022,10,55922,Time Charter,Yang Ming,28.7,1.3,95.75,1604961.0,452490.0,0.0,1152471.0,53498.7,15083,71.81
V012,Marathon Giant,Post-Panamax,7,9000,2022-11-01,2022,11,42255,Time Charter,Wan Hai Lines,29.5,0.5,98.21,1246522.0,442410.0,0.0,804112.0,41550.73,14747,64.51
V012,Marathon Giant,Post-Panamax,7,9000,2022-12-01,2022,12,39517,Time Charter,Maersk Line,29.5,0.5,98.41,1165752.0,459930.0,0.0,705822.0,38858.4,15331,60.55
V012,Marathon Giant,Post-Panamax,8,9000,2023-01-01,2023,1,24606,Spot,Maersk Line,28.7,1.3,95.76,706192.0,466170.0,20163.0,219859.0,22867.63,15539,31.13
V012,Marathon Giant,Post-Panamax,8,9000,2023-02-01,2023,2,22094,Time Charter,Yang Ming,27.8,2.2,92.76,614213.0,470370.0,0.0,143843.0,20473.77,15679,23.42
V012,Marathon Giant,Post-Panamax,8,9000,2023-03-01,2023,3,20801,Time Charter,Sinokor Merchant Marine,27.2,2.8,90.78,565787.0,483030.0,0.0,82757.0,18859.57,16101,14.63
V012,Marathon Giant,Post-Panamax,8,9000,2023-04-01,2023,4,20898,Spot,ONE (Ocean Network Express),27.5,2.5,91.63,574695.0,456720.0,13063.0,104912.0,18721.07,15224,18.26
V012,Marathon Giant,Post-Panamax,8,9000,2023-05-01,2023,5,16107,Time Charter,ONE (Ocean Network Express),27.7,2.3,92.42,446164.0,494100.0,0.0,-47936.0,14872.13,16470,-10.74
V012,Marathon Giant,Post-Panamax,8,9000,2023-06-01,2023,6,18929,Spot,Wan Hai Lines,27.9,2.1,92.87,528119.0,455100.0,23357.0,49662.0,16825.4,15170,9.4
V012,Marathon Giant,Post-Panamax,8,9000,2023-07-01,2023,7,17111,Time Charter,MSC,27.9,2.1,92.9,477397.0,464100.0,0.0,13297.0,15913.23,15470,2.79
V012,Marathon Giant,Post-Panamax,8,9000,2023-08-01,2023,8,18072,Spot,Yang Ming,28.2,1.8,93.92,509630.0,463200.0,23971.0,22459.0,16188.63,15440,4.41
V012,Marathon Giant,Post-Panamax,8,9000,2023-09-01,2023,9,20753,Time Charter,Zim Integrated Shipping,27.6,2.4,91.97,572783.0,461340.0,0.0,111443.0,19092.77,15378,19.46
V012,Marathon Giant,Post-Panamax,8,9000,2023-10-01,2023,10,19476,Spot,Pacific International Lines,27.0,3.0,90.1,525852.0,470820.0,12794.0,42238.0,17101.93,15694,8.03
V012,Marathon Giant,Post-Panamax,8,9000,2023-11-01,2023,11,22412,Time Charter,Yang Ming,27.8,2.2,92.76,623054.0,461280.0,0.0,161774.0,20768.47,15376,25.96
V012,Marathon Giant,Post-Panamax,8,9000,2023-12-01,2023,12,21779,Spot,MSC,27.6,2.4,92.05,601100.0,469500.0,15599.0,116001.0,19516.7,15650,19.3
V012,Marathon Giant,Post-Panamax,9,9000,2024-01-01,2024,1,22152,Spot,Pacific International Lines,27.7,2.3,92.49,613610.0,461460.0,22481.0,129669.0,19704.3,15382,21.13
V012,Marathon Giant,Post-Panamax,9,9000,2024-02-01,2024,2,22648,Spot,MSC,27.8,2.2,92.65,629614.0,481380.0,21727.0,126507.0,20262.9,16046,20.09
V012,Marathon Giant,Post-Panamax,9,9000,2024-03-01,2024,3,25090,Time Charter,Hapag-Lloyd,28.2,1.8,94.12,707538.0,472560.0,0.0,234978.0,23584.6,15752,33.21
V012,Marathon Giant,Post-Panamax,9,9000,2024-04-01,2024,4,23199,Time Charter,PIL,27.5,2.5,91.58,637972.0,484950.0,0.0,153022.0,21265.73,16165,23.99
V012,Marathon Giant,Post-Panamax,9,9000,2024-05-01,2024,5,23450,Time Charter,CMA CGM,27.7,2.3,92.45,649565.0,468060.0,0.0,181505.0,21652.17,15602,27.94
V012,Marathon Giant,Post-Panamax,9,9000,2024-06-01,2024,6,26852,Time Charter,MSC,28.0,2.0,93.49,751856.0,496260.0,0.0,255596.0,25061.87,16542,34.0
V012,Marathon Giant,Post-Panamax,9,9000,2024-07-01,2024,7,23788,Time Charter,CMA CGM,28.6,1.4,95.36,680337.0,481440.0,0.0,198897.0,22677.9,16048,29.24
V012,Marathon Giant,Post-Panamax,9,9000,2024-08-01,2024,8,26623,Time Charter,Evergreen Marine,27.7,2.3,92.37,737457.0,477450.0,0.0,260007.0,24581.9,15915,35.26
V012,Marathon Giant,Post-Panamax,9,9000,2024-09-01,2024,9,23094,Time Charter,PIL,28.4,1.6,94.72,655870.0,493050.0,0.0,162820.0,21862.33,16435,24.83
V012,Marathon Giant,Post-Panamax,9,9000,2024-10-01,2024,10,22191,Spot,Wan Hai Lines,27.9,2.1,93.11,619129.0,483690.0,14399.0,121040.0,20157.67,16123,19.55
V012,Marathon Giant,Post-Panamax,9,9000,2024-11-01,2024,11,23934,Spot,PIL,28.1,1.9,93.81,672545.0,463110.0,14722.0,194713.0,21927.43,15437,28.95
V012,Marathon Giant,Post-Panamax,9,9000,2024-12-01,2024,12,20449,Time Charter,HMM,27.9,2.1,92.85,570527.0,502260.0,0.0,68267.0,19017.57,16742,11.97
V013,Spartan Horizon,Post-Panamax,1,9500,2018-01-01,2018,1,6525,Spot,Zim Integrated Shipping,26.8,3.2,89.32,174870.0,408480.0,16816.0,-250426.0,5268.47,13616,-143.21
V013,Spartan Horizon,Post-Panamax,1,9500,2018-02-01,2018,2,9420,Time Charter,Hapag-Lloyd,25.8,4.2,86.0,243036.0,396720.0,0.0,-153684.0,8101.2,13224,-63.24
V013,Spartan Horizon,Post-Panamax,1,9500,2018-03-01,2018,3,6804,Spot,ONE (Ocean Network Express),26.8,3.2,89.45,182347.0,410850.0,18299.0,-246802.0,5468.27,13695,-135.35
V013,Spartan Horizon,Post-Panamax,1,9500,2018-04-01,2018,4,9681,Spot,PIL,26.3,3.7,87.72,254610.0,395340.0,20037.0,-160767.0,7819.1,13178,-63.14
V013,Spartan Horizon,Post-Panamax,1,9500,2018-05-01,2018,5,10238,Spot,HMM,26.6,3.4,88.63,272331.0,433620.0,16796.0,-178085.0,8517.83,14454,-65.39
V013,Spartan Horizon,Post-Panamax,1,9500,2018-06-01,2018,6,9931,Spot,Evergreen Marine,26.0,4.0,86.51,258206.0,407730.0,18013.0,-167537.0,8006.43,13591,-64.89
V013,Spartan Horizon,Post-Panamax,1,9500,2018-07-01,2018,7,10124,Time Charter,Yang Ming,26.3,3.7,87.78,266261.0,404850.0,0.0,-138589.0,8875.37,13495,-52.05
V013,Spartan Horizon,Post-Panamax,1,9500,2018-08-01,2018,8,7029,Time Charter,HMM,25.9,4.1,86.24,182051.0,425070.0,0.0,-243019.0,6068.37,14169,-133.49
V013,Spartan Horizon,Post-Panamax,1,9500,2018-09-01,2018,9,10182,Time Charter,PIL,26.9,3.1,89.79,273896.0,420390.0,0.0,-146494.0,9129.87,14013,-53.49
V013,Spartan Horizon,Post-Panamax,1,9500,2018-10-01,2018,10,11412,Time Charter,ONE (Ocean Network Express),27.6,2.4,91.91,314971.0,413130.0,0.0,-98159.0,10499.03,13771,-31.16
V013,Spartan Horizon,Post-Panamax,1,9500,2018-11-01,2018,11,10115,Spot,MSC,26.2,3.8,87.48,265013.0,406620.0,21717.0,-163324.0,8109.87,13554,-61.63
V013,Spartan Horizon,Post-Panamax,1,9500,2018-12-01,2018,12,10525,Time Charter,KMTC,28.4,1.6,94.58,298910.0,423060.0,0.0,-124150.0,9963.67,14102,-41.53
V013,Spartan Horizon,Post-Panamax,2,9500,2019-01-01,2019,1,9684,Time Charter,Zim Integrated Shipping,26.0,4.0,86.82,251784.0,418560.0,0.0,-166776.0,8392.8,13952,-66.24
V013,Spartan Horizon,Post-Panamax,2,9500,2019-02-01,2019,2,10045,Time Charter,MSC,27.5,2.5,91.71,276238.0,413940.0,0.0,-137702.0,9207.93,13798,-49.85
V013,Spartan Horizon,Post-Panamax,2,9500,2019-03-01,2019,3,10140,Time Charter,Sinokor Merchant Marine,26.1,3.9,87.01,264654.0,425010.0,0.0,-160356.0,8821.8,14167,-60.59
V013,Spartan Horizon,Post-Panamax,2,9500,2019-04-01,2019,4,8536,Time Charter,Wan Hai Lines,26.3,3.7,87.63,224497.0,426510.0,0.0,-202013.0,7483.23,14217,-89.98
V013,Spartan Horizon,Post-Panamax,2,9500,2019-05-01,2019,5,8021,Time Charter,Wan Hai Lines,26.5,3.5,88.39,212556.0,422130.0,0.0,-209574.0,7085.2,14071,-98.6
V013,Spartan Horizon,Post-Panamax,2,9500,2019-06-01,2019,6,9596,Spot,Pacific International Lines,26.9,3.1,89.51,258132.0,399060.0,12477.0,-153405.0,8188.5,13302,-59.43
V013,Spartan Horizon,Post-Panamax,2,9500,2019-07-01,2019,7,9222,Time Charter,KMTC,27.0,3.0,89.87,248994.0,438780.0,0.0,-189786.0,8299.8,14626,-76.22
V013,Spartan Horizon,Post-Panamax,2,9500,2019-08-01,2019,8,11680,Time Charter,HMM,27.1,2.9,90.41,316528.0,420180.0,0.0,-103652.0,10550.93,14006,-32.75
V013,Spartan Horizon,Post-Panamax,2,9500,2019-09-01,2019,9,9695,Time Charter,Zim Integrated Shipping,27.1,2.9,90.39,262734.0,436380.0,0.0,-173646.0,8757.8,14546,-66.09
V013,Spartan Horizon,Post-Panamax,2,9500,2019-10-01,2019,10,11273,Time Charter,Sinokor Merchant Marine,26.4,3.6,87.91,297607.0,436530.0,0.0,-138923.0,9920.23,14551,-46.68
V013,Spartan Horizon,Post-Panamax,2,9500,2019-11-01,2019,11,8383,Time Charter,COSCO Shipping,27.0,3.0,89.9,226341.0,431280.0,0.0,-204939.0,7544.7,14376,-90.54
V013,Spartan Horizon,Post-Panamax,2,9500,2019-12-01,2019,12,8310,Spot,ONE (Ocean Network Express),26.6,3.4,88.68,221046.0,433410.0,15282.0,-227646.0,6858.8,14447,-102.99
V013,Spartan Horizon,Post-Panamax,3,9500,2020-01-01,2020,1,9085,Time Charter,Yang Ming,26.4,3.6,88.07,239844.0,429540.0,0.0,-189696.0,7994.8,14318,-79.09
V013,Spartan Horizon,Post-Panamax,3,9500,2020-02-01,2020,2,7906,Spot,Pacific International Lines,26.5,3.5,88.47,209509.0,443520.0,21274.0,-255285.0,6274.5,14784,-121.85
V013,Spartan Horizon,Post-Panamax,3,9500,2020-03-01,2020,3,6594,Time Charter,COSCO Shipping,26.2,3.8,87.32,172763.0,445800.0,0.0,-273037.0,5758.77,14860,-158.04
V013,Spartan Horizon,Post-Panamax,3,9500,2020-04-01,2020,4,7845,Time Charter,ONE (Ocean Network Express),26.6,3.4,88.51,208677.0,447960.0,0.0,-239283.0,6955.9,14932,-114.67
V013,Spartan Horizon,Post-Panamax,3,9500,2020-05-01,2020,5,7352,Spot,Hapag-Lloyd,26.2,3.8,87.45,192622.0,436260.0,23638.0,-267276.0,5632.8,14542,-138.76
V013,Spartan Horizon,Post-Panamax,3,9500,2020-06-01,2020,6,9860,Time Charter,Sinokor Merchant Marine,25.2,4.8,83.85,248472.0,442500.0,0.0,-194028.0,8282.4,14750,-78.09
V013,Spartan Horizon,Post-Panamax,3,9500,2020-07-01,2020,7,8804,Spot,Yang Ming,26.0,4.0,86.66,228904.0,437760.0,18652.0,-227508.0,7008.4,14592,-99.39
V013,Spartan Horizon,Post-Panamax,3,9500,2020-08-01,2020,8,10411,Spot,ONE (Ocean Network Express),28.0,2.0,93.34,291508.0,432090.0,18917.0,-159499.0,9086.37,14403,-54.72
V013,Spartan Horizon,Post-Panamax,3,9500,2020-09-01,2020,9,12347,Time Charter,ONE (Ocean Network Express),28.5,1.5,94.97,351890.0,431850.0,0.0,-79960.0,11729.67,14395,-22.72
V013,Spartan Horizon,Post-Panamax,3,9500,2020-10-01,2020,10,13402,Time Charter,Zim Integrated Shipping,27.7,2.3,92.25,371235.0,439050.0,0.0,-67815.0,12374.5,14635,-18.27
V013,Spartan Horizon,Post-Panamax,3,9500,2020-11-01,2020,11,14486,Spot,MSC,27.8,2.2,92.54,402711.0,439830.0,13393.0,-50512.0,12977.27,14661,-12.54
V013,Spartan Horizon,Post-Panamax,3,9500,2020-12-01,2020,12,17249,Time Charter,Hapag-Lloyd,28.3,1.7,94.39,488147.0,436770.0,0.0,51377.0,16271.57,14559,10.52
V013,Spartan Horizon,Post-Panamax,4,9500,2021-01-01,2021,1,21213,Time Charter,ONE (Ocean Network Express),27.6,2.4,92.02,585479.0,441420.0,0.0,144059.0,19515.97,14714,24.61
V013,Spartan Horizon,Post-Panamax,4,9500,2021-02-01,2021,2,23205,Time Charter,Hapag-Lloyd,27.7,2.3,92.45,642778.0,452550.0,0.0,190228.0,21425.93,15085,29.59
V013,Spartan Horizon,Post-Panamax,4,9500,2021-03-01,2021,3,30621,Time Charter,Wan Hai Lines,27.9,2.1,92.94,854326.0,441990.0,0.0,412336.0,28477.53,14733,48.26
V013,Spartan Horizon,Post-Panamax,4,9500,2021-04-01,2021,4,37686,Spot,Evergreen Marine,28.0,2.0,93.35,1055208.0,450000.0,17816.0,587392.0,34579.73,15000,55.67
V013,Spartan Horizon,Post-Panamax,4,9500,2021-05-01,2021,5,46602,Spot,Hapag-Lloyd,29.6,0.4,98.7,1379419.0,450840.0,18924.0,909655.0,45349.83,15028,65.94
V013,Spartan Horizon,Post-Panamax,4,9500,2021-06-01,2021,6,50513,Time Charter,CMA CGM,29.4,0.6,97.87,1485082.0,436620.0,0.0,1048462.0,49502.73,14554,70.6
V013,Spartan Horizon,Post-Panamax,4,9500,2021-07-01,2021,7,66321,Spot,Wan Hai Lines,28.8,1.2,95.99,1910045.0,455310.0,15152.0,1439583.0,63163.1,15177,75.37
V013,Spartan Horizon,Post-Panamax,4,9500,2021-08-01,2021,8,76296,Spot,Pacific International Lines,29.4,0.6,98.0,2243102.0,448260.0,15500.0,1779342.0,74253.4,14942,79.33
V013,Spartan Horizon,Post-Panamax,4,9500,2021-09-01,2021,9,84071,Time Charter,Yang Ming,29.0,1.0,96.6,2438059.0,450030.0,0.0,1988029.0,81268.63,15001,81.54
V013,Spartan Horizon,Post-Panamax,4,9500,2021-10-01,2021,10,90600,Time Charter,MSC,29.2,0.8,97.26,2645520.0,435420.0,0.0,2210100.0,88184.0,14514,83.54
V013,Spartan Horizon,Post-Panamax,4,9500,2021-11-01,2021,11,97702,Time Charter,MSC,28.6,1.4,95.18,2794277.0,440040.0,0.0,2354237.0,93142.57,14668,84.25
V013,Spartan Horizon,Post-Panamax,4,9500,2021-12-01,2021,12,125556,Time Charter,Sinokor Merchant Marine,29.4,0.6,97.92,3691346.0,443520.0,0.0,3247826.0,123044.87,14784,87.98
V013,Spartan Horizon,Post-Panamax,5,9500,2022-01-01,2022,1,111997,Spot,MSC,28.9,1.1,96.28,3236713.0,459450.0,16905.0,2760358.0,107326.93,15315,85.28
V013,Spartan Horizon,Post-Panamax,5,9500,2022-02-01,2022,2,113206,Spot,MSC,29.5,0.5,98.49,3339577.0,449280.0,12261.0,2878036.0,110910.53,14976,86.18
V013,Spartan Horizon,Post-Panamax,5,9500,2022-03-01,2022,3,142161,Time Charter,ONE (Ocean Network Express),29.9,0.1,99.5,4250614.0,443340.0,0.0,3807274.0,141687.13,14778,89.57
V013,Spartan Horizon,Post-Panamax,5,9500,2022-04-01,2022,4,129228,Time Charter,MSC,29.3,0.7,97.69,3786380.0,457140.0,0.0,3329240.0,126212.67,15238,87.93
V013,Spartan Horizon,Post-Panamax,5,9500,2022-05-01,2022,5,123745,Time Charter,Zim Integrated Shipping,29.0,1.0,96.6,3588605.0,473700.0,0.0,3114905.0,119620.17,15790,86.8
V013,Spartan Horizon,Post-Panamax,5,9500,2022-06-01,2022,6,113701,Spot,Zim Integrated Shipping,29.3,0.7,97.66,3331439.0,456630.0,16187.0,2858622.0,110508.4,15221,85.81
V013,Spartan Horizon,Post-Panamax,5,9500,2022-07-01,2022,7,85328,Time Charter,Hapag-Lloyd,28.7,1.3,95.66,2448914.0,462450.0,0.0,1986464.0,81630.47,15415,81.12
V013,Spartan Horizon,Post-Panamax,5,9500,2022-08-01,2022,8,83004,Time Charter,KMTC,29.5,0.5,98.28,2448618.0,461790.0,0.0,1986828.0,81620.6,15393,81.14
V013,Spartan Horizon,Post-Panamax,5,9500,2022-09-01,2022,9,62082,Spot,CMA CGM,28.9,1.1,96.17,1794170.0,477330.0,14749.0,1302091.0,59314.03,15911,72.57
V013,Spartan Horizon,Post-Panamax,5,9500,2022-10-01,2022,10,53380,Time Charter,HMM,29.1,0.9,97.03,1553358.0,465120.0,0.0,1088238.0,51778.6,15504,70.06
V013,Spartan Horizon,Post-Panamax,5,9500,2022-11-01,2022,11,47197,Spot,Maersk Line,28.0,2.0,93.43,1321516.0,457470.0,16257.0,847789.0,43508.63,15249,64.15
V013,Spartan Horizon,Post-Panamax,5,9500,2022-12-01,2022,12,37623,Time Charter,PIL,29.2,0.8,97.29,1098592.0,452010.0,0.0,646582.0,36619.73,15067,58.86
V013,Spartan Horizon,Post-Panamax,6,9500,2023-01-01,2023,1,25503,Time Charter,HMM,28.1,1.9,93.73,716634.0,457920.0,0.0,258714.0,23887.8,15264,36.1
V013,Spartan Horizon,Post-Panamax,6,9500,2023-02-01,2023,2,22107,Time Charter,HMM,28.2,1.8,93.96,623417.0,474660.0,0.0,148757.0,20780.57,15822,23.86
V013,Spartan Horizon,Post-Panamax,6,9500,2023-03-01,2023,3,22649,Time Charter,Hapag-Lloyd,28.3,1.7,94.31,640967.0,462060.0,0.0,178907.0,21365.57,15402,27.91
V013,Spartan Horizon,Post-Panamax,6,9500,2023-04-01,2023,4,21235,Time Charter,Wan Hai Lines,28.1,1.9,93.68,596704.0,465720.0,0.0,130984.0,19890.13,15524,21.95
V013,Spartan Horizon,Post-Panamax,6,9500,2023-05-01,2023,5,19156,Spot,MSC,28.5,1.5,95.0,545946.0,469470.0,13557.0,62919.0,17746.3,15649,11.52
V013,Spartan Horizon,Post-Panamax,6,9500,2023-06-01,2023,6,17451,Time Charter,ONE (Ocean Network Express),27.4,2.6,91.48,478157.0,469140.0,0.0,9017.0,15938.57,15638,1.89
V013,Spartan Horizon,Post-Panamax,6,9500,2023-07-01,2023,7,16638,Time Charter,Hapag-Lloyd,27.4,2.6,91.43,455881.0,463620.0,0.0,-7739.0,15196.03,15454,-1.7
V013,Spartan Horizon,Post-Panamax,6,9500,2023-08-01,2023,8,14602,Time Charter,Sinokor Merchant Marine,27.9,2.1,93.06,407396.0,478290.0,0.0,-70894.0,13579.87,15943,-17.4
V013,Spartan Horizon,Post-Panamax,6,9500,2023-09-01,2023,9,20636,Time Charter,Wan Hai Lines,28.3,1.7,94.3,583999.0,474750.0,0.0,109249.0,19466.63,15825,18.71
V013,Spartan Horizon,Post-Panamax,6,9500,2023-10-01,2023,10,18987,Spot,KMTC,27.7,2.3,92.2,525940.0,465120.0,23577.0,37243.0,16745.43,15504,7.08
V013,Spartan Horizon,Post-Panamax,6,9500,2023-11-01,2023,11,20510,Spot,ONE (Ocean Network Express),28.2,1.8,94.13,578382.0,460290.0,19717.0,98375.0,18622.17,15343,17.01
V013,Spartan Horizon,Post-Panamax,6,9500,2023-12-01,2023,12,20594,Time Charter,Sinokor Merchant Marine,28.5,1.5,95.04,586929.0,469740.0,0.0,117189.0,19564.3,15658,19.97
V013,Spartan Horizon,Post-Panamax,7,9500,2024-01-01,2024,1,21062,Spot,Pacific International Lines,28.2,1.8,93.92,593948.0,463950.0,20828.0,109170.0,19104.0,15465,18.38
V013,Spartan Horizon,Post-Panamax,7,9500,2024-02-01,2024,2,19146,Spot,Zim Integrated Shipping,28.5,1.5,94.86,545661.0,480240.0,22259.0,43162.0,17446.73,16008,7.91
V013,Spartan Horizon,Post-Panamax,7,9500,2024-03-01,2024,3,22235,Time Charter,Maersk Line,27.3,2.7,91.0,607016.0,484740.0,0.0,122276.0,20233.87,16158,20.14
V013,Spartan Horizon,Post-Panamax,7,9500,2024-04-01,2024,4,23542,Time Charter,Evergreen Marine,27.7,2.3,92.42,652113.0,477600.0,0.0,174513.0,21737.1,15920,26.76
V013,Spartan Horizon,Post-Panamax,7,9500,2024-05-01,2024,5,24469,Time Charter,PIL,28.0,2.0,93.2,685132.0,483390.0,0.0,201742.0,22837.73,16113,29.45
V013,Spartan Horizon,Post-Panamax,7,9500,2024-06-01,2024,6,29293,Time Charter,Evergreen Marine,28.2,1.8,93.97,826063.0,475890.0,0.0,350173.0,27535.43,15863,42.39
V013,Spartan Horizon,Post-Panamax,7,9500,2024-07-01,2024,7,27153,Spot,Hapag-Lloyd,27.8,2.2,92.78,754853.0,473760.0,18480.0,262613.0,24545.77,15792,34.79
V013,Spartan Horizon,Post-Panamax,7,9500,2024-08-01,2024,8,24641,Spot,MSC,27.9,2.1,93.02,687484.0,486360.0,13130.0,187994.0,22478.47,16212,27.35
V013,Spartan Horizon,Post-Panamax,7,9500,2024-09-01,2024,9,25610,Spot,PIL,27.6,2.4,91.99,706836.0,472260.0,18982.0,215594.0,22928.47,15742,30.5
V013,Spartan Horizon,Post-Panamax,7,9500,2024-10-01,2024,10,24143,Time Charter,HMM,27.6,2.4,91.95,666347.0,476100.0,0.0,190247.0,22211.57,15870,28.55
V013,Spartan Horizon,Post-Panamax,7,9500,2024-11-01,2024,11,19826,Spot,COSCO Shipping,28.4,1.6,94.53,563058.0,488820.0,19629.0,54609.0,18114.3,16294,9.7
V013,Spartan Horizon,Post-Panamax,7,9500,2024-12-01,2024,12,23537,Time Charter,CMA CGM,27.6,2.4,92.08,649621.0,464880.0,0.0,184741.0,21654.03,15496,28.44
V014,Thessaloniki Max,Post-Panamax,1,10000,2020-01-01,2020,1,8229,Time Charter,Wan Hai Lines,26.2,3.8,87.21,215600.0,434910.0,0.0,-219310.0,7186.67,14497,-101.72
V014,Thessaloniki Max,Post-Panamax,1,10000,2020-02-01,2020,2,7432,Time Charter,Yang Ming,27.0,3.0,89.87,200664.0,432090.0,0.0,-231426.0,6688.8,14403,-115.33
V014,Thessaloniki Max,Post-Panamax,1,10000,2020-03-01,2020,3,7090,Time Charter,COSCO Shipping,26.9,3.1,89.59,190721.0,430170.0,0.0,-239449.0,6357.37,14339,-125.55
V014,Thessaloniki Max,Post-Panamax,1,10000,2020-04-01,2020,4,7908,Spot,Sinokor Merchant Marine,27.0,3.0,89.95,213516.0,439230.0,21691.0,-247405.0,6394.17,14641,-115.87
V014,Thessaloniki Max,Post-Panamax,1,10000,2020-05-01,2020,5,7390,Time Charter,MSC,26.2,3.8,87.28,193618.0,435780.0,0.0,-242162.0,6453.93,14526,-125.07
V014,Thessaloniki Max,Post-Panamax,1,10000,2020-06-01,2020,6,8356,Time Charter,Hapag-Lloyd,26.8,3.2,89.46,223941.0,424230.0,0.0,-200289.0,7464.7,14141,-89.44
V014,Thessaloniki Max,Post-Panamax,1,10000,2020-07-01,2020,7,11057,Spot,Sinokor Merchant Marine,26.6,3.4,88.63,294116.0,416520.0,17612.0,-140016.0,9216.8,13884,-47.61
V014,Thessaloniki Max,Post-Panamax,1,10000,2020-08-01,2020,8,9996,Time Charter,HMM,28.5,1.5,94.96,284886.0,429060.0,0.0,-144174.0,9496.2,14302,-50.61
V014,Thessaloniki Max,Post-Panamax,1,10000,2020-09-01,2020,9,12941,Time Charter,Hapag-Lloyd,27.9,2.1,92.86,361054.0,430620.0,0.0,-69566.0,12035.13,14354,-19.27
V014,Thessaloniki Max,Post-Panamax,1,10000,2020-10-01,2020,10,14408,Spot,MSC,28.0,2.0,93.38,403424.0,450330.0,13659.0,-60565.0,12992.17,15011,-15.01
V014,Thessaloniki Max,Post-Panamax,1,10000,2020-11-01,2020,11,14203,Time Charter,KMTC,27.6,2.4,92.16,392003.0,423960.0,0.0,-31957.0,13066.77,14132,-8.15
V014,Thessaloniki Max,Post-Panamax,1,10000,2020-12-01,2020,12,19396,Time Charter,Evergreen Marine,27.5,2.5,91.53,533390.0,428820.0,0.0,104570.0,17779.67,14294,19.6
V014,Thessaloniki Max,Post-Panamax,2,10000,2021-01-01,2021,1,20081,Spot,PIL,27.7,2.3,92.35,556244.0,433920.0,15689.0,106635.0,18018.5,14464,19.17
V014,Thessaloniki Max,Post-Panamax,2,10000,2021-02-01,2021,2,26020,Time Charter,COSCO Shipping,28.4,1.6,94.75,738968.0,443460.0,0.0,295508.0,24632.27,14782,39.99
V014,Thessaloniki Max,Post-Panamax,2,10000,2021-03-01,2021,3,32418,Spot,KMTC,27.7,2.3,92.17,897979.0,453570.0,16720.0,427689.0,29375.3,15119,47.63
V014,Thessaloniki Max,Post-Panamax,2,10000,2021-04-01,2021,4,33216,Time Charter,ONE (Ocean Network Express),28.6,1.4,95.22,949978.0,426630.0,0.0,523348.0,31665.93,14221,55.09
V014,Thessaloniki Max,Post-Panamax,2,10000,2021-05-01,2021,5,43327,Time Charter,Sinokor Merchant Marine,29.3,0.7,97.79,1269481.0,443490.0,0.0,825991.0,42316.03,14783,65.07
V014,Thessaloniki Max,Post-Panamax,2,10000,2021-06-01,2021,6,54433,Spot,HMM,29.5,0.5,98.37,1605774.0,462480.0,20397.0,1122897.0,52845.9,15416,69.93
V014,Thessaloniki Max,Post-Panamax,2,10000,2021-07-01,2021,7,59913,Spot,KMTC,29.1,0.9,96.87,1743468.0,454200.0,19420.0,1269848.0,57468.27,15140,72.83
V014,Thessaloniki Max,Post-Panamax,2,10000,2021-08-01,2021,8,74124,Spot,Sinokor Merchant Marine,29.3,0.7,97.62,2171833.0,454530.0,16629.0,1700674.0,71840.13,15151,78.31
V014,Thessaloniki Max,Post-Panamax,2,10000,2021-09-01,2021,9,84946,Spot,PIL,29.0,1.0,96.57,2463434.0,453900.0,24825.0,1984709.0,81286.97,15130,80.57
V014,Thessaloniki Max,Post-Panamax,2,10000,2021-10-01,2021,10,85567,Time Charter,PIL,29.1,0.9,96.85,2490000.0,442440.0,0.0,2047560.0,83000.0,14748,82.23
V014,Thessaloniki Max,Post-Panamax,2,10000,2021-11-01,2021,11,107352,Time Charter,Wan Hai Lines,29.4,0.6,97.99,3156149.0,450270.0,0.0,2705879.0,105204.97,15009,85.73
V014,Thessaloniki Max,Post-Panamax,2,10000,2021-12-01,2021,12,112669,Time Charter,Wan Hai Lines,29.7,0.3,98.91,3346269.0,442770.0,0.0,2903499.0,111542.3,14759,86.77
V014,Thessaloniki Max,Post-Panamax,3,10000,2022-01-01,2022,1,102806,Time Charter,HMM,29.6,0.4,98.58,3043058.0,473010.0,0.0,2570048.0,101435.27,15767,84.46
V014,Thessaloniki Max,Post-Panamax,3,10000,2022-02-01,2022,2,119276,Spot,Maersk Line,29.4,0.6,97.98,3506714.0,473760.0,19875.0,3013079.0,116227.97,15792,85.92
V014,Thessaloniki Max,Post-Panamax,3,10000,2022-03-01,2022,3,137460,Spot,PIL,29.6,0.4,98.58,4068816.0,450630.0,15084.0,3603102.0,135124.4,15021,88.55
V014,Thessaloniki Max,Post-Panamax,3,10000,2022-04-01,2022,4,137545,Spot,Pacific International Lines,29.6,0.4,98.6,4071332.0,460020.0,13323.0,3597989.0,135266.97,15334,88.37
V014,Thessaloniki Max,Post-Panamax,3,10000,2022-05-01,2022,5,131302,Time Charter,Wan Hai Lines,29.6,0.4,98.77,3886539.0,455010.0,0.0,3431529.0,129551.3,15167,88.29
V014,Thessaloniki Max,Post-Panamax,3,10000,2022-06-01,2022,6,110085,Spot,Sinokor Merchant Marine,29.9,0.1,99.5,3291542.0,450060.0,13987.0,2827495.0,109251.83,15002,85.9
V014,Thessaloniki Max,Post-Panamax,3,10000,2022-07-01,2022,7,102092,Spot,Zim Integrated Shipping,29.9,0.1,99.5,3052551.0,430050.0,15197.0,2607304.0,101245.13,14335,85.41
V014,Thessaloniki Max,Post-Panamax,3,10000,2022-08-01,2022,8,79142,Time Charter,Evergreen Marine,29.1,0.9,97.09,2303032.0,462420.0,0.0,1840612.0,76767.73,15414,79.92
V014,Thessaloniki Max,Post-Panamax,3,10000,2022-09-01,2022,9,64838,Spot,Maersk Line,29.0,1.0,96.74,1880302.0,457440.0,14089.0,1408773.0,62207.1,15248,74.92
V014,Thessaloniki Max,Post-Panamax,3,10000,2022-10-01,2022,10,52748,Spot,CMA CGM,29.1,0.9,96.92,1534967.0,470700.0,14425.0,1049842.0,50684.73,15690,68.4
V014,Thessaloniki Max,Post-Panamax,3,10000,2022-11-01,2022,11,46791,Time Charter,Evergreen Marine,29.5,0.5,98.48,1380334.0,455310.0,0.0,925024.0,46011.13,15177,67.01
V014,Thessaloniki Max,Post-Panamax,3,10000,2022-12-01,2022,12,40060,Time Charter,Zim Integrated Shipping,29.1,0.9,97.0,1165746.0,463470.0,0.0,702276.0,38858.2,15449,60.24
V014,Thessaloniki Max,Post-Panamax,4,10000,2023-01-01,2023,1,23861,Time Charter,KMTC,27.7,2.3,92.34,660950.0,457560.0,0.0,203390.0,22031.67,15252,30.77
V014,Thessaloniki Max,Post-Panamax,4,10000,2023-02-01,2023,2,24126,Spot,Evergreen Marine,28.2,1.8,94.12,680353.0,467130.0,15706.0,197517.0,22154.9,15571,29.03
V014,Thessaloniki Max,Post-Panamax,4,10000,2023-03-01,2023,3,23162,Time Charter,Pacific International Lines,28.6,1.4,95.24,662433.0,479310.0,0.0,183123.0,22081.1,15977,27.64
V014,Thessaloniki Max,Post-Panamax,4,10000,2023-04-01,2023,4,20766,Time Charter,Hapag-Lloyd,28.2,1.8,93.96,585601.0,472230.0,0.0,113371.0,19520.03,15741,19.36
V014,Thessaloniki Max,Post-Panamax,4,10000,2023-05-01,2023,5,18802,Time Charter,Hapag-Lloyd,28.6,1.4,95.27,537737.0,474960.0,0.0,62777.0,17924.57,15832,11.67
V014,Thessaloniki Max,Post-Panamax,4,10000,2023-06-01,2023,6,16029,Spot,Maersk Line,27.9,2.1,92.88,447209.0,469860.0,14254.0,-36905.0,14431.83,15662,-8.25
V014,Thessaloniki Max,Post-Panamax,4,10000,2023-07-01,2023,7,17068,Time Charter,CMA CGM,27.7,2.3,92.23,472784.0,464340.0,0.0,8444.0,15759.47,15478,1.79
V014,Thessaloniki Max,Post-Panamax,4,10000,2023-08-01,2023,8,19694,Spot,Sinokor Merchant Marine,28.4,1.6,94.77,559310.0,457050.0,23658.0,78602.0,17855.07,15235,14.05
V014,Thessaloniki Max,Post-Panamax,4,10000,2023-09-01,2023,9,20736,Time Charter,CMA CGM,27.3,2.7,90.87,566093.0,484950.0,0.0,81143.0,18869.77,16165,14.33
V014,Thessaloniki Max,Post-Panamax,4,10000,2023-10-01,2023,10,18538,Spot,PIL,27.9,2.1,93.1,517210.0,457620.0,13043.0,46547.0,16805.57,15254,9.0
V014,Thessaloniki Max,Post-Panamax,4,10000,2023-11-01,2023,11,19626,Time Charter,Wan Hai Lines,27.5,2.5,91.81,539715.0,447060.0,0.0,92655.0,17990.5,14902,17.17
V014,Thessaloniki Max,Post-Panamax,4,10000,2023-12-01,2023,12,19352,Time Charter,ONE (Ocean Network Express),27.6,2.4,91.91,534115.0,464670.0,0.0,69445.0,17803.83,15489,13.0
V014,Thessaloniki Max,Post-Panamax,5,10000,2024-01-01,2024,1,18957,Spot,MSC,27.8,2.2,92.82,527005.0,466950.0,18819.0,41236.0,16939.53,15565,7.82
V014,Thessaloniki Max,Post-Panamax,5,10000,2024-02-01,2024,2,22500,Spot,CMA CGM,28.1,1.9,93.74,632250.0,475890.0,17335.0,139025.0,20497.17,15863,21.99
V014,Thessaloniki Max,Post-Panamax,5,10000,2024-03-01,2024,3,23035,Spot,Zim Integrated Shipping,28.0,2.0,93.46,644980.0,471780.0,24771.0,148429.0,20673.63,15726,23.01
V014,Thessaloniki Max,Post-Panamax,5,10000,2024-04-01,2024,4,25099,Spot,Wan Hai Lines,28.0,2.0,93.41,702772.0,479730.0,13457.0,209585.0,22977.17,15991,29.82
V014,Thessaloniki Max,Post-Panamax,5,10000,2024-05-01,2024,5,24840,Spot,Maersk Line,27.6,2.4,92.04,685584.0,485700.0,17172.0,182712.0,22280.4,16190,26.65
V014,Thessaloniki Max,Post-Panamax,5,10000,2024-06-01,2024,6,28467,Time Charter,MSC,27.4,2.6,91.43,779996.0,483270.0,0.0,296726.0,25999.87,16109,38.04
V014,Thessaloniki Max,Post-Panamax,5,10000,2024-07-01,2024,7,25314,Spot,Zim Integrated Shipping,29.1,0.9,97.05,736637.0,472470.0,24603.0,239564.0,23734.47,15749,32.52
V014,Thessaloniki Max,Post-Panamax,5,10000,2024-08-01,2024,8,23905,Time Charter,HMM,28.0,2.0,93.18,669340.0,478260.0,0.0,191080.0,22311.33,15942,28.55
V014,Thessaloniki Max,Post-Panamax,5,10000,2024-09-01,2024,9,24538,Time Charter,COSCO Shipping,27.8,2.2,92.67,682156.0,474990.0,0.0,207166.0,22738.53,15833,30.37
V014,Thessaloniki Max,Post-Panamax,5,10000,2024-10-01,2024,10,24374,Spot,ONE (Ocean Network Express),28.1,1.9,93.66,684909.0,491190.0,23252.0,170467.0,22055.23,16373,24.89
V014,Thessaloniki Max,Post-Panamax,5,10000,2024-11-01,2024,11,23612,Spot,ONE (Ocean Network Express),27.9,2.1,93.06,658775.0,492750.0,22622.0,143403.0,21205.1,16425,21.77
V014,Thessaloniki Max,Post-Panamax,5,10000,2024-12-01,2024,12,22507,Time Charter,Yang Ming,28.2,1.8,93.91,634697.0,471630.0,0.0,163067.0,21156.57,15721,25.69
V015,Rhodes Colossus,Post-Panamax,1,12000,2022-01-01,2022,1,108063,Spot,Hapag-Lloyd,29.3,0.7,97.73,3166246.0,457140.0,15353.0,2693753.0,105029.77,15238,85.08
V015,Rhodes Colossus,Post-Panamax,1,12000,2022-02-01,2022,2,134952,Spot,CMA CGM,28.9,1.1,96.47,3900113.0,449280.0,14222.0,3436611.0,129529.7,14976,88.12
V015,Rhodes Colossus,Post-Panamax,1,12000,2022-03-01,2022,3,136612,Spot,Hapag-Lloyd,29.0,1.0,96.67,3961748.0,453810.0,20692.0,3487246.0,131368.53,15127,88.02
V015,Rhodes Colossus,Post-Panamax,1,12000,2022-04-01,2022,4,148854,Spot,Evergreen Marine,29.4,0.6,97.88,4376308.0,453990.0,24082.0,3898236.0,145074.2,15133,89.08
V015,Rhodes Colossus,Post-Panamax,1,12000,2022-05-01,2022,5,118631,Spot,Zim Integrated Shipping,29.3,0.7,97.76,3475888.0,442800.0,19238.0,3013850.0,115221.67,14760,86.71
V015,Rhodes Colossus,Post-Panamax,1,12000,2022-06-01,2022,6,108789,Spot,Hapag-Lloyd,28.9,1.1,96.46,3144002.0,463620.0,19431.0,2660951.0,104152.37,15454,84.64
V015,Rhodes Colossus,Post-Panamax,1,12000,2022-07-01,2022,7,90887,Spot,KMTC,29.3,0.7,97.63,2662989.0,460110.0,15640.0,2187239.0,88244.97,15337,82.13
V015,Rhodes Colossus,Post-Panamax,1,12000,2022-08-01,2022,8,81143,Spot,PIL,28.8,1.2,96.13,2336918.0,456540.0,22003.0,1858375.0,77163.83,15218,79.52
V015,Rhodes Colossus,Post-Panamax,1,12000,2022-09-01,2022,9,62431,Time Charter,PIL,29.2,0.8,97.46,1822985.0,446010.0,0.0,1376975.0,60766.17,14867,75.53
V015,Rhodes Colossus,Post-Panamax,1,12000,2022-10-01,2022,10,54658,Time Charter,MSC,29.6,0.4,98.65,1617877.0,452760.0,0.0,1165117.0,53929.23,15092,72.02
V015,Rhodes Colossus,Post-Panamax,1,12000,2022-11-01,2022,11,44222,Time Charter,Pacific International Lines,29.2,0.8,97.48,1291282.0,437070.0,0.0,854212.0,43042.73,14569,66.15
V015,Rhodes Colossus,Post-Panamax,1,12000,2022-12-01,2022,12,36906,Time Charter,Maersk Line,29.5,0.5,98.21,1088727.0,456480.0,0.0,632247.0,36290.9,15216,58.07
V015,Rhodes Colossus,Post-Panamax,2,12000,2023-01-01,2023,1,24826,Time Charter,CMA CGM,27.8,2.2,92.72,690163.0,473370.0,0.0,216793.0,23005.43,15779,31.41
V015,Rhodes Colossus,Post-Panamax,2,12000,2023-02-01,2023,2,21940,Time Charter,CMA CGM,28.1,1.9,93.72,616514.0,455430.0,0.0,161084.0,20550.47,15181,26.13
V015,Rhodes Colossus,Post-Panamax,2,12000,2023-03-01,2023,3,21117,Time Charter,KMTC,27.1,2.9,90.38,572271.0,470910.0,0.0,101361.0,19075.7,15697,17.71
V015,Rhodes Colossus,Post-Panamax,2,12000,2023-04-01,2023,4,21816,Spot,PIL,28.4,1.6,94.59,619574.0,463290.0,14432.0,141852.0,20171.4,15443,22.9
V015,Rhodes Colossus,Post-Panamax,2,12000,2023-05-01,2023,5,17711,Time Charter,Maersk Line,27.7,2.3,92.35,490595.0,460890.0,0.0,29705.0,16353.17,15363,6.05
V015,Rhodes Colossus,Post-Panamax,2,12000,2023-06-01,2023,6,17811,Time Charter,Wan Hai Lines,27.5,2.5,91.57,489802.0,464100.0,0.0,25702.0,16326.73,15470,5.25
V015,Rhodes Colossus,Post-Panamax,2,12000,2023-07-01,2023,7,16658,Time Charter,MSC,27.2,2.8,90.82,453098.0,459540.0,0.0,-6442.0,15103.27,15318,-1.42
V015,Rhodes Colossus,Post-Panamax,2,12000,2023-08-01,2023,8,19224,Time Charter,Evergreen Marine,27.4,2.6,91.43,526738.0,486390.0,0.0,40348.0,17557.93,16213,7.66
V015,Rhodes Colossus,Post-Panamax,2,12000,2023-09-01,2023,9,19853,Time Charter,Yang Ming,27.7,2.3,92.31,549928.0,471750.0,0.0,78178.0,18330.93,15725,14.22
V015,Rhodes Colossus,Post-Panamax,2,12000,2023-10-01,2023,10,22830,Spot,Wan Hai Lines,27.9,2.1,92.94,636957.0,471720.0,16208.0,149029.0,20691.63,15724,23.4
V015,Rhodes Colossus,Post-Panamax,2,12000,2023-11-01,2023,11,18966,Time Charter,ONE (Ocean Network Express),27.7,2.3,92.44,525358.0,466080.0,0.0,59278.0,17511.93,15536,11.28
V015,Rhodes Colossus,Post-Panamax,2,12000,2023-12-01,2023,12,21357,Time Charter,Yang Ming,27.8,2.2,92.5,593725.0,474210.0,0.0,119515.0,19790.83,15807,20.13
V015,Rhodes Colossus,Post-Panamax,3,12000,2024-01-01,2024,1,20253,Time Charter,PIL,27.8,2.2,92.55,563033.0,482490.0,0.0,80543.0,18767.77,16083,14.31
V015,Rhodes Colossus,Post-Panamax,3,12000,2024-02-01,2024,2,21238,Time Charter,Yang Ming,28.4,1.6,94.7,603159.0,473790.0,0.0,129369.0,20105.3,15793,21.45
V015,Rhodes Colossus,Post-Panamax,3,12000,2024-03-01,2024,3,21919,Time Charter,ONE (Ocean Network Express),28.0,2.0,93.27,613732.0,481020.0,0.0,132712.0,20457.73,16034,21.62
V015,Rhodes Colossus,Post-Panamax,3,12000,2024-04-01,2024,4,23360,Spot,Evergreen Marine,28.2,1.8,94.08,658752.0,477300.0,17531.0,163921.0,21374.03,15910,24.88
V015,Rhodes Colossus,Post-Panamax,3,12000,2024-05-01,2024,5,25528,Time Charter,COSCO Shipping,28.6,1.4,95.24,730101.0,491220.0,0.0,238881.0,24336.7,16374,32.72
V015,Rhodes Colossus,Post-Panamax,3,12000,2024-06-01,2024,6,28588,Spot,KMTC,28.0,2.0,93.41,800464.0,487890.0,18599.0,293975.0,26062.17,16263,36.73
V015,Rhodes Colossus,Post-Panamax,3,12000,2024-07-01,2024,7,23967,Spot,HMM,27.9,2.1,92.95,668679.0,466140.0,15151.0,187388.0,21784.27,15538,28.02
V015,Rhodes Colossus,Post-Panamax,3,12000,2024-08-01,2024,8,23088,Time Charter,MSC,27.9,2.1,92.89,644155.0,465600.0,0.0,178555.0,21471.83,15520,27.72
V015,Rhodes Colossus,Post-Panamax,3,12000,2024-09-01,2024,9,22536,Spot,Hapag-Lloyd,27.6,2.4,92.02,621994.0,470670.0,13493.0,137831.0,20283.37,15689,22.16
V015,Rhodes Colossus,Post-Panamax,3,12000,2024-10-01,2024,10,22729,Time Charter,ONE (Ocean Network Express),28.2,1.8,94.02,640958.0,484710.0,0.0,156248.0,21365.27,16157,24.38
V015,Rhodes Colossus,Post-Panamax,3,12000,2024-11-01,2024,11,21565,Time Charter,MSC,28.2,1.8,94.17,608133.0,464460.0,0.0,143673.0,20271.1,15482,23.63
V015,Rhodes Colossus,Post-Panamax,3,12000,2024-12-01,2024,12,23999,Time Charter,Evergreen Marine,28.4,1.6,94.53,681572.0,486720.0,0.0,194852.0,22719.07,16224,28.59
